[0m08:45:26.830268 [debug] [MainThread]: Sending event: {'category': 'dbt', 'action': 'invocation', 'label': 'start', 'context': [<snowplow_tracker.self_describing_json.SelfDescribingJson object at 0x76da9410f770>, <snowplow_tracker.self_describing_json.SelfDescribingJson object at 0x76da929cbed0>, <snowplow_tracker.self_describing_json.SelfDescribingJson object at 0x76da929cb9d0>]}


============================== 08:45:26.839451 | 4cf9c0cd-0d26-49a4-9ddf-0f1a8243009c ==============================
[0m08:45:26.839451 [info ] [MainThread]: Running with dbt=1.12.5
[0m08:45:26.841079 [debug] [MainThread]: running dbt with arguments {'send_anonymous_usage_stats': 'True', 'log_path': '/opt/airflow/walmart_project/logs', 'indirect_selection': 'eager', 'warn_error_options': 'WarnErrorOptionsV2(error=[], warn=[], silence=[])', 'use_experimental_parser': 'False', 'log_cache_events': 'False', 'invocation_command': 'dbt source freshness', 'static_parser': 'True', 'log_format': 'default', 'version_check': 'True', 'empty': 'None', 'fail_fast': 'False', 'maximum_seed_size_mib': '1', 'quiet': 'False', 'target_path': 'None', 'introspect': 'True', 'warn_error': 'None', 'no_print': 'None', 'printer_width': '80', 'use_colors': 'True', 'cache_selected_only': 'False', 'partial_parse': 'True', 'write_json': 'True', 'hints_enabled': 'True', 'profiles_dir': '/opt/airflow/walmart_project', 'debug': 'False'}
[0m08:45:28.120665 [debug] [MainThread]: Spark adapter: Setting pyhive.hive logging to ERROR
[0m08:45:28.124758 [debug] [MainThread]: Spark adapter: Setting thrift.transport logging to ERROR
[0m08:45:28.125767 [debug] [MainThread]: Spark adapter: Setting thrift.protocol logging to ERROR
[0m08:45:29.541659 [debug] [MainThread]: Sending event: {'category': 'dbt', 'action': 'project_id', 'label': '4cf9c0cd-0d26-49a4-9ddf-0f1a8243009c', 'context': [<snowplow_tracker.self_describing_json.SelfDescribingJson object at 0x76da93c49a70>]}
[0m08:45:29.640377 [debug] [MainThread]: Sending event: {'category': 'dbt', 'action': 'adapter_info', 'label': '4cf9c0cd-0d26-49a4-9ddf-0f1a8243009c', 'context': [<snowplow_tracker.self_describing_json.SelfDescribingJson object at 0x76da940a8e20>]}
[0m08:45:29.642764 [info ] [MainThread]: Registered adapter: databricks=1.10.9
[0m08:45:29.815098 [debug] [MainThread]: checksum: c6692066af086a4208ee6a2d343b9da3ce9763b98f9383873b954800d1e1f71c, vars: {}, profile: walmart_project, target: dev, version: 1.12.5
[0m08:45:29.820454 [info ] [MainThread]: Unable to do partial parsing because saved manifest not found. Starting full parse.
[0m08:45:29.821458 [debug] [MainThread]: Sending event: {'category': 'dbt', 'action': 'partial_parser', 'label': '4cf9c0cd-0d26-49a4-9ddf-0f1a8243009c', 'context': [<snowplow_tracker.self_describing_json.SelfDescribingJson object at 0x76da76e78050>]}
[0m08:45:35.060133 [debug] [MainThread]: Sending event: {'category': 'dbt', 'action': 'load_project', 'label': '4cf9c0cd-0d26-49a4-9ddf-0f1a8243009c', 'context': [<snowplow_tracker.self_describing_json.SelfDescribingJson object at 0x76da771db200>]}
[0m08:45:35.337083 [debug] [MainThread]: Wrote artifact WritableManifest to /opt/airflow/walmart_project/target/manifest.json
[0m08:45:35.369421 [debug] [MainThread]: Wrote artifact SemanticManifest to /opt/airflow/walmart_project/target/semantic_manifest.json
[0m08:45:35.416627 [debug] [MainThread]: Wrote artifact OsiDocument to /opt/airflow/walmart_project/target/osi_document.json
[0m08:45:35.455017 [debug] [MainThread]: Sending event: {'category': 'dbt', 'action': 'resource_counts', 'label': '4cf9c0cd-0d26-49a4-9ddf-0f1a8243009c', 'context': [<snowplow_tracker.self_describing_json.SelfDescribingJson object at 0x76da76c37e70>]}
[0m08:45:35.457130 [info ] [MainThread]: Found 13 models, 1 analysis, 5 data tests, 5 snapshots, 6 sources, 727 macros
[0m08:45:35.459294 [debug] [MainThread]: Sending event: {'category': 'dbt', 'action': 'runnable_timing', 'label': '4cf9c0cd-0d26-49a4-9ddf-0f1a8243009c', 'context': [<snowplow_tracker.self_describing_json.SelfDescribingJson object at 0x76da75d73790>]}
[0m08:45:35.469042 [warn ] [MainThread]: [[33mWARNING[0m]: Nothing to do. Try checking your model configs and model specification args
[0m08:45:35.604879 [debug] [MainThread]: Wrote artifact WritableManifest to /opt/airflow/walmart_project/target/manifest.json
[0m08:45:35.622350 [debug] [MainThread]: Wrote artifact SemanticManifest to /opt/airflow/walmart_project/target/semantic_manifest.json
[0m08:45:35.630040 [debug] [MainThread]: Wrote artifact OsiDocument to /opt/airflow/walmart_project/target/osi_document.json
[0m08:45:35.641081 [debug] [MainThread]: Wrote artifact FreshnessResult to /opt/airflow/walmart_project/target/sources.json
[0m08:45:35.642051 [info ] [MainThread]: Done.
[0m08:45:35.644593 [debug] [MainThread]: Resource report: {"command_name": "freshness", "command_success": true, "command_wall_clock_time": 8.9660015, "process_in_blocks": "72", "process_kernel_time": 2.085275, "process_mem_max_rss": "266616", "process_out_blocks": "0", "process_user_time": 11.203727}
[0m08:45:35.646338 [debug] [MainThread]: Command `dbt source freshness` succeeded at 08:45:35.646067 after 8.97 seconds
[0m08:45:35.647552 [debug] [MainThread]: Sending event: {'category': 'dbt', 'action': 'invocation', 'label': 'end', 'context': [<snowplow_tracker.self_describing_json.SelfDescribingJson object at 0x76da92c31490>, <snowplow_tracker.self_describing_json.SelfDescribingJson object at 0x76da75dacc00>, <snowplow_tracker.self_describing_json.SelfDescribingJson object at 0x76da75daccb0>]}
[0m08:45:35.648564 [debug] [MainThread]: Flushing usage events
[0m08:45:36.694911 [debug] [MainThread]: Sending event: {'category': 'dbt', 'action': 'invocation', 'label': 'start', 'context': [<snowplow_tracker.self_describing_json.SelfDescribingJson object at 0x74ff39b43770>, <snowplow_tracker.self_describing_json.SelfDescribingJson object at 0x74ff383fbed0>, <snowplow_tracker.self_describing_json.SelfDescribingJson object at 0x74ff383fbb10>]}


============================== 08:45:36.699059 | a988e99a-1226-43f9-81e8-e25916dcaa99 ==============================
[0m08:45:36.699059 [info ] [MainThread]: Running with dbt=1.12.5
[0m08:45:36.699919 [debug] [MainThread]: running dbt with arguments {'introspect': 'True', 'send_anonymous_usage_stats': 'True', 'fail_fast': 'False', 'static_parser': 'True', 'empty': 'False', 'warn_error_options': 'WarnErrorOptionsV2(error=[], warn=[], silence=[])', 'profiles_dir': '/opt/airflow/walmart_project', 'warn_error': 'None', 'indirect_selection': 'eager', 'target_path': 'None', 'log_cache_events': 'False', 'printer_width': '80', 'write_json': 'True', 'no_print': 'None', 'log_path': '/opt/airflow/walmart_project/logs', 'cache_selected_only': 'False', 'invocation_command': 'dbt run --select gold/fact', 'hints_enabled': 'True', 'version_check': 'True', 'maximum_seed_size_mib': '1', 'debug': 'False', 'log_format': 'default', 'use_experimental_parser': 'False', 'partial_parse': 'True', 'quiet': 'False', 'use_colors': 'True'}
[0m08:45:36.718470 [debug] [MainThread]: An error was encountered while trying to flush usage events
[0m08:45:38.086977 [debug] [MainThread]: Spark adapter: Setting pyhive.hive logging to ERROR
[0m08:45:38.087885 [debug] [MainThread]: Spark adapter: Setting thrift.transport logging to ERROR
[0m08:45:38.088511 [debug] [MainThread]: Spark adapter: Setting thrift.protocol logging to ERROR
[0m08:45:38.842578 [debug] [MainThread]: Sending event: {'category': 'dbt', 'action': 'project_id', 'label': 'a988e99a-1226-43f9-81e8-e25916dcaa99', 'context': [<snowplow_tracker.self_describing_json.SelfDescribingJson object at 0x74ff39679a70>]}
[0m08:45:38.913373 [debug] [MainThread]: Sending event: {'category': 'dbt', 'action': 'adapter_info', 'label': 'a988e99a-1226-43f9-81e8-e25916dcaa99', 'context': [<snowplow_tracker.self_describing_json.SelfDescribingJson object at 0x74ff39adce20>]}
[0m08:45:38.915287 [info ] [MainThread]: Registered adapter: databricks=1.10.9
[0m08:45:39.026421 [debug] [MainThread]: checksum: c6692066af086a4208ee6a2d343b9da3ce9763b98f9383873b954800d1e1f71c, vars: {}, profile: walmart_project, target: dev, version: 1.12.5
[0m08:45:39.614084 [debug] [MainThread]: Partial parsing enabled: 0 files deleted, 0 files added, 0 files changed.
[0m08:45:39.615139 [debug] [MainThread]: Nothing changed, skipping partial parsing.
[0m08:45:39.615979 [debug] [MainThread]: Partial parsing enabled, no changes found, skipping parsing
[0m08:45:39.639260 [debug] [MainThread]: Sending event: {'category': 'dbt', 'action': 'load_project', 'label': 'a988e99a-1226-43f9-81e8-e25916dcaa99', 'context': [<snowplow_tracker.self_describing_json.SelfDescribingJson object at 0x74ff205d5b50>]}
[0m08:45:40.039304 [debug] [MainThread]: Wrote artifact WritableManifest to /opt/airflow/walmart_project/target/manifest.json
[0m08:45:40.049468 [debug] [MainThread]: Wrote artifact SemanticManifest to /opt/airflow/walmart_project/target/semantic_manifest.json
[0m08:45:40.071913 [debug] [MainThread]: Wrote artifact OsiDocument to /opt/airflow/walmart_project/target/osi_document.json
[0m08:45:40.418921 [debug] [MainThread]: Sending event: {'category': 'dbt', 'action': 'resource_counts', 'label': 'a988e99a-1226-43f9-81e8-e25916dcaa99', 'context': [<snowplow_tracker.self_describing_json.SelfDescribingJson object at 0x74ff20503980>]}
[0m08:45:40.420117 [info ] [MainThread]: Found 13 models, 1 analysis, 5 data tests, 5 snapshots, 6 sources, 727 macros
[0m08:45:40.421170 [debug] [MainThread]: Sending event: {'category': 'dbt', 'action': 'runnable_timing', 'label': 'a988e99a-1226-43f9-81e8-e25916dcaa99', 'context': [<snowplow_tracker.self_describing_json.SelfDescribingJson object at 0x74ff20559470>]}
[0m08:45:40.424847 [warn ] [MainThread]: [[33mWARNING[0m]: The selection criterion 'gold/fact' does not match any enabled nodes
[0m08:45:40.430641 [warn ] [MainThread]: [[33mWARNING[0m]: Nothing to do. Try checking your model configs and model specification args
[0m08:45:40.436908 [debug] [MainThread]: Command end result
[0m08:45:40.557332 [debug] [MainThread]: Wrote artifact WritableManifest to /opt/airflow/walmart_project/target/manifest.json
[0m08:45:40.577717 [debug] [MainThread]: Wrote artifact SemanticManifest to /opt/airflow/walmart_project/target/semantic_manifest.json
[0m08:45:40.587288 [debug] [MainThread]: Wrote artifact OsiDocument to /opt/airflow/walmart_project/target/osi_document.json
[0m08:45:40.598405 [debug] [MainThread]: Wrote artifact RunExecutionResult to /opt/airflow/walmart_project/target/run_results.json
[0m08:45:40.600898 [debug] [MainThread]: Resource report: {"command_name": "run", "command_success": true, "command_wall_clock_time": 4.108974, "process_in_blocks": "0", "process_kernel_time": 0.603817, "process_mem_max_rss": "252732", "process_out_blocks": "0", "process_user_time": 5.669403}
[0m08:45:40.603266 [debug] [MainThread]: Command `dbt run` succeeded at 08:45:40.602982 after 4.11 seconds
[0m08:45:40.604734 [debug] [MainThread]: Sending event: {'category': 'dbt', 'action': 'invocation', 'label': 'end', 'context': [<snowplow_tracker.self_describing_json.SelfDescribingJson object at 0x74ff2058c7a0>, <snowplow_tracker.self_describing_json.SelfDescribingJson object at 0x74ff38661490>, <snowplow_tracker.self_describing_json.SelfDescribingJson object at 0x74ff2082a150>]}
[0m08:45:40.605985 [debug] [MainThread]: Flushing usage events
[0m08:45:41.666190 [debug] [MainThread]: An error was encountered while trying to flush usage events
[0m08:45:42.723873 [debug] [MainThread]: Sending event: {'category': 'dbt', 'action': 'invocation', 'label': 'start', 'context': [<snowplow_tracker.self_describing_json.SelfDescribingJson object at 0x7fcb89c8f770>, <snowplow_tracker.self_describing_json.SelfDescribingJson object at 0x7fcb8870bed0>, <snowplow_tracker.self_describing_json.SelfDescribingJson object at 0x7fcb8870bb10>]}


============================== 08:45:42.730346 | dc4fa711-5eab-44f5-9908-d01141673c27 ==============================
[0m08:45:42.730346 [info ] [MainThread]: Running with dbt=1.12.5
[0m08:45:42.733507 [debug] [MainThread]: running dbt with arguments {'hints_enabled': 'True', 'no_print': 'None', 'target_path': 'None', 'introspect': 'True', 'warn_error': 'None', 'indirect_selection': 'eager', 'empty': 'False', 'maximum_seed_size_mib': '1', 'profiles_dir': '/opt/airflow/walmart_project', 'static_parser': 'True', 'version_check': 'True', 'use_experimental_parser': 'False', 'log_cache_events': 'False', 'fail_fast': 'False', 'partial_parse': 'True', 'send_anonymous_usage_stats': 'True', 'warn_error_options': 'WarnErrorOptionsV2(error=[], warn=[], silence=[])', 'write_json': 'True', 'debug': 'False', 'printer_width': '80', 'cache_selected_only': 'False', 'log_path': '/opt/airflow/walmart_project/logs', 'invocation_command': 'dbt run --select silver_t', 'use_colors': 'True', 'log_format': 'default', 'quiet': 'False'}
[0m08:45:43.910847 [debug] [MainThread]: Spark adapter: Setting pyhive.hive logging to ERROR
[0m08:45:43.912445 [debug] [MainThread]: Spark adapter: Setting thrift.transport logging to ERROR
[0m08:45:43.913831 [debug] [MainThread]: Spark adapter: Setting thrift.protocol logging to ERROR
[0m08:45:44.818947 [debug] [MainThread]: Sending event: {'category': 'dbt', 'action': 'project_id', 'label': 'dc4fa711-5eab-44f5-9908-d01141673c27', 'context': [<snowplow_tracker.self_describing_json.SelfDescribingJson object at 0x7fcb897bda70>]}
[0m08:45:44.892316 [debug] [MainThread]: Sending event: {'category': 'dbt', 'action': 'adapter_info', 'label': 'dc4fa711-5eab-44f5-9908-d01141673c27', 'context': [<snowplow_tracker.self_describing_json.SelfDescribingJson object at 0x7fcb89c28e20>]}
[0m08:45:44.894263 [info ] [MainThread]: Registered adapter: databricks=1.10.9
[0m08:45:45.007739 [debug] [MainThread]: checksum: c6692066af086a4208ee6a2d343b9da3ce9763b98f9383873b954800d1e1f71c, vars: {}, profile: walmart_project, target: dev, version: 1.12.5
[0m08:45:46.778664 [debug] [MainThread]: Partial parsing enabled: 0 files deleted, 0 files added, 0 files changed.
[0m08:45:46.779672 [debug] [MainThread]: Nothing changed, skipping partial parsing.
[0m08:45:46.780548 [debug] [MainThread]: Partial parsing enabled, no changes found, skipping parsing
[0m08:45:46.815868 [debug] [MainThread]: Sending event: {'category': 'dbt', 'action': 'load_project', 'label': 'dc4fa711-5eab-44f5-9908-d01141673c27', 'context': [<snowplow_tracker.self_describing_json.SelfDescribingJson object at 0x7fcb708d1b50>]}
[0m08:45:47.455654 [debug] [MainThread]: Wrote artifact WritableManifest to /opt/airflow/walmart_project/target/manifest.json
[0m08:45:47.467440 [debug] [MainThread]: Wrote artifact SemanticManifest to /opt/airflow/walmart_project/target/semantic_manifest.json
[0m08:45:47.489571 [debug] [MainThread]: Wrote artifact OsiDocument to /opt/airflow/walmart_project/target/osi_document.json
[0m08:45:47.511725 [debug] [MainThread]: Sending event: {'category': 'dbt', 'action': 'resource_counts', 'label': 'dc4fa711-5eab-44f5-9908-d01141673c27', 'context': [<snowplow_tracker.self_describing_json.SelfDescribingJson object at 0x7fcb707cb980>]}
[0m08:45:47.512973 [info ] [MainThread]: Found 13 models, 1 analysis, 5 data tests, 5 snapshots, 6 sources, 727 macros
[0m08:45:47.514119 [debug] [MainThread]: Sending event: {'category': 'dbt', 'action': 'runnable_timing', 'label': 'dc4fa711-5eab-44f5-9908-d01141673c27', 'context': [<snowplow_tracker.self_describing_json.SelfDescribingJson object at 0x7fcb70649470>]}
[0m08:45:47.520085 [info ] [MainThread]: 
[0m08:45:47.521632 [info ] [MainThread]: Concurrency: 1 threads (target='dev')
[0m08:45:47.522526 [info ] [MainThread]: 
[0m08:45:47.523889 [debug] [MainThread]: Databricks adapter: DatabricksDBTConnection(session-id=None, name=master) - Creating connection
[0m08:45:47.524746 [debug] [MainThread]: Acquiring new databricks connection 'master'
[0m08:45:47.538479 [debug] [ThreadPool]: Databricks adapter: DatabricksDBTConnection(session-id=None, name=list_walmart) - Creating connection
[0m08:45:47.539321 [debug] [ThreadPool]: Acquiring new databricks connection 'list_walmart'
[0m08:45:47.540003 [debug] [ThreadPool]: Using databricks connection "list_walmart"
[0m08:45:47.540689 [debug] [ThreadPool]: On list_walmart: GetSchemas(database=walmart, schema=None)
[0m08:45:47.541307 [debug] [ThreadPool]: Opening a new connection, currently in state init
[0m08:45:49.837460 [debug] [ThreadPool]: Databricks adapter: Connection(session-id=01f1b7f4-5668-12ca-9713-7a2da690fc63) - Created
[0m08:45:50.235159 [debug] [ThreadPool]: SQL status: OK in 2.690 seconds
[0m08:45:50.240068 [debug] [ThreadPool]: Databricks adapter: Cursor(session-id=01f1b7f4-5668-12ca-9713-7a2da690fc63, command-id=01f1b7f4-5735-1c16-8463-97e3dc65169b) - Closing
[0m08:45:50.241418 [debug] [ThreadPool]: On list_walmart: Close
[0m08:45:50.242435 [debug] [ThreadPool]: Databricks adapter: Connection(session-id=01f1b7f4-5668-12ca-9713-7a2da690fc63) - Closing
[0m08:45:50.570031 [debug] [ThreadPool]: Databricks adapter: DatabricksDBTConnection(session-id=None, name=list_walmart_silver_b) - Creating connection
[0m08:45:50.601050 [debug] [ThreadPool]: Acquiring new databricks connection 'list_walmart_silver_b'
[0m08:45:50.630848 [debug] [ThreadPool]: Using databricks connection "list_walmart_silver_b"
[0m08:45:50.631813 [debug] [ThreadPool]: On list_walmart_silver_b: /* {"app": "dbt", "dbt_version": "1.12.5", "dbt_databricks_version": "1.10.9", "databricks_sql_connector_version": "4.5.0", "profile_name": "walmart_project", "target_name": "dev", "connection_name": "list_walmart_silver_b"} */

    
SELECT
  table_name,
  if(table_type IN ('EXTERNAL', 'MANAGED', 'MANAGED_SHALLOW_CLONE', 'EXTERNAL_SHALLOW_CLONE'), 'table', lower(table_type)) AS table_type,
  lower(data_source_format) AS file_format,
  table_owner,
  if(
    table_type IN (
      'EXTERNAL',
      'MANAGED',
      'MANAGED_SHALLOW_CLONE',
      'EXTERNAL_SHALLOW_CLONE'
    ),
    lower(table_type),
    NULL
  ) AS databricks_table_type
FROM `system`.`information_schema`.`tables`
WHERE table_catalog = 'walmart' 
  AND table_schema = 'silver_b'

  
[0m08:45:50.632641 [debug] [ThreadPool]: Opening a new connection, currently in state init
[0m08:45:51.911560 [debug] [ThreadPool]: Databricks adapter: Connection(session-id=01f1b7f4-583e-14d0-8881-62fa367a32a2) - Created
[0m08:45:52.544136 [debug] [ThreadPool]: SQL status: OK in 1.910 seconds
[0m08:45:52.616618 [debug] [ThreadPool]: Databricks adapter: Cursor(session-id=01f1b7f4-583e-14d0-8881-62fa367a32a2, command-id=01f1b7f4-5871-1728-b5ea-0d63b71c26e9) - Closing
[0m08:45:52.618542 [debug] [ThreadPool]: On list_walmart_silver_b: Close
[0m08:45:52.628329 [debug] [ThreadPool]: Databricks adapter: Connection(session-id=01f1b7f4-583e-14d0-8881-62fa367a32a2) - Closing
[0m08:45:52.955089 [debug] [ThreadPool]: Databricks adapter: DatabricksDBTConnection(session-id=None, name=list_walmart_silver_t) - Creating connection
[0m08:45:52.959416 [debug] [ThreadPool]: Acquiring new databricks connection 'list_walmart_silver_t'
[0m08:45:52.966534 [debug] [ThreadPool]: Using databricks connection "list_walmart_silver_t"
[0m08:45:52.977276 [debug] [ThreadPool]: On list_walmart_silver_t: /* {"app": "dbt", "dbt_version": "1.12.5", "dbt_databricks_version": "1.10.9", "databricks_sql_connector_version": "4.5.0", "profile_name": "walmart_project", "target_name": "dev", "connection_name": "list_walmart_silver_t"} */

    
SELECT
  table_name,
  if(table_type IN ('EXTERNAL', 'MANAGED', 'MANAGED_SHALLOW_CLONE', 'EXTERNAL_SHALLOW_CLONE'), 'table', lower(table_type)) AS table_type,
  lower(data_source_format) AS file_format,
  table_owner,
  if(
    table_type IN (
      'EXTERNAL',
      'MANAGED',
      'MANAGED_SHALLOW_CLONE',
      'EXTERNAL_SHALLOW_CLONE'
    ),
    lower(table_type),
    NULL
  ) AS databricks_table_type
FROM `system`.`information_schema`.`tables`
WHERE table_catalog = 'walmart' 
  AND table_schema = 'silver_t'

  
[0m08:45:52.978736 [debug] [ThreadPool]: Opening a new connection, currently in state init
[0m08:45:54.480529 [debug] [ThreadPool]: Databricks adapter: Connection(session-id=01f1b7f4-59ae-1f78-a5e4-71c6d105b680) - Created
[0m08:45:55.096662 [debug] [ThreadPool]: SQL status: OK in 2.120 seconds
[0m08:45:55.526997 [debug] [ThreadPool]: Databricks adapter: Cursor(session-id=01f1b7f4-59ae-1f78-a5e4-71c6d105b680, command-id=01f1b7f4-59fa-1e37-84aa-060b0ae2b260) - Closing
[0m08:45:55.533212 [debug] [ThreadPool]: On list_walmart_silver_t: Close
[0m08:45:55.535533 [debug] [ThreadPool]: Databricks adapter: Connection(session-id=01f1b7f4-59ae-1f78-a5e4-71c6d105b680) - Closing
[0m08:45:55.878542 [debug] [ThreadPool]: Databricks adapter: DatabricksDBTConnection(session-id=None, name=list_walmart_gold) - Creating connection
[0m08:45:55.880301 [debug] [ThreadPool]: Acquiring new databricks connection 'list_walmart_gold'
[0m08:45:55.888895 [debug] [ThreadPool]: Using databricks connection "list_walmart_gold"
[0m08:45:55.903242 [debug] [ThreadPool]: On list_walmart_gold: /* {"app": "dbt", "dbt_version": "1.12.5", "dbt_databricks_version": "1.10.9", "databricks_sql_connector_version": "4.5.0", "profile_name": "walmart_project", "target_name": "dev", "connection_name": "list_walmart_gold"} */

    
SELECT
  table_name,
  if(table_type IN ('EXTERNAL', 'MANAGED', 'MANAGED_SHALLOW_CLONE', 'EXTERNAL_SHALLOW_CLONE'), 'table', lower(table_type)) AS table_type,
  lower(data_source_format) AS file_format,
  table_owner,
  if(
    table_type IN (
      'EXTERNAL',
      'MANAGED',
      'MANAGED_SHALLOW_CLONE',
      'EXTERNAL_SHALLOW_CLONE'
    ),
    lower(table_type),
    NULL
  ) AS databricks_table_type
FROM `system`.`information_schema`.`tables`
WHERE table_catalog = 'walmart' 
  AND table_schema = 'gold'

  
[0m08:45:55.905586 [debug] [ThreadPool]: Opening a new connection, currently in state init
[0m08:45:57.878844 [debug] [ThreadPool]: Databricks adapter: Connection(session-id=01f1b7f4-5bb8-171e-93d8-1b525b4f72b2) - Created
[0m08:45:58.561358 [debug] [ThreadPool]: SQL status: OK in 2.660 seconds
[0m08:45:58.641385 [debug] [ThreadPool]: Databricks adapter: Cursor(session-id=01f1b7f4-5bb8-171e-93d8-1b525b4f72b2, command-id=01f1b7f4-5c00-1220-b63f-163fa8414afd) - Closing
[0m08:45:58.648543 [debug] [ThreadPool]: On list_walmart_gold: Close
[0m08:45:58.655817 [debug] [ThreadPool]: Databricks adapter: Connection(session-id=01f1b7f4-5bb8-171e-93d8-1b525b4f72b2) - Closing
[0m08:45:58.965664 [debug] [MainThread]: Sending event: {'category': 'dbt', 'action': 'runnable_timing', 'label': 'dc4fa711-5eab-44f5-9908-d01141673c27', 'context': [<snowplow_tracker.self_describing_json.SelfDescribingJson object at 0x7fcb70579d90>]}
[0m08:45:58.992794 [debug] [Thread-5 (]: Began running node model.walmart_project.customers_t
[0m08:45:58.996606 [info ] [Thread-5 (]: 1 of 6 START sql incremental model silver_t.customers_t ........................ [RUN]
[0m08:45:58.999021 [debug] [Thread-5 (]: Databricks adapter: DatabricksDBTConnection(session-id=None, name=model.walmart_project.customers_t) - Creating connection
[0m08:45:59.000151 [debug] [Thread-5 (]: Acquiring new databricks connection 'model.walmart_project.customers_t'
[0m08:45:59.000936 [debug] [Thread-5 (]: Began compiling node model.walmart_project.customers_t
[0m08:45:59.027724 [debug] [Thread-5 (]: Writing injected SQL for node "model.walmart_project.customers_t"
[0m08:45:59.045730 [debug] [Thread-5 (]: Began executing node model.walmart_project.customers_t
[0m08:45:59.112063 [debug] [Thread-5 (]: MATERIALIZING INCREMENTAL
[0m08:45:59.134333 [warn ] [Thread-5 (]: [[33mWARNING[0m]: Use revamped materializations based on separating create and insert.  This allows more performant column comments, as well as new column features.
You may opt into the new behavior sooner by setting `flags.use_materialization_v2` to `True` in `dbt_project.yml`.
Visit https://docs.getdbt.com/reference/global-configs/behavior-changes for more information.
[0m08:45:59.135899 [debug] [Thread-5 (]: Sending event: {'category': 'dbt', 'action': 'BehaviorChangeEvent', 'label': 'dc4fa711-5eab-44f5-9908-d01141673c27', 'context': [<snowplow_tracker.self_describing_json.SelfDescribingJson object at 0x7fcb706ba8d0>]}
[0m08:45:59.173509 [debug] [Thread-5 (]: Using databricks connection "model.walmart_project.customers_t"
[0m08:45:59.202083 [debug] [Thread-5 (]: On model.walmart_project.customers_t: /* {"app": "dbt", "dbt_version": "1.12.5", "dbt_databricks_version": "1.10.9", "databricks_sql_connector_version": "4.5.0", "profile_name": "walmart_project", "target_name": "dev", "node_id": "model.walmart_project.customers_t"} */
SELECT tag_name, tag_value
  FROM `system`.`information_schema`.`table_tags`
  WHERE catalog_name = 'walmart' 
    AND schema_name = 'silver_t'
    AND table_name = 'customers_t'
  
[0m08:45:59.204539 [debug] [Thread-5 (]: Opening a new connection, currently in state init
[0m08:46:00.452229 [debug] [Thread-5 (]: Databricks adapter: Connection(session-id=01f1b7f4-5d53-1fc5-a066-53615c683402) - Created
[0m08:46:00.999112 [debug] [Thread-5 (]: SQL status: OK in 1.790 seconds
[0m08:46:01.008134 [debug] [Thread-5 (]: Databricks adapter: Cursor(session-id=01f1b7f4-5d53-1fc5-a066-53615c683402, command-id=01f1b7f4-5d88-1f5b-a3a8-a08f0500fda4) - Closing
[0m08:46:01.020081 [debug] [Thread-5 (]: Using databricks connection "model.walmart_project.customers_t"
[0m08:46:01.029144 [debug] [Thread-5 (]: On model.walmart_project.customers_t: /* {"app": "dbt", "dbt_version": "1.12.5", "dbt_databricks_version": "1.10.9", "databricks_sql_connector_version": "4.5.0", "profile_name": "walmart_project", "target_name": "dev", "node_id": "model.walmart_project.customers_t"} */
SELECT 
    column_name,
    tag_name,
    tag_value
  FROM `system`.`information_schema`.`column_tags`
  WHERE catalog_name = 'walmart'
    AND schema_name = 'silver_t'
    AND table_name = 'customers_t';
  
[0m08:46:01.606996 [debug] [Thread-5 (]: SQL status: OK in 0.580 seconds
[0m08:46:01.629393 [debug] [Thread-5 (]: Databricks adapter: Cursor(session-id=01f1b7f4-5d53-1fc5-a066-53615c683402, command-id=01f1b7f4-5de0-13f2-bece-8cd922f10ce7) - Closing
[0m08:46:01.647995 [debug] [Thread-5 (]: Using databricks connection "model.walmart_project.customers_t"
[0m08:46:01.659723 [debug] [Thread-5 (]: On model.walmart_project.customers_t: /* {"app": "dbt", "dbt_version": "1.12.5", "dbt_databricks_version": "1.10.9", "databricks_sql_connector_version": "4.5.0", "profile_name": "walmart_project", "target_name": "dev", "node_id": "model.walmart_project.customers_t"} */
SELECT column_name
  FROM `walmart`.`information_schema`.`columns`
  WHERE table_catalog = 'walmart' 
    AND table_schema = 'silver_t'
    AND table_name = 'customers_t'
    AND is_nullable = 'NO';
  
[0m08:46:02.254605 [debug] [Thread-5 (]: SQL status: OK in 0.590 seconds
[0m08:46:02.269807 [debug] [Thread-5 (]: Databricks adapter: Cursor(session-id=01f1b7f4-5d53-1fc5-a066-53615c683402, command-id=01f1b7f4-5e42-196f-b268-66070219ff24) - Closing
[0m08:46:02.327530 [debug] [Thread-5 (]: Using databricks connection "model.walmart_project.customers_t"
[0m08:46:02.365732 [debug] [Thread-5 (]: On model.walmart_project.customers_t: /* {"app": "dbt", "dbt_version": "1.12.5", "dbt_databricks_version": "1.10.9", "databricks_sql_connector_version": "4.5.0", "profile_name": "walmart_project", "target_name": "dev", "node_id": "model.walmart_project.customers_t"} */
SELECT kcu.constraint_name, kcu.column_name
  FROM `walmart`.information_schema.key_column_usage kcu
  WHERE kcu.table_catalog = 'walmart' 
    AND kcu.table_schema = 'silver_t'
    AND kcu.table_name = 'customers_t' 
    AND kcu.constraint_name = (
      SELECT constraint_name
      FROM `walmart`.information_schema.table_constraints
      WHERE table_catalog = 'walmart'
        AND table_schema = 'silver_t'
        AND table_name = 'customers_t' 
        AND constraint_type = 'PRIMARY KEY'
    )
  ORDER BY kcu.ordinal_position;
  
[0m08:46:03.196442 [debug] [Thread-5 (]: SQL status: OK in 0.810 seconds
[0m08:46:03.200386 [debug] [Thread-5 (]: Databricks adapter: Cursor(session-id=01f1b7f4-5d53-1fc5-a066-53615c683402, command-id=01f1b7f4-5eaf-1914-ae90-4beb33a3748e) - Closing
[0m08:46:03.209848 [debug] [Thread-5 (]: Using databricks connection "model.walmart_project.customers_t"
[0m08:46:03.210964 [debug] [Thread-5 (]: On model.walmart_project.customers_t: /* {"app": "dbt", "dbt_version": "1.12.5", "dbt_databricks_version": "1.10.9", "databricks_sql_connector_version": "4.5.0", "profile_name": "walmart_project", "target_name": "dev", "node_id": "model.walmart_project.customers_t"} */
SELECT
    kcu.constraint_name,
    kcu.column_name AS from_column,
    ukcu.table_catalog AS to_catalog,
    ukcu.table_schema AS to_schema,
    ukcu.table_name AS to_table,
    ukcu.column_name AS to_column
  FROM `walmart`.information_schema.key_column_usage kcu
  JOIN `walmart`.information_schema.referential_constraints rc
    ON kcu.constraint_name = rc.constraint_name
  JOIN `walmart`.information_schema.key_column_usage ukcu
    ON rc.unique_constraint_name = ukcu.constraint_name
    AND kcu.ordinal_position = ukcu.ordinal_position
  WHERE kcu.table_catalog = 'walmart'
    AND kcu.table_schema = 'silver_t'
    AND kcu.table_name = 'customers_t'
    AND kcu.constraint_name IN (
      SELECT constraint_name
      FROM `walmart`.information_schema.table_constraints
      WHERE table_catalog = 'walmart'
        AND table_schema = 'silver_t'
        AND table_name = 'customers_t'
        AND constraint_type = 'FOREIGN KEY'
    )
  ORDER BY kcu.ordinal_position;
  
[0m08:46:04.434398 [debug] [Thread-5 (]: SQL status: OK in 1.220 seconds
[0m08:46:04.437532 [debug] [Thread-5 (]: Databricks adapter: Cursor(session-id=01f1b7f4-5d53-1fc5-a066-53615c683402, command-id=01f1b7f4-5f2c-1eed-941a-094427d41afd) - Closing
[0m08:46:04.445846 [debug] [Thread-5 (]: Using databricks connection "model.walmart_project.customers_t"
[0m08:46:04.447110 [debug] [Thread-5 (]: On model.walmart_project.customers_t: /* {"app": "dbt", "dbt_version": "1.12.5", "dbt_databricks_version": "1.10.9", "databricks_sql_connector_version": "4.5.0", "profile_name": "walmart_project", "target_name": "dev", "node_id": "model.walmart_project.customers_t"} */
SELECT 
    column_name,
    mask_name,
    using_columns
  FROM `system`.`information_schema`.`column_masks`
  WHERE table_catalog = 'walmart'
    AND table_schema = 'silver_t'
    AND table_name = 'customers_t';
  
[0m08:46:04.939901 [debug] [Thread-5 (]: SQL status: OK in 0.490 seconds
[0m08:46:04.945598 [debug] [Thread-5 (]: Databricks adapter: Cursor(session-id=01f1b7f4-5d53-1fc5-a066-53615c683402, command-id=01f1b7f4-5fe9-164f-8135-8a6b111ae888) - Closing
[0m08:46:04.950391 [debug] [Thread-5 (]: Using databricks connection "model.walmart_project.customers_t"
[0m08:46:04.951473 [debug] [Thread-5 (]: On model.walmart_project.customers_t: /* {"app": "dbt", "dbt_version": "1.12.5", "dbt_databricks_version": "1.10.9", "databricks_sql_connector_version": "4.5.0", "profile_name": "walmart_project", "target_name": "dev", "node_id": "model.walmart_project.customers_t"} */
SHOW TBLPROPERTIES `walmart`.`silver_t`.`customers_t`
  
[0m08:46:06.350282 [debug] [Thread-5 (]: SQL status: OK in 1.400 seconds
[0m08:46:06.357521 [debug] [Thread-5 (]: Databricks adapter: Cursor(session-id=01f1b7f4-5d53-1fc5-a066-53615c683402, command-id=01f1b7f4-6036-1ae2-90a1-2da56d57615f) - Closing
[0m08:46:06.370053 [debug] [Thread-5 (]: Using databricks connection "model.walmart_project.customers_t"
[0m08:46:06.371803 [debug] [Thread-5 (]: On model.walmart_project.customers_t: /* {"app": "dbt", "dbt_version": "1.12.5", "dbt_databricks_version": "1.10.9", "databricks_sql_connector_version": "4.5.0", "profile_name": "walmart_project", "target_name": "dev", "node_id": "model.walmart_project.customers_t"} */
describe extended `walmart`.`silver_t`.`customers_t`
  
[0m08:46:06.965127 [debug] [Thread-5 (]: SQL status: OK in 0.590 seconds
[0m08:46:06.971984 [debug] [Thread-5 (]: Databricks adapter: Cursor(session-id=01f1b7f4-5d53-1fc5-a066-53615c683402, command-id=01f1b7f4-610f-1328-87ee-6d9521d5c341) - Closing
[0m08:46:06.974280 [debug] [Thread-5 (]: Databricks adapter: Getting diff for ColumnCommentsConfig: comments={} quoted={} persist=False and comments={'customer_id': '', 'first_name': '', 'last_name': '', 'email': '', 'phone': '', 'city': '', 'province': '', 'country': '', 'created_timestamp': '', 'updated_timestamp': '', 'is_active': '', 'processed_at': '', '': ''} quoted={} persist=False
[0m08:46:06.988400 [debug] [Thread-5 (]: Using databricks connection "model.walmart_project.customers_t"
[0m08:46:06.989407 [debug] [Thread-5 (]: On model.walmart_project.customers_t: /* {"app": "dbt", "dbt_version": "1.12.5", "dbt_databricks_version": "1.10.9", "databricks_sql_connector_version": "4.5.0", "profile_name": "walmart_project", "target_name": "dev", "node_id": "model.walmart_project.customers_t"} */

  
    create or replace temporary view `customers_t__dbt_tmp` as
      SELECT 
    *,
    current_timestamp() AS processed_at
FROM 
    `walmart`.`bronze`.`customers`



    WHERE updated_timestamp > (SELECT COALESCE(MAX(updated_timestamp), '1900-01-01') FROM `walmart`.`silver_t`.`customers_t`)
  
[0m08:46:07.658848 [debug] [Thread-5 (]: SQL status: OK in 0.670 seconds
[0m08:46:07.681082 [debug] [Thread-5 (]: Databricks adapter: Cursor(session-id=01f1b7f4-5d53-1fc5-a066-53615c683402, command-id=01f1b7f4-616d-1b24-9d7b-5f38cf595b9b) - Closing
[0m08:46:08.157205 [debug] [Thread-5 (]: Using databricks connection "model.walmart_project.customers_t"
[0m08:46:08.158284 [debug] [Thread-5 (]: On model.walmart_project.customers_t: /* {"app": "dbt", "dbt_version": "1.12.5", "dbt_databricks_version": "1.10.9", "databricks_sql_connector_version": "4.5.0", "profile_name": "walmart_project", "target_name": "dev", "node_id": "model.walmart_project.customers_t"} */

    
  DESCRIBE TABLE EXTENDED `walmart`.`silver_t`.`customers_t` AS JSON

  
[0m08:46:08.830633 [debug] [Thread-5 (]: SQL status: OK in 0.670 seconds
[0m08:46:08.838783 [debug] [Thread-5 (]: Databricks adapter: Cursor(session-id=01f1b7f4-5d53-1fc5-a066-53615c683402, command-id=01f1b7f4-6220-1343-9a8a-f429b96c2b9a) - Closing
[0m08:46:08.843505 [debug] [Thread-5 (]: Using databricks connection "model.walmart_project.customers_t"
[0m08:46:08.846294 [debug] [Thread-5 (]: On model.walmart_project.customers_t: /* {"app": "dbt", "dbt_version": "1.12.5", "dbt_databricks_version": "1.10.9", "databricks_sql_connector_version": "4.5.0", "profile_name": "walmart_project", "target_name": "dev", "node_id": "model.walmart_project.customers_t"} */

    
  DESCRIBE TABLE EXTENDED `customers_t__dbt_tmp` AS JSON

  
[0m08:46:09.219588 [debug] [Thread-5 (]: SQL status: OK in 0.370 seconds
[0m08:46:09.227165 [debug] [Thread-5 (]: Databricks adapter: Cursor(session-id=01f1b7f4-5d53-1fc5-a066-53615c683402, command-id=01f1b7f4-6288-1eae-a995-b742e5b0a75f) - Closing
[0m08:46:09.250471 [debug] [Thread-5 (]: Writing runtime sql for node "model.walmart_project.customers_t"
[0m08:46:09.283450 [debug] [Thread-5 (]: Using databricks connection "model.walmart_project.customers_t"
[0m08:46:09.284949 [debug] [Thread-5 (]: On model.walmart_project.customers_t: /* {"app": "dbt", "dbt_version": "1.12.5", "dbt_databricks_version": "1.10.9", "databricks_sql_connector_version": "4.5.0", "profile_name": "walmart_project", "target_name": "dev", "node_id": "model.walmart_project.customers_t"} */
-- back compat for old kwarg name
  
  
  
  
  
  
      
          
          
      
  

    merge
    into
        `walmart`.`silver_t`.`customers_t` as DBT_INTERNAL_DEST
    using
        `customers_t__dbt_tmp` as DBT_INTERNAL_SOURCE
    on
        
              DBT_INTERNAL_SOURCE.customer_id <=> DBT_INTERNAL_DEST.customer_id
          
    when matched
        then update set
            *
    when not matched
        then insert
            *

[0m08:46:11.744987 [debug] [Thread-5 (]: SQL status: OK in 2.460 seconds
[0m08:46:11.747077 [debug] [Thread-5 (]: Databricks adapter: Cursor(session-id=01f1b7f4-5d53-1fc5-a066-53615c683402, command-id=01f1b7f4-62cb-15bd-9db7-5f0b794fe6a2) - Closing
[0m08:46:11.779003 [debug] [Thread-5 (]: On model.walmart_project.customers_t: Close
[0m08:46:11.780453 [debug] [Thread-5 (]: Databricks adapter: Connection(session-id=01f1b7f4-5d53-1fc5-a066-53615c683402) - Closing
[0m08:46:12.105825 [debug] [Thread-5 (]: Sending event: {'category': 'dbt', 'action': 'run_model', 'label': 'dc4fa711-5eab-44f5-9908-d01141673c27', 'context': [<snowplow_tracker.self_describing_json.SelfDescribingJson object at 0x7fcb7067b1d0>]}
[0m08:46:12.108826 [info ] [Thread-5 (]: 1 of 6 OK created sql incremental model silver_t.customers_t ................... [[32mOK[0m in 13.09s]
[0m08:46:12.114222 [debug] [Thread-5 (]: Finished running node model.walmart_project.customers_t
[0m08:46:12.123661 [debug] [Thread-5 (]: Began running node model.walmart_project.employees_t
[0m08:46:12.126309 [info ] [Thread-5 (]: 2 of 6 START sql incremental model silver_t.employees_t ........................ [RUN]
[0m08:46:12.138954 [debug] [Thread-5 (]: Databricks adapter: DatabricksDBTConnection(session-id=None, name=model.walmart_project.employees_t) - Creating connection
[0m08:46:12.140707 [debug] [Thread-5 (]: Acquiring new databricks connection 'model.walmart_project.employees_t'
[0m08:46:12.145311 [debug] [Thread-5 (]: Began compiling node model.walmart_project.employees_t
[0m08:46:12.156274 [debug] [Thread-5 (]: Writing injected SQL for node "model.walmart_project.employees_t"
[0m08:46:12.179210 [debug] [Thread-5 (]: Began executing node model.walmart_project.employees_t
[0m08:46:12.184672 [debug] [Thread-5 (]: MATERIALIZING INCREMENTAL
[0m08:46:12.188639 [debug] [Thread-5 (]: Using databricks connection "model.walmart_project.employees_t"
[0m08:46:12.189975 [debug] [Thread-5 (]: On model.walmart_project.employees_t: /* {"app": "dbt", "dbt_version": "1.12.5", "dbt_databricks_version": "1.10.9", "databricks_sql_connector_version": "4.5.0", "profile_name": "walmart_project", "target_name": "dev", "node_id": "model.walmart_project.employees_t"} */
SELECT tag_name, tag_value
  FROM `system`.`information_schema`.`table_tags`
  WHERE catalog_name = 'walmart' 
    AND schema_name = 'silver_t'
    AND table_name = 'employees_t'
  
[0m08:46:12.192009 [debug] [Thread-5 (]: Opening a new connection, currently in state init
[0m08:46:13.604266 [debug] [Thread-5 (]: Databricks adapter: Connection(session-id=01f1b7f4-652e-172b-9343-4ea508eacb1a) - Created
[0m08:46:14.133811 [debug] [Thread-5 (]: SQL status: OK in 1.940 seconds
[0m08:46:14.137457 [debug] [Thread-5 (]: Databricks adapter: Cursor(session-id=01f1b7f4-652e-172b-9343-4ea508eacb1a, command-id=01f1b7f4-655f-14f6-b00d-bedb2cf1f7d9) - Closing
[0m08:46:14.139379 [debug] [Thread-5 (]: Using databricks connection "model.walmart_project.employees_t"
[0m08:46:14.140140 [debug] [Thread-5 (]: On model.walmart_project.employees_t: /* {"app": "dbt", "dbt_version": "1.12.5", "dbt_databricks_version": "1.10.9", "databricks_sql_connector_version": "4.5.0", "profile_name": "walmart_project", "target_name": "dev", "node_id": "model.walmart_project.employees_t"} */
SELECT 
    column_name,
    tag_name,
    tag_value
  FROM `system`.`information_schema`.`column_tags`
  WHERE catalog_name = 'walmart'
    AND schema_name = 'silver_t'
    AND table_name = 'employees_t';
  
[0m08:46:14.746465 [debug] [Thread-5 (]: SQL status: OK in 0.610 seconds
[0m08:46:14.749781 [debug] [Thread-5 (]: Databricks adapter: Cursor(session-id=01f1b7f4-652e-172b-9343-4ea508eacb1a, command-id=01f1b7f4-65b0-1c49-91f3-2bd45ede639f) - Closing
[0m08:46:14.752045 [debug] [Thread-5 (]: Using databricks connection "model.walmart_project.employees_t"
[0m08:46:14.752997 [debug] [Thread-5 (]: On model.walmart_project.employees_t: /* {"app": "dbt", "dbt_version": "1.12.5", "dbt_databricks_version": "1.10.9", "databricks_sql_connector_version": "4.5.0", "profile_name": "walmart_project", "target_name": "dev", "node_id": "model.walmart_project.employees_t"} */
SELECT column_name
  FROM `walmart`.`information_schema`.`columns`
  WHERE table_catalog = 'walmart' 
    AND table_schema = 'silver_t'
    AND table_name = 'employees_t'
    AND is_nullable = 'NO';
  
[0m08:46:15.344958 [debug] [Thread-5 (]: SQL status: OK in 0.590 seconds
[0m08:46:15.347914 [debug] [Thread-5 (]: Databricks adapter: Cursor(session-id=01f1b7f4-652e-172b-9343-4ea508eacb1a, command-id=01f1b7f4-660e-13f7-97fe-6604b77eb766) - Closing
[0m08:46:15.351299 [debug] [Thread-5 (]: Using databricks connection "model.walmart_project.employees_t"
[0m08:46:15.354017 [debug] [Thread-5 (]: On model.walmart_project.employees_t: /* {"app": "dbt", "dbt_version": "1.12.5", "dbt_databricks_version": "1.10.9", "databricks_sql_connector_version": "4.5.0", "profile_name": "walmart_project", "target_name": "dev", "node_id": "model.walmart_project.employees_t"} */
SELECT kcu.constraint_name, kcu.column_name
  FROM `walmart`.information_schema.key_column_usage kcu
  WHERE kcu.table_catalog = 'walmart' 
    AND kcu.table_schema = 'silver_t'
    AND kcu.table_name = 'employees_t' 
    AND kcu.constraint_name = (
      SELECT constraint_name
      FROM `walmart`.information_schema.table_constraints
      WHERE table_catalog = 'walmart'
        AND table_schema = 'silver_t'
        AND table_name = 'employees_t' 
        AND constraint_type = 'PRIMARY KEY'
    )
  ORDER BY kcu.ordinal_position;
  
[0m08:46:16.155611 [debug] [Thread-5 (]: SQL status: OK in 0.800 seconds
[0m08:46:16.162027 [debug] [Thread-5 (]: Databricks adapter: Cursor(session-id=01f1b7f4-652e-172b-9343-4ea508eacb1a, command-id=01f1b7f4-666c-16b4-ad0a-f6bb70552854) - Closing
[0m08:46:16.165853 [debug] [Thread-5 (]: Using databricks connection "model.walmart_project.employees_t"
[0m08:46:16.168315 [debug] [Thread-5 (]: On model.walmart_project.employees_t: /* {"app": "dbt", "dbt_version": "1.12.5", "dbt_databricks_version": "1.10.9", "databricks_sql_connector_version": "4.5.0", "profile_name": "walmart_project", "target_name": "dev", "node_id": "model.walmart_project.employees_t"} */
SELECT
    kcu.constraint_name,
    kcu.column_name AS from_column,
    ukcu.table_catalog AS to_catalog,
    ukcu.table_schema AS to_schema,
    ukcu.table_name AS to_table,
    ukcu.column_name AS to_column
  FROM `walmart`.information_schema.key_column_usage kcu
  JOIN `walmart`.information_schema.referential_constraints rc
    ON kcu.constraint_name = rc.constraint_name
  JOIN `walmart`.information_schema.key_column_usage ukcu
    ON rc.unique_constraint_name = ukcu.constraint_name
    AND kcu.ordinal_position = ukcu.ordinal_position
  WHERE kcu.table_catalog = 'walmart'
    AND kcu.table_schema = 'silver_t'
    AND kcu.table_name = 'employees_t'
    AND kcu.constraint_name IN (
      SELECT constraint_name
      FROM `walmart`.information_schema.table_constraints
      WHERE table_catalog = 'walmart'
        AND table_schema = 'silver_t'
        AND table_name = 'employees_t'
        AND constraint_type = 'FOREIGN KEY'
    )
  ORDER BY kcu.ordinal_position;
  
[0m08:46:17.486360 [debug] [Thread-5 (]: SQL status: OK in 1.320 seconds
[0m08:46:17.491065 [debug] [Thread-5 (]: Databricks adapter: Cursor(session-id=01f1b7f4-652e-172b-9343-4ea508eacb1a, command-id=01f1b7f4-66e6-1913-a1fe-680f76173791) - Closing
[0m08:46:17.493426 [debug] [Thread-5 (]: Using databricks connection "model.walmart_project.employees_t"
[0m08:46:17.495172 [debug] [Thread-5 (]: On model.walmart_project.employees_t: /* {"app": "dbt", "dbt_version": "1.12.5", "dbt_databricks_version": "1.10.9", "databricks_sql_connector_version": "4.5.0", "profile_name": "walmart_project", "target_name": "dev", "node_id": "model.walmart_project.employees_t"} */
SELECT 
    column_name,
    mask_name,
    using_columns
  FROM `system`.`information_schema`.`column_masks`
  WHERE table_catalog = 'walmart'
    AND table_schema = 'silver_t'
    AND table_name = 'employees_t';
  
[0m08:46:17.993603 [debug] [Thread-5 (]: SQL status: OK in 0.500 seconds
[0m08:46:17.998367 [debug] [Thread-5 (]: Databricks adapter: Cursor(session-id=01f1b7f4-652e-172b-9343-4ea508eacb1a, command-id=01f1b7f4-67b0-1930-a379-4bcab4d5164b) - Closing
[0m08:46:18.000177 [debug] [Thread-5 (]: Using databricks connection "model.walmart_project.employees_t"
[0m08:46:18.000835 [debug] [Thread-5 (]: On model.walmart_project.employees_t: /* {"app": "dbt", "dbt_version": "1.12.5", "dbt_databricks_version": "1.10.9", "databricks_sql_connector_version": "4.5.0", "profile_name": "walmart_project", "target_name": "dev", "node_id": "model.walmart_project.employees_t"} */
SHOW TBLPROPERTIES `walmart`.`silver_t`.`employees_t`
  
[0m08:46:18.509831 [debug] [Thread-5 (]: SQL status: OK in 0.510 seconds
[0m08:46:18.512465 [debug] [Thread-5 (]: Databricks adapter: Cursor(session-id=01f1b7f4-652e-172b-9343-4ea508eacb1a, command-id=01f1b7f4-67fe-141a-a5a3-e7d7150153b1) - Closing
[0m08:46:18.514001 [debug] [Thread-5 (]: Using databricks connection "model.walmart_project.employees_t"
[0m08:46:18.514618 [debug] [Thread-5 (]: On model.walmart_project.employees_t: /* {"app": "dbt", "dbt_version": "1.12.5", "dbt_databricks_version": "1.10.9", "databricks_sql_connector_version": "4.5.0", "profile_name": "walmart_project", "target_name": "dev", "node_id": "model.walmart_project.employees_t"} */
describe extended `walmart`.`silver_t`.`employees_t`
  
[0m08:46:19.006906 [debug] [Thread-5 (]: SQL status: OK in 0.490 seconds
[0m08:46:19.012387 [debug] [Thread-5 (]: Databricks adapter: Cursor(session-id=01f1b7f4-652e-172b-9343-4ea508eacb1a, command-id=01f1b7f4-684b-1ae0-a7fe-85dea595a2ec) - Closing
[0m08:46:19.015081 [debug] [Thread-5 (]: Databricks adapter: Getting diff for ColumnCommentsConfig: comments={} quoted={} persist=False and comments={'employee_id': '', 'store_id': '', 'first_name': '', 'last_name': '', 'email': '', 'job_title': '', 'salary': '', 'created_timestamp': '', 'updated_timestamp': '', 'is_active': '', 'processed_at': '', '': ''} quoted={} persist=False
[0m08:46:19.018140 [debug] [Thread-5 (]: Using databricks connection "model.walmart_project.employees_t"
[0m08:46:19.019710 [debug] [Thread-5 (]: On model.walmart_project.employees_t: /* {"app": "dbt", "dbt_version": "1.12.5", "dbt_databricks_version": "1.10.9", "databricks_sql_connector_version": "4.5.0", "profile_name": "walmart_project", "target_name": "dev", "node_id": "model.walmart_project.employees_t"} */

  
    create or replace temporary view `employees_t__dbt_tmp` as
      SELECT 
    *,
    current_timestamp() AS processed_at
FROM 
    `walmart`.`bronze`.`employees`



    WHERE updated_timestamp > (SELECT COALESCE(MAX(updated_timestamp), '1900-01-01') FROM `walmart`.`silver_t`.`employees_t`)
  
[0m08:46:19.619770 [debug] [Thread-5 (]: SQL status: OK in 0.600 seconds
[0m08:46:19.622014 [debug] [Thread-5 (]: Databricks adapter: Cursor(session-id=01f1b7f4-652e-172b-9343-4ea508eacb1a, command-id=01f1b7f4-6899-16de-af1a-9ae9da224ded) - Closing
[0m08:46:19.624980 [debug] [Thread-5 (]: Using databricks connection "model.walmart_project.employees_t"
[0m08:46:19.626480 [debug] [Thread-5 (]: On model.walmart_project.employees_t: /* {"app": "dbt", "dbt_version": "1.12.5", "dbt_databricks_version": "1.10.9", "databricks_sql_connector_version": "4.5.0", "profile_name": "walmart_project", "target_name": "dev", "node_id": "model.walmart_project.employees_t"} */

    
  DESCRIBE TABLE EXTENDED `walmart`.`silver_t`.`employees_t` AS JSON

  
[0m08:46:20.222199 [debug] [Thread-5 (]: SQL status: OK in 0.590 seconds
[0m08:46:20.225254 [debug] [Thread-5 (]: Databricks adapter: Cursor(session-id=01f1b7f4-652e-172b-9343-4ea508eacb1a, command-id=01f1b7f4-68f5-1661-b2fe-ac515ab30420) - Closing
[0m08:46:20.227062 [debug] [Thread-5 (]: Using databricks connection "model.walmart_project.employees_t"
[0m08:46:20.227901 [debug] [Thread-5 (]: On model.walmart_project.employees_t: /* {"app": "dbt", "dbt_version": "1.12.5", "dbt_databricks_version": "1.10.9", "databricks_sql_connector_version": "4.5.0", "profile_name": "walmart_project", "target_name": "dev", "node_id": "model.walmart_project.employees_t"} */

    
  DESCRIBE TABLE EXTENDED `employees_t__dbt_tmp` AS JSON

  
[0m08:46:20.630315 [debug] [Thread-5 (]: SQL status: OK in 0.400 seconds
[0m08:46:20.633401 [debug] [Thread-5 (]: Databricks adapter: Cursor(session-id=01f1b7f4-652e-172b-9343-4ea508eacb1a, command-id=01f1b7f4-6951-1e2e-9d83-0590b52265f5) - Closing
[0m08:46:20.635211 [debug] [Thread-5 (]: Writing runtime sql for node "model.walmart_project.employees_t"
[0m08:46:20.642417 [debug] [Thread-5 (]: Using databricks connection "model.walmart_project.employees_t"
[0m08:46:20.643657 [debug] [Thread-5 (]: On model.walmart_project.employees_t: /* {"app": "dbt", "dbt_version": "1.12.5", "dbt_databricks_version": "1.10.9", "databricks_sql_connector_version": "4.5.0", "profile_name": "walmart_project", "target_name": "dev", "node_id": "model.walmart_project.employees_t"} */
-- back compat for old kwarg name
  
  
  
  
  
  
      
          
          
      
  

    merge
    into
        `walmart`.`silver_t`.`employees_t` as DBT_INTERNAL_DEST
    using
        `employees_t__dbt_tmp` as DBT_INTERNAL_SOURCE
    on
        
              DBT_INTERNAL_SOURCE.employee_id <=> DBT_INTERNAL_DEST.employee_id
          
    when matched
        then update set
            *
    when not matched
        then insert
            *

[0m08:46:22.964563 [debug] [Thread-5 (]: SQL status: OK in 2.320 seconds
[0m08:46:22.992617 [debug] [Thread-5 (]: Databricks adapter: Cursor(session-id=01f1b7f4-652e-172b-9343-4ea508eacb1a, command-id=01f1b7f4-6990-17c0-a72f-a0acd9c22871) - Closing
[0m08:46:22.997239 [debug] [Thread-5 (]: On model.walmart_project.employees_t: Close
[0m08:46:23.008666 [debug] [Thread-5 (]: Databricks adapter: Connection(session-id=01f1b7f4-652e-172b-9343-4ea508eacb1a) - Closing
[0m08:46:23.318642 [debug] [Thread-5 (]: Sending event: {'category': 'dbt', 'action': 'run_model', 'label': 'dc4fa711-5eab-44f5-9908-d01141673c27', 'context': [<snowplow_tracker.self_describing_json.SelfDescribingJson object at 0x7fcb7055acb0>]}
[0m08:46:23.320340 [info ] [Thread-5 (]: 2 of 6 OK created sql incremental model silver_t.employees_t ................... [[32mOK[0m in 11.18s]
[0m08:46:23.321813 [debug] [Thread-5 (]: Finished running node model.walmart_project.employees_t
[0m08:46:23.324678 [debug] [Thread-5 (]: Began running node model.walmart_project.order_items_t
[0m08:46:23.325715 [info ] [Thread-5 (]: 3 of 6 START sql incremental model silver_t.order_items_t ...................... [RUN]
[0m08:46:23.326775 [debug] [Thread-5 (]: Databricks adapter: DatabricksDBTConnection(session-id=None, name=model.walmart_project.order_items_t) - Creating connection
[0m08:46:23.327443 [debug] [Thread-5 (]: Acquiring new databricks connection 'model.walmart_project.order_items_t'
[0m08:46:23.328012 [debug] [Thread-5 (]: Began compiling node model.walmart_project.order_items_t
[0m08:46:23.331767 [debug] [Thread-5 (]: Writing injected SQL for node "model.walmart_project.order_items_t"
[0m08:46:23.342338 [debug] [Thread-5 (]: Began executing node model.walmart_project.order_items_t
[0m08:46:23.344996 [debug] [Thread-5 (]: MATERIALIZING INCREMENTAL
[0m08:46:23.348168 [debug] [Thread-5 (]: Using databricks connection "model.walmart_project.order_items_t"
[0m08:46:23.349234 [debug] [Thread-5 (]: On model.walmart_project.order_items_t: /* {"app": "dbt", "dbt_version": "1.12.5", "dbt_databricks_version": "1.10.9", "databricks_sql_connector_version": "4.5.0", "profile_name": "walmart_project", "target_name": "dev", "node_id": "model.walmart_project.order_items_t"} */
SELECT tag_name, tag_value
  FROM `system`.`information_schema`.`table_tags`
  WHERE catalog_name = 'walmart' 
    AND schema_name = 'silver_t'
    AND table_name = 'order_items_t'
  
[0m08:46:23.349938 [debug] [Thread-5 (]: Opening a new connection, currently in state init
[0m08:46:24.543659 [debug] [Thread-5 (]: Databricks adapter: Connection(session-id=01f1b7f4-6bab-12f4-9f90-6be29e960c4e) - Created
[0m08:46:25.086861 [debug] [Thread-5 (]: SQL status: OK in 1.740 seconds
[0m08:46:25.091208 [debug] [Thread-5 (]: Databricks adapter: Cursor(session-id=01f1b7f4-6bab-12f4-9f90-6be29e960c4e, command-id=01f1b7f4-6be4-1cd2-a0b9-a7c2bcc901a9) - Closing
[0m08:46:25.094233 [debug] [Thread-5 (]: Using databricks connection "model.walmart_project.order_items_t"
[0m08:46:25.098604 [debug] [Thread-5 (]: On model.walmart_project.order_items_t: /* {"app": "dbt", "dbt_version": "1.12.5", "dbt_databricks_version": "1.10.9", "databricks_sql_connector_version": "4.5.0", "profile_name": "walmart_project", "target_name": "dev", "node_id": "model.walmart_project.order_items_t"} */
SELECT 
    column_name,
    tag_name,
    tag_value
  FROM `system`.`information_schema`.`column_tags`
  WHERE catalog_name = 'walmart'
    AND schema_name = 'silver_t'
    AND table_name = 'order_items_t';
  
[0m08:46:25.653212 [debug] [Thread-5 (]: SQL status: OK in 0.550 seconds
[0m08:46:25.657477 [debug] [Thread-5 (]: Databricks adapter: Cursor(session-id=01f1b7f4-6bab-12f4-9f90-6be29e960c4e, command-id=01f1b7f4-6c38-1fb8-bff3-75ce78eb7134) - Closing
[0m08:46:25.660105 [debug] [Thread-5 (]: Using databricks connection "model.walmart_project.order_items_t"
[0m08:46:25.661163 [debug] [Thread-5 (]: On model.walmart_project.order_items_t: /* {"app": "dbt", "dbt_version": "1.12.5", "dbt_databricks_version": "1.10.9", "databricks_sql_connector_version": "4.5.0", "profile_name": "walmart_project", "target_name": "dev", "node_id": "model.walmart_project.order_items_t"} */
SELECT column_name
  FROM `walmart`.`information_schema`.`columns`
  WHERE table_catalog = 'walmart' 
    AND table_schema = 'silver_t'
    AND table_name = 'order_items_t'
    AND is_nullable = 'NO';
  
[0m08:46:26.278102 [debug] [Thread-5 (]: SQL status: OK in 0.620 seconds
[0m08:46:26.289380 [debug] [Thread-5 (]: Databricks adapter: Cursor(session-id=01f1b7f4-6bab-12f4-9f90-6be29e960c4e, command-id=01f1b7f4-6c8f-13f8-8bfd-ea25e96d7137) - Closing
[0m08:46:26.294231 [debug] [Thread-5 (]: Using databricks connection "model.walmart_project.order_items_t"
[0m08:46:26.296596 [debug] [Thread-5 (]: On model.walmart_project.order_items_t: /* {"app": "dbt", "dbt_version": "1.12.5", "dbt_databricks_version": "1.10.9", "databricks_sql_connector_version": "4.5.0", "profile_name": "walmart_project", "target_name": "dev", "node_id": "model.walmart_project.order_items_t"} */
SELECT kcu.constraint_name, kcu.column_name
  FROM `walmart`.information_schema.key_column_usage kcu
  WHERE kcu.table_catalog = 'walmart' 
    AND kcu.table_schema = 'silver_t'
    AND kcu.table_name = 'order_items_t' 
    AND kcu.constraint_name = (
      SELECT constraint_name
      FROM `walmart`.information_schema.table_constraints
      WHERE table_catalog = 'walmart'
        AND table_schema = 'silver_t'
        AND table_name = 'order_items_t' 
        AND constraint_type = 'PRIMARY KEY'
    )
  ORDER BY kcu.ordinal_position;
  
[0m08:46:27.040568 [debug] [Thread-5 (]: SQL status: OK in 0.740 seconds
[0m08:46:27.044718 [debug] [Thread-5 (]: Databricks adapter: Cursor(session-id=01f1b7f4-6bab-12f4-9f90-6be29e960c4e, command-id=01f1b7f4-6cef-1c36-afd2-5842de635d69) - Closing
[0m08:46:27.047893 [debug] [Thread-5 (]: Using databricks connection "model.walmart_project.order_items_t"
[0m08:46:27.048893 [debug] [Thread-5 (]: On model.walmart_project.order_items_t: /* {"app": "dbt", "dbt_version": "1.12.5", "dbt_databricks_version": "1.10.9", "databricks_sql_connector_version": "4.5.0", "profile_name": "walmart_project", "target_name": "dev", "node_id": "model.walmart_project.order_items_t"} */
SELECT
    kcu.constraint_name,
    kcu.column_name AS from_column,
    ukcu.table_catalog AS to_catalog,
    ukcu.table_schema AS to_schema,
    ukcu.table_name AS to_table,
    ukcu.column_name AS to_column
  FROM `walmart`.information_schema.key_column_usage kcu
  JOIN `walmart`.information_schema.referential_constraints rc
    ON kcu.constraint_name = rc.constraint_name
  JOIN `walmart`.information_schema.key_column_usage ukcu
    ON rc.unique_constraint_name = ukcu.constraint_name
    AND kcu.ordinal_position = ukcu.ordinal_position
  WHERE kcu.table_catalog = 'walmart'
    AND kcu.table_schema = 'silver_t'
    AND kcu.table_name = 'order_items_t'
    AND kcu.constraint_name IN (
      SELECT constraint_name
      FROM `walmart`.information_schema.table_constraints
      WHERE table_catalog = 'walmart'
        AND table_schema = 'silver_t'
        AND table_name = 'order_items_t'
        AND constraint_type = 'FOREIGN KEY'
    )
  ORDER BY kcu.ordinal_position;
  
[0m08:46:28.175238 [debug] [Thread-5 (]: SQL status: OK in 1.130 seconds
[0m08:46:28.180849 [debug] [Thread-5 (]: Databricks adapter: Cursor(session-id=01f1b7f4-6bab-12f4-9f90-6be29e960c4e, command-id=01f1b7f4-6d62-17a3-a4da-7497a4e40f67) - Closing
[0m08:46:28.183059 [debug] [Thread-5 (]: Using databricks connection "model.walmart_project.order_items_t"
[0m08:46:28.184074 [debug] [Thread-5 (]: On model.walmart_project.order_items_t: /* {"app": "dbt", "dbt_version": "1.12.5", "dbt_databricks_version": "1.10.9", "databricks_sql_connector_version": "4.5.0", "profile_name": "walmart_project", "target_name": "dev", "node_id": "model.walmart_project.order_items_t"} */
SELECT 
    column_name,
    mask_name,
    using_columns
  FROM `system`.`information_schema`.`column_masks`
  WHERE table_catalog = 'walmart'
    AND table_schema = 'silver_t'
    AND table_name = 'order_items_t';
  
[0m08:46:28.705472 [debug] [Thread-5 (]: SQL status: OK in 0.520 seconds
[0m08:46:28.711923 [debug] [Thread-5 (]: Databricks adapter: Cursor(session-id=01f1b7f4-6bab-12f4-9f90-6be29e960c4e, command-id=01f1b7f4-6e0f-159d-967d-b20e67740d8d) - Closing
[0m08:46:28.723315 [debug] [Thread-5 (]: Using databricks connection "model.walmart_project.order_items_t"
[0m08:46:28.727869 [debug] [Thread-5 (]: On model.walmart_project.order_items_t: /* {"app": "dbt", "dbt_version": "1.12.5", "dbt_databricks_version": "1.10.9", "databricks_sql_connector_version": "4.5.0", "profile_name": "walmart_project", "target_name": "dev", "node_id": "model.walmart_project.order_items_t"} */
SHOW TBLPROPERTIES `walmart`.`silver_t`.`order_items_t`
  
[0m08:46:29.233012 [debug] [Thread-5 (]: SQL status: OK in 0.500 seconds
[0m08:46:29.238479 [debug] [Thread-5 (]: Databricks adapter: Cursor(session-id=01f1b7f4-6bab-12f4-9f90-6be29e960c4e, command-id=01f1b7f4-6e62-1d44-9097-3de54a8df634) - Closing
[0m08:46:29.242041 [debug] [Thread-5 (]: Using databricks connection "model.walmart_project.order_items_t"
[0m08:46:29.243184 [debug] [Thread-5 (]: On model.walmart_project.order_items_t: /* {"app": "dbt", "dbt_version": "1.12.5", "dbt_databricks_version": "1.10.9", "databricks_sql_connector_version": "4.5.0", "profile_name": "walmart_project", "target_name": "dev", "node_id": "model.walmart_project.order_items_t"} */
describe extended `walmart`.`silver_t`.`order_items_t`
  
[0m08:46:29.759852 [debug] [Thread-5 (]: SQL status: OK in 0.520 seconds
[0m08:46:29.765458 [debug] [Thread-5 (]: Databricks adapter: Cursor(session-id=01f1b7f4-6bab-12f4-9f90-6be29e960c4e, command-id=01f1b7f4-6eb4-14b4-837e-0554cf55b870) - Closing
[0m08:46:29.773257 [debug] [Thread-5 (]: Databricks adapter: Getting diff for ColumnCommentsConfig: comments={} quoted={} persist=False and comments={'order_item_id': '', 'order_id': '', 'product_id': '', 'quantity': '', 'unit_price': '', 'line_amount': '', 'created_timestamp': '', 'updated_timestamp': '', 'is_active': '', 'processed_at': '', '': ''} quoted={} persist=False
[0m08:46:29.777175 [debug] [Thread-5 (]: Using databricks connection "model.walmart_project.order_items_t"
[0m08:46:29.778586 [debug] [Thread-5 (]: On model.walmart_project.order_items_t: /* {"app": "dbt", "dbt_version": "1.12.5", "dbt_databricks_version": "1.10.9", "databricks_sql_connector_version": "4.5.0", "profile_name": "walmart_project", "target_name": "dev", "node_id": "model.walmart_project.order_items_t"} */

  
    create or replace temporary view `order_items_t__dbt_tmp` as
      SELECT 
    *,
    current_timestamp() AS processed_at
FROM 
    `walmart`.`bronze`.`order_items`



    WHERE updated_timestamp > (SELECT COALESCE(MAX(updated_timestamp), '1900-01-01') FROM `walmart`.`silver_t`.`order_items_t`)
  
[0m08:46:30.336015 [debug] [Thread-5 (]: SQL status: OK in 0.560 seconds
[0m08:46:30.340793 [debug] [Thread-5 (]: Databricks adapter: Cursor(session-id=01f1b7f4-6bab-12f4-9f90-6be29e960c4e, command-id=01f1b7f4-6f02-1820-993f-e6b6f98939fa) - Closing
[0m08:46:30.356108 [debug] [Thread-5 (]: Using databricks connection "model.walmart_project.order_items_t"
[0m08:46:30.357482 [debug] [Thread-5 (]: On model.walmart_project.order_items_t: /* {"app": "dbt", "dbt_version": "1.12.5", "dbt_databricks_version": "1.10.9", "databricks_sql_connector_version": "4.5.0", "profile_name": "walmart_project", "target_name": "dev", "node_id": "model.walmart_project.order_items_t"} */

    
  DESCRIBE TABLE EXTENDED `walmart`.`silver_t`.`order_items_t` AS JSON

  
[0m08:46:30.922092 [debug] [Thread-5 (]: SQL status: OK in 0.560 seconds
[0m08:46:30.935940 [debug] [Thread-5 (]: Databricks adapter: Cursor(session-id=01f1b7f4-6bab-12f4-9f90-6be29e960c4e, command-id=01f1b7f4-6f5b-188e-bb38-3ddfa73bdfcf) - Closing
[0m08:46:30.942053 [debug] [Thread-5 (]: Using databricks connection "model.walmart_project.order_items_t"
[0m08:46:30.944655 [debug] [Thread-5 (]: On model.walmart_project.order_items_t: /* {"app": "dbt", "dbt_version": "1.12.5", "dbt_databricks_version": "1.10.9", "databricks_sql_connector_version": "4.5.0", "profile_name": "walmart_project", "target_name": "dev", "node_id": "model.walmart_project.order_items_t"} */

    
  DESCRIBE TABLE EXTENDED `order_items_t__dbt_tmp` AS JSON

  
[0m08:46:31.291533 [debug] [Thread-5 (]: SQL status: OK in 0.340 seconds
[0m08:46:31.295476 [debug] [Thread-5 (]: Databricks adapter: Cursor(session-id=01f1b7f4-6bab-12f4-9f90-6be29e960c4e, command-id=01f1b7f4-6fb4-16b8-b81c-59298ea47b66) - Closing
[0m08:46:31.298986 [debug] [Thread-5 (]: Writing runtime sql for node "model.walmart_project.order_items_t"
[0m08:46:31.311984 [debug] [Thread-5 (]: Using databricks connection "model.walmart_project.order_items_t"
[0m08:46:31.313347 [debug] [Thread-5 (]: On model.walmart_project.order_items_t: /* {"app": "dbt", "dbt_version": "1.12.5", "dbt_databricks_version": "1.10.9", "databricks_sql_connector_version": "4.5.0", "profile_name": "walmart_project", "target_name": "dev", "node_id": "model.walmart_project.order_items_t"} */
-- back compat for old kwarg name
  
  
  
  
  
  
      
          
          
      
  

    merge
    into
        `walmart`.`silver_t`.`order_items_t` as DBT_INTERNAL_DEST
    using
        `order_items_t__dbt_tmp` as DBT_INTERNAL_SOURCE
    on
        
              DBT_INTERNAL_SOURCE.order_item_id <=> DBT_INTERNAL_DEST.order_item_id
          
    when matched
        then update set
            *
    when not matched
        then insert
            *

[0m08:46:33.537189 [debug] [Thread-5 (]: SQL status: OK in 2.220 seconds
[0m08:46:33.547199 [debug] [Thread-5 (]: Databricks adapter: Cursor(session-id=01f1b7f4-6bab-12f4-9f90-6be29e960c4e, command-id=01f1b7f4-6fed-11de-9ae1-ff6a725174b3) - Closing
[0m08:46:33.568502 [debug] [Thread-5 (]: On model.walmart_project.order_items_t: Close
[0m08:46:33.575834 [debug] [Thread-5 (]: Databricks adapter: Connection(session-id=01f1b7f4-6bab-12f4-9f90-6be29e960c4e) - Closing
[0m08:46:33.884186 [debug] [Thread-5 (]: Sending event: {'category': 'dbt', 'action': 'run_model', 'label': 'dc4fa711-5eab-44f5-9908-d01141673c27', 'context': [<snowplow_tracker.self_describing_json.SelfDescribingJson object at 0x7fcb88697cd0>]}
[0m08:46:33.906460 [info ] [Thread-5 (]: 3 of 6 OK created sql incremental model silver_t.order_items_t ................. [[32mOK[0m in 10.55s]
[0m08:46:33.914013 [debug] [Thread-5 (]: Finished running node model.walmart_project.order_items_t
[0m08:46:33.937894 [debug] [Thread-5 (]: Began running node model.walmart_project.orders_t
[0m08:46:33.941581 [info ] [Thread-5 (]: 4 of 6 START sql incremental model silver_t.orders_t ........................... [RUN]
[0m08:46:33.948947 [debug] [Thread-5 (]: Databricks adapter: DatabricksDBTConnection(session-id=None, name=model.walmart_project.orders_t) - Creating connection
[0m08:46:33.957075 [debug] [Thread-5 (]: Acquiring new databricks connection 'model.walmart_project.orders_t'
[0m08:46:33.966280 [debug] [Thread-5 (]: Began compiling node model.walmart_project.orders_t
[0m08:46:33.981012 [debug] [Thread-5 (]: Writing injected SQL for node "model.walmart_project.orders_t"
[0m08:46:34.011061 [debug] [Thread-5 (]: Began executing node model.walmart_project.orders_t
[0m08:46:34.016283 [debug] [Thread-5 (]: MATERIALIZING INCREMENTAL
[0m08:46:34.022638 [debug] [Thread-5 (]: Using databricks connection "model.walmart_project.orders_t"
[0m08:46:34.026508 [debug] [Thread-5 (]: On model.walmart_project.orders_t: /* {"app": "dbt", "dbt_version": "1.12.5", "dbt_databricks_version": "1.10.9", "databricks_sql_connector_version": "4.5.0", "profile_name": "walmart_project", "target_name": "dev", "node_id": "model.walmart_project.orders_t"} */
SELECT tag_name, tag_value
  FROM `system`.`information_schema`.`table_tags`
  WHERE catalog_name = 'walmart' 
    AND schema_name = 'silver_t'
    AND table_name = 'orders_t'
  
[0m08:46:34.027927 [debug] [Thread-5 (]: Opening a new connection, currently in state init
[0m08:46:35.275409 [debug] [Thread-5 (]: Databricks adapter: Connection(session-id=01f1b7f4-7216-1bdd-9727-9add232e3003) - Created
[0m08:46:35.834378 [debug] [Thread-5 (]: SQL status: OK in 1.810 seconds
[0m08:46:35.839082 [debug] [Thread-5 (]: Databricks adapter: Cursor(session-id=01f1b7f4-7216-1bdd-9727-9add232e3003, command-id=01f1b7f4-724a-1966-9fdd-7079dbd02453) - Closing
[0m08:46:35.841801 [debug] [Thread-5 (]: Using databricks connection "model.walmart_project.orders_t"
[0m08:46:35.843014 [debug] [Thread-5 (]: On model.walmart_project.orders_t: /* {"app": "dbt", "dbt_version": "1.12.5", "dbt_databricks_version": "1.10.9", "databricks_sql_connector_version": "4.5.0", "profile_name": "walmart_project", "target_name": "dev", "node_id": "model.walmart_project.orders_t"} */
SELECT 
    column_name,
    tag_name,
    tag_value
  FROM `system`.`information_schema`.`column_tags`
  WHERE catalog_name = 'walmart'
    AND schema_name = 'silver_t'
    AND table_name = 'orders_t';
  
[0m08:46:36.409742 [debug] [Thread-5 (]: SQL status: OK in 0.560 seconds
[0m08:46:36.414005 [debug] [Thread-5 (]: Databricks adapter: Cursor(session-id=01f1b7f4-7216-1bdd-9727-9add232e3003, command-id=01f1b7f4-72a0-1651-bc33-449071dded1f) - Closing
[0m08:46:36.416221 [debug] [Thread-5 (]: Using databricks connection "model.walmart_project.orders_t"
[0m08:46:36.417507 [debug] [Thread-5 (]: On model.walmart_project.orders_t: /* {"app": "dbt", "dbt_version": "1.12.5", "dbt_databricks_version": "1.10.9", "databricks_sql_connector_version": "4.5.0", "profile_name": "walmart_project", "target_name": "dev", "node_id": "model.walmart_project.orders_t"} */
SELECT column_name
  FROM `walmart`.`information_schema`.`columns`
  WHERE table_catalog = 'walmart' 
    AND table_schema = 'silver_t'
    AND table_name = 'orders_t'
    AND is_nullable = 'NO';
  
[0m08:46:37.025817 [debug] [Thread-5 (]: SQL status: OK in 0.610 seconds
[0m08:46:37.032487 [debug] [Thread-5 (]: Databricks adapter: Cursor(session-id=01f1b7f4-7216-1bdd-9727-9add232e3003, command-id=01f1b7f4-72f8-1445-acab-8479c88648ac) - Closing
[0m08:46:37.035960 [debug] [Thread-5 (]: Using databricks connection "model.walmart_project.orders_t"
[0m08:46:37.042038 [debug] [Thread-5 (]: On model.walmart_project.orders_t: /* {"app": "dbt", "dbt_version": "1.12.5", "dbt_databricks_version": "1.10.9", "databricks_sql_connector_version": "4.5.0", "profile_name": "walmart_project", "target_name": "dev", "node_id": "model.walmart_project.orders_t"} */
SELECT kcu.constraint_name, kcu.column_name
  FROM `walmart`.information_schema.key_column_usage kcu
  WHERE kcu.table_catalog = 'walmart' 
    AND kcu.table_schema = 'silver_t'
    AND kcu.table_name = 'orders_t' 
    AND kcu.constraint_name = (
      SELECT constraint_name
      FROM `walmart`.information_schema.table_constraints
      WHERE table_catalog = 'walmart'
        AND table_schema = 'silver_t'
        AND table_name = 'orders_t' 
        AND constraint_type = 'PRIMARY KEY'
    )
  ORDER BY kcu.ordinal_position;
  
[0m08:46:37.854570 [debug] [Thread-5 (]: SQL status: OK in 0.810 seconds
[0m08:46:37.867891 [debug] [Thread-5 (]: Databricks adapter: Cursor(session-id=01f1b7f4-7216-1bdd-9727-9add232e3003, command-id=01f1b7f4-7358-1078-af32-b72666424ef7) - Closing
[0m08:46:37.874632 [debug] [Thread-5 (]: Using databricks connection "model.walmart_project.orders_t"
[0m08:46:37.878419 [debug] [Thread-5 (]: On model.walmart_project.orders_t: /* {"app": "dbt", "dbt_version": "1.12.5", "dbt_databricks_version": "1.10.9", "databricks_sql_connector_version": "4.5.0", "profile_name": "walmart_project", "target_name": "dev", "node_id": "model.walmart_project.orders_t"} */
SELECT
    kcu.constraint_name,
    kcu.column_name AS from_column,
    ukcu.table_catalog AS to_catalog,
    ukcu.table_schema AS to_schema,
    ukcu.table_name AS to_table,
    ukcu.column_name AS to_column
  FROM `walmart`.information_schema.key_column_usage kcu
  JOIN `walmart`.information_schema.referential_constraints rc
    ON kcu.constraint_name = rc.constraint_name
  JOIN `walmart`.information_schema.key_column_usage ukcu
    ON rc.unique_constraint_name = ukcu.constraint_name
    AND kcu.ordinal_position = ukcu.ordinal_position
  WHERE kcu.table_catalog = 'walmart'
    AND kcu.table_schema = 'silver_t'
    AND kcu.table_name = 'orders_t'
    AND kcu.constraint_name IN (
      SELECT constraint_name
      FROM `walmart`.information_schema.table_constraints
      WHERE table_catalog = 'walmart'
        AND table_schema = 'silver_t'
        AND table_name = 'orders_t'
        AND constraint_type = 'FOREIGN KEY'
    )
  ORDER BY kcu.ordinal_position;
  
[0m08:46:39.080215 [debug] [Thread-5 (]: SQL status: OK in 1.200 seconds
[0m08:46:39.086495 [debug] [Thread-5 (]: Databricks adapter: Cursor(session-id=01f1b7f4-7216-1bdd-9727-9add232e3003, command-id=01f1b7f4-73d7-1821-bf99-88605868da2e) - Closing
[0m08:46:39.089442 [debug] [Thread-5 (]: Using databricks connection "model.walmart_project.orders_t"
[0m08:46:39.090981 [debug] [Thread-5 (]: On model.walmart_project.orders_t: /* {"app": "dbt", "dbt_version": "1.12.5", "dbt_databricks_version": "1.10.9", "databricks_sql_connector_version": "4.5.0", "profile_name": "walmart_project", "target_name": "dev", "node_id": "model.walmart_project.orders_t"} */
SELECT 
    column_name,
    mask_name,
    using_columns
  FROM `system`.`information_schema`.`column_masks`
  WHERE table_catalog = 'walmart'
    AND table_schema = 'silver_t'
    AND table_name = 'orders_t';
  
[0m08:46:39.602034 [debug] [Thread-5 (]: SQL status: OK in 0.510 seconds
[0m08:46:39.605306 [debug] [Thread-5 (]: Databricks adapter: Cursor(session-id=01f1b7f4-7216-1bdd-9727-9add232e3003, command-id=01f1b7f4-7490-1aab-9053-c3fed6e60bb7) - Closing
[0m08:46:39.608610 [debug] [Thread-5 (]: Using databricks connection "model.walmart_project.orders_t"
[0m08:46:39.609602 [debug] [Thread-5 (]: On model.walmart_project.orders_t: /* {"app": "dbt", "dbt_version": "1.12.5", "dbt_databricks_version": "1.10.9", "databricks_sql_connector_version": "4.5.0", "profile_name": "walmart_project", "target_name": "dev", "node_id": "model.walmart_project.orders_t"} */
SHOW TBLPROPERTIES `walmart`.`silver_t`.`orders_t`
  
[0m08:46:40.426213 [debug] [Thread-5 (]: SQL status: OK in 0.820 seconds
[0m08:46:40.432314 [debug] [Thread-5 (]: Databricks adapter: Cursor(session-id=01f1b7f4-7216-1bdd-9727-9add232e3003, command-id=01f1b7f4-74df-105c-be8d-8d13a6285e34) - Closing
[0m08:46:40.434731 [debug] [Thread-5 (]: Using databricks connection "model.walmart_project.orders_t"
[0m08:46:40.435888 [debug] [Thread-5 (]: On model.walmart_project.orders_t: /* {"app": "dbt", "dbt_version": "1.12.5", "dbt_databricks_version": "1.10.9", "databricks_sql_connector_version": "4.5.0", "profile_name": "walmart_project", "target_name": "dev", "node_id": "model.walmart_project.orders_t"} */
describe extended `walmart`.`silver_t`.`orders_t`
  
[0m08:46:40.954336 [debug] [Thread-5 (]: SQL status: OK in 0.520 seconds
[0m08:46:40.959045 [debug] [Thread-5 (]: Databricks adapter: Cursor(session-id=01f1b7f4-7216-1bdd-9727-9add232e3003, command-id=01f1b7f4-755d-1106-8856-2a6310a81efd) - Closing
[0m08:46:40.961751 [debug] [Thread-5 (]: Databricks adapter: Getting diff for ColumnCommentsConfig: comments={'order_id': ''} quoted={'order_id': False} persist=False and comments={'order_id': '', 'customer_id': '', 'store_id': '', 'order_timestamp': '', 'payment_method': '', 'order_status': '', 'total_amount': '', 'created_timestamp': '', 'updated_timestamp': '', 'is_active': '', 'processed_at': '', '': ''} quoted={} persist=False
[0m08:46:40.964212 [debug] [Thread-5 (]: Using databricks connection "model.walmart_project.orders_t"
[0m08:46:40.965472 [debug] [Thread-5 (]: On model.walmart_project.orders_t: /* {"app": "dbt", "dbt_version": "1.12.5", "dbt_databricks_version": "1.10.9", "databricks_sql_connector_version": "4.5.0", "profile_name": "walmart_project", "target_name": "dev", "node_id": "model.walmart_project.orders_t"} */

  
    create or replace temporary view `orders_t__dbt_tmp` as
      SELECT 
    *,
    current_timestamp() AS processed_at
FROM 
    `walmart`.`bronze`.`orders`



    WHERE updated_timestamp > (SELECT COALESCE(MAX(updated_timestamp), '1900-01-01') FROM `walmart`.`silver_t`.`orders_t`)
  
[0m08:46:41.532551 [debug] [Thread-5 (]: SQL status: OK in 0.560 seconds
[0m08:46:41.534619 [debug] [Thread-5 (]: Databricks adapter: Cursor(session-id=01f1b7f4-7216-1bdd-9727-9add232e3003, command-id=01f1b7f4-75ad-1b37-a4ed-89674f776b98) - Closing
[0m08:46:41.537871 [debug] [Thread-5 (]: Using databricks connection "model.walmart_project.orders_t"
[0m08:46:41.539103 [debug] [Thread-5 (]: On model.walmart_project.orders_t: /* {"app": "dbt", "dbt_version": "1.12.5", "dbt_databricks_version": "1.10.9", "databricks_sql_connector_version": "4.5.0", "profile_name": "walmart_project", "target_name": "dev", "node_id": "model.walmart_project.orders_t"} */

    
  DESCRIBE TABLE EXTENDED `walmart`.`silver_t`.`orders_t` AS JSON

  
[0m08:46:42.118906 [debug] [Thread-5 (]: SQL status: OK in 0.580 seconds
[0m08:46:42.122383 [debug] [Thread-5 (]: Databricks adapter: Cursor(session-id=01f1b7f4-7216-1bdd-9727-9add232e3003, command-id=01f1b7f4-7604-1e4f-8ba0-79a2919f17af) - Closing
[0m08:46:42.124428 [debug] [Thread-5 (]: Using databricks connection "model.walmart_project.orders_t"
[0m08:46:42.125451 [debug] [Thread-5 (]: On model.walmart_project.orders_t: /* {"app": "dbt", "dbt_version": "1.12.5", "dbt_databricks_version": "1.10.9", "databricks_sql_connector_version": "4.5.0", "profile_name": "walmart_project", "target_name": "dev", "node_id": "model.walmart_project.orders_t"} */

    
  DESCRIBE TABLE EXTENDED `orders_t__dbt_tmp` AS JSON

  
[0m08:46:42.492869 [debug] [Thread-5 (]: SQL status: OK in 0.370 seconds
[0m08:46:42.496631 [debug] [Thread-5 (]: Databricks adapter: Cursor(session-id=01f1b7f4-7216-1bdd-9727-9add232e3003, command-id=01f1b7f4-765e-18c0-b980-db381eb0cd99) - Closing
[0m08:46:42.498491 [debug] [Thread-5 (]: Writing runtime sql for node "model.walmart_project.orders_t"
[0m08:46:42.505825 [debug] [Thread-5 (]: Using databricks connection "model.walmart_project.orders_t"
[0m08:46:42.506737 [debug] [Thread-5 (]: On model.walmart_project.orders_t: /* {"app": "dbt", "dbt_version": "1.12.5", "dbt_databricks_version": "1.10.9", "databricks_sql_connector_version": "4.5.0", "profile_name": "walmart_project", "target_name": "dev", "node_id": "model.walmart_project.orders_t"} */
-- back compat for old kwarg name
  
  
  
  
  
  
      
          
          
      
  

    merge
    into
        `walmart`.`silver_t`.`orders_t` as DBT_INTERNAL_DEST
    using
        `orders_t__dbt_tmp` as DBT_INTERNAL_SOURCE
    on
        
              DBT_INTERNAL_SOURCE.order_id <=> DBT_INTERNAL_DEST.order_id
          
    when matched
        then update set
            *
    when not matched
        then insert
            *

[0m08:46:44.824737 [debug] [Thread-5 (]: SQL status: OK in 2.320 seconds
[0m08:46:44.830196 [debug] [Thread-5 (]: Databricks adapter: Cursor(session-id=01f1b7f4-7216-1bdd-9727-9add232e3003, command-id=01f1b7f4-7699-1838-82ef-6c35123ca525) - Closing
[0m08:46:44.836088 [debug] [Thread-5 (]: On model.walmart_project.orders_t: Close
[0m08:46:44.837884 [debug] [Thread-5 (]: Databricks adapter: Connection(session-id=01f1b7f4-7216-1bdd-9727-9add232e3003) - Closing
[0m08:46:45.142551 [debug] [Thread-5 (]: Sending event: {'category': 'dbt', 'action': 'run_model', 'label': 'dc4fa711-5eab-44f5-9908-d01141673c27', 'context': [<snowplow_tracker.self_describing_json.SelfDescribingJson object at 0x7fcb863acb40>]}
[0m08:46:45.145256 [info ] [Thread-5 (]: 4 of 6 OK created sql incremental model silver_t.orders_t ...................... [[32mOK[0m in 11.19s]
[0m08:46:45.146963 [debug] [Thread-5 (]: Finished running node model.walmart_project.orders_t
[0m08:46:45.148572 [debug] [Thread-5 (]: Began running node model.walmart_project.products_t
[0m08:46:45.150357 [info ] [Thread-5 (]: 5 of 6 START sql incremental model silver_t.products_t ......................... [RUN]
[0m08:46:45.152152 [debug] [Thread-5 (]: Databricks adapter: DatabricksDBTConnection(session-id=None, name=model.walmart_project.products_t) - Creating connection
[0m08:46:45.153329 [debug] [Thread-5 (]: Acquiring new databricks connection 'model.walmart_project.products_t'
[0m08:46:45.154137 [debug] [Thread-5 (]: Began compiling node model.walmart_project.products_t
[0m08:46:45.158493 [debug] [Thread-5 (]: Writing injected SQL for node "model.walmart_project.products_t"
[0m08:46:45.170021 [debug] [Thread-5 (]: Began executing node model.walmart_project.products_t
[0m08:46:45.172472 [debug] [Thread-5 (]: MATERIALIZING INCREMENTAL
[0m08:46:45.174866 [debug] [Thread-5 (]: Using databricks connection "model.walmart_project.products_t"
[0m08:46:45.175596 [debug] [Thread-5 (]: On model.walmart_project.products_t: /* {"app": "dbt", "dbt_version": "1.12.5", "dbt_databricks_version": "1.10.9", "databricks_sql_connector_version": "4.5.0", "profile_name": "walmart_project", "target_name": "dev", "node_id": "model.walmart_project.products_t"} */
SELECT tag_name, tag_value
  FROM `system`.`information_schema`.`table_tags`
  WHERE catalog_name = 'walmart' 
    AND schema_name = 'silver_t'
    AND table_name = 'products_t'
  
[0m08:46:45.176452 [debug] [Thread-5 (]: Opening a new connection, currently in state init
[0m08:46:46.347459 [debug] [Thread-5 (]: Databricks adapter: Connection(session-id=01f1b7f4-78b0-14c3-8d92-79c85b168e88) - Created
[0m08:46:46.896277 [debug] [Thread-5 (]: SQL status: OK in 1.720 seconds
[0m08:46:46.902930 [debug] [Thread-5 (]: Databricks adapter: Cursor(session-id=01f1b7f4-78b0-14c3-8d92-79c85b168e88, command-id=01f1b7f4-78e3-137d-a099-f584b4631476) - Closing
[0m08:46:46.905635 [debug] [Thread-5 (]: Using databricks connection "model.walmart_project.products_t"
[0m08:46:46.906839 [debug] [Thread-5 (]: On model.walmart_project.products_t: /* {"app": "dbt", "dbt_version": "1.12.5", "dbt_databricks_version": "1.10.9", "databricks_sql_connector_version": "4.5.0", "profile_name": "walmart_project", "target_name": "dev", "node_id": "model.walmart_project.products_t"} */
SELECT 
    column_name,
    tag_name,
    tag_value
  FROM `system`.`information_schema`.`column_tags`
  WHERE catalog_name = 'walmart'
    AND schema_name = 'silver_t'
    AND table_name = 'products_t';
  
[0m08:46:47.453847 [debug] [Thread-5 (]: SQL status: OK in 0.550 seconds
[0m08:46:47.461981 [debug] [Thread-5 (]: Databricks adapter: Cursor(session-id=01f1b7f4-78b0-14c3-8d92-79c85b168e88, command-id=01f1b7f4-7937-120c-8a88-ace645de470d) - Closing
[0m08:46:47.467693 [debug] [Thread-5 (]: Using databricks connection "model.walmart_project.products_t"
[0m08:46:47.469785 [debug] [Thread-5 (]: On model.walmart_project.products_t: /* {"app": "dbt", "dbt_version": "1.12.5", "dbt_databricks_version": "1.10.9", "databricks_sql_connector_version": "4.5.0", "profile_name": "walmart_project", "target_name": "dev", "node_id": "model.walmart_project.products_t"} */
SELECT column_name
  FROM `walmart`.`information_schema`.`columns`
  WHERE table_catalog = 'walmart' 
    AND table_schema = 'silver_t'
    AND table_name = 'products_t'
    AND is_nullable = 'NO';
  
[0m08:46:48.044229 [debug] [Thread-5 (]: SQL status: OK in 0.570 seconds
[0m08:46:48.047828 [debug] [Thread-5 (]: Databricks adapter: Cursor(session-id=01f1b7f4-78b0-14c3-8d92-79c85b168e88, command-id=01f1b7f4-798e-14ab-aa07-efce34a8f4ad) - Closing
[0m08:46:48.049720 [debug] [Thread-5 (]: Using databricks connection "model.walmart_project.products_t"
[0m08:46:48.050495 [debug] [Thread-5 (]: On model.walmart_project.products_t: /* {"app": "dbt", "dbt_version": "1.12.5", "dbt_databricks_version": "1.10.9", "databricks_sql_connector_version": "4.5.0", "profile_name": "walmart_project", "target_name": "dev", "node_id": "model.walmart_project.products_t"} */
SELECT kcu.constraint_name, kcu.column_name
  FROM `walmart`.information_schema.key_column_usage kcu
  WHERE kcu.table_catalog = 'walmart' 
    AND kcu.table_schema = 'silver_t'
    AND kcu.table_name = 'products_t' 
    AND kcu.constraint_name = (
      SELECT constraint_name
      FROM `walmart`.information_schema.table_constraints
      WHERE table_catalog = 'walmart'
        AND table_schema = 'silver_t'
        AND table_name = 'products_t' 
        AND constraint_type = 'PRIMARY KEY'
    )
  ORDER BY kcu.ordinal_position;
  
[0m08:46:48.834497 [debug] [Thread-5 (]: SQL status: OK in 0.780 seconds
[0m08:46:48.837547 [debug] [Thread-5 (]: Databricks adapter: Cursor(session-id=01f1b7f4-78b0-14c3-8d92-79c85b168e88, command-id=01f1b7f4-79e5-1b21-b4f4-0449cff848d4) - Closing
[0m08:46:48.839493 [debug] [Thread-5 (]: Using databricks connection "model.walmart_project.products_t"
[0m08:46:48.840367 [debug] [Thread-5 (]: On model.walmart_project.products_t: /* {"app": "dbt", "dbt_version": "1.12.5", "dbt_databricks_version": "1.10.9", "databricks_sql_connector_version": "4.5.0", "profile_name": "walmart_project", "target_name": "dev", "node_id": "model.walmart_project.products_t"} */
SELECT
    kcu.constraint_name,
    kcu.column_name AS from_column,
    ukcu.table_catalog AS to_catalog,
    ukcu.table_schema AS to_schema,
    ukcu.table_name AS to_table,
    ukcu.column_name AS to_column
  FROM `walmart`.information_schema.key_column_usage kcu
  JOIN `walmart`.information_schema.referential_constraints rc
    ON kcu.constraint_name = rc.constraint_name
  JOIN `walmart`.information_schema.key_column_usage ukcu
    ON rc.unique_constraint_name = ukcu.constraint_name
    AND kcu.ordinal_position = ukcu.ordinal_position
  WHERE kcu.table_catalog = 'walmart'
    AND kcu.table_schema = 'silver_t'
    AND kcu.table_name = 'products_t'
    AND kcu.constraint_name IN (
      SELECT constraint_name
      FROM `walmart`.information_schema.table_constraints
      WHERE table_catalog = 'walmart'
        AND table_schema = 'silver_t'
        AND table_name = 'products_t'
        AND constraint_type = 'FOREIGN KEY'
    )
  ORDER BY kcu.ordinal_position;
  
[0m08:46:49.956143 [debug] [Thread-5 (]: SQL status: OK in 1.110 seconds
[0m08:46:49.959370 [debug] [Thread-5 (]: Databricks adapter: Cursor(session-id=01f1b7f4-78b0-14c3-8d92-79c85b168e88, command-id=01f1b7f4-7a5e-141c-8ddb-c4000d8581f6) - Closing
[0m08:46:49.962170 [debug] [Thread-5 (]: Using databricks connection "model.walmart_project.products_t"
[0m08:46:49.963709 [debug] [Thread-5 (]: On model.walmart_project.products_t: /* {"app": "dbt", "dbt_version": "1.12.5", "dbt_databricks_version": "1.10.9", "databricks_sql_connector_version": "4.5.0", "profile_name": "walmart_project", "target_name": "dev", "node_id": "model.walmart_project.products_t"} */
SELECT 
    column_name,
    mask_name,
    using_columns
  FROM `system`.`information_schema`.`column_masks`
  WHERE table_catalog = 'walmart'
    AND table_schema = 'silver_t'
    AND table_name = 'products_t';
  
[0m08:46:50.476428 [debug] [Thread-5 (]: SQL status: OK in 0.510 seconds
[0m08:46:50.479774 [debug] [Thread-5 (]: Databricks adapter: Cursor(session-id=01f1b7f4-78b0-14c3-8d92-79c85b168e88, command-id=01f1b7f4-7b0a-1a49-9de0-c7815c734376) - Closing
[0m08:46:50.481625 [debug] [Thread-5 (]: Using databricks connection "model.walmart_project.products_t"
[0m08:46:50.483178 [debug] [Thread-5 (]: On model.walmart_project.products_t: /* {"app": "dbt", "dbt_version": "1.12.5", "dbt_databricks_version": "1.10.9", "databricks_sql_connector_version": "4.5.0", "profile_name": "walmart_project", "target_name": "dev", "node_id": "model.walmart_project.products_t"} */
SHOW TBLPROPERTIES `walmart`.`silver_t`.`products_t`
  
[0m08:46:50.969667 [debug] [Thread-5 (]: SQL status: OK in 0.490 seconds
[0m08:46:50.972664 [debug] [Thread-5 (]: Databricks adapter: Cursor(session-id=01f1b7f4-78b0-14c3-8d92-79c85b168e88, command-id=01f1b7f4-7b58-1b1b-b49e-7b6a23b5ba78) - Closing
[0m08:46:50.974325 [debug] [Thread-5 (]: Using databricks connection "model.walmart_project.products_t"
[0m08:46:50.975032 [debug] [Thread-5 (]: On model.walmart_project.products_t: /* {"app": "dbt", "dbt_version": "1.12.5", "dbt_databricks_version": "1.10.9", "databricks_sql_connector_version": "4.5.0", "profile_name": "walmart_project", "target_name": "dev", "node_id": "model.walmart_project.products_t"} */
describe extended `walmart`.`silver_t`.`products_t`
  
[0m08:46:51.485003 [debug] [Thread-5 (]: SQL status: OK in 0.510 seconds
[0m08:46:51.489588 [debug] [Thread-5 (]: Databricks adapter: Cursor(session-id=01f1b7f4-78b0-14c3-8d92-79c85b168e88, command-id=01f1b7f4-7ba3-1dc6-864c-35da54b2f8c1) - Closing
[0m08:46:51.491602 [debug] [Thread-5 (]: Databricks adapter: Getting diff for ColumnCommentsConfig: comments={'product_id': ''} quoted={'product_id': False} persist=False and comments={'product_id': '', 'product_name': '', 'category': '', 'brand': '', 'price': '', 'created_timestamp': '', 'updated_timestamp': '', 'is_active': '', 'processed_at': '', '': ''} quoted={} persist=False
[0m08:46:51.493109 [debug] [Thread-5 (]: Using databricks connection "model.walmart_project.products_t"
[0m08:46:51.493943 [debug] [Thread-5 (]: On model.walmart_project.products_t: /* {"app": "dbt", "dbt_version": "1.12.5", "dbt_databricks_version": "1.10.9", "databricks_sql_connector_version": "4.5.0", "profile_name": "walmart_project", "target_name": "dev", "node_id": "model.walmart_project.products_t"} */

  
    create or replace temporary view `products_t__dbt_tmp` as
      SELECT 
    *,
    current_timestamp() AS processed_at
FROM 
    `walmart`.`bronze`.`products`



    WHERE updated_timestamp > (SELECT COALESCE(MAX(updated_timestamp), '1900-01-01') FROM `walmart`.`silver_t`.`products_t`)
  
[0m08:46:52.079067 [debug] [Thread-5 (]: SQL status: OK in 0.580 seconds
[0m08:46:52.081043 [debug] [Thread-5 (]: Databricks adapter: Cursor(session-id=01f1b7f4-78b0-14c3-8d92-79c85b168e88, command-id=01f1b7f4-7bf3-126e-affe-2d3148927d8b) - Closing
[0m08:46:52.084462 [debug] [Thread-5 (]: Using databricks connection "model.walmart_project.products_t"
[0m08:46:52.085384 [debug] [Thread-5 (]: On model.walmart_project.products_t: /* {"app": "dbt", "dbt_version": "1.12.5", "dbt_databricks_version": "1.10.9", "databricks_sql_connector_version": "4.5.0", "profile_name": "walmart_project", "target_name": "dev", "node_id": "model.walmart_project.products_t"} */

    
  DESCRIBE TABLE EXTENDED `walmart`.`silver_t`.`products_t` AS JSON

  
[0m08:46:52.728424 [debug] [Thread-5 (]: SQL status: OK in 0.640 seconds
[0m08:46:52.731147 [debug] [Thread-5 (]: Databricks adapter: Cursor(session-id=01f1b7f4-78b0-14c3-8d92-79c85b168e88, command-id=01f1b7f4-7c4d-12f9-98ed-e863ffd6a193) - Closing
[0m08:46:52.733401 [debug] [Thread-5 (]: Using databricks connection "model.walmart_project.products_t"
[0m08:46:52.734355 [debug] [Thread-5 (]: On model.walmart_project.products_t: /* {"app": "dbt", "dbt_version": "1.12.5", "dbt_databricks_version": "1.10.9", "databricks_sql_connector_version": "4.5.0", "profile_name": "walmart_project", "target_name": "dev", "node_id": "model.walmart_project.products_t"} */

    
  DESCRIBE TABLE EXTENDED `products_t__dbt_tmp` AS JSON

  
[0m08:46:53.134270 [debug] [Thread-5 (]: SQL status: OK in 0.400 seconds
[0m08:46:53.137076 [debug] [Thread-5 (]: Databricks adapter: Cursor(session-id=01f1b7f4-78b0-14c3-8d92-79c85b168e88, command-id=01f1b7f4-7cb0-16cb-b7e0-fc92a494084c) - Closing
[0m08:46:53.138695 [debug] [Thread-5 (]: Writing runtime sql for node "model.walmart_project.products_t"
[0m08:46:53.147620 [debug] [Thread-5 (]: Using databricks connection "model.walmart_project.products_t"
[0m08:46:53.149058 [debug] [Thread-5 (]: On model.walmart_project.products_t: /* {"app": "dbt", "dbt_version": "1.12.5", "dbt_databricks_version": "1.10.9", "databricks_sql_connector_version": "4.5.0", "profile_name": "walmart_project", "target_name": "dev", "node_id": "model.walmart_project.products_t"} */
-- back compat for old kwarg name
  
  
  
  
  
  
      
          
          
      
  

    merge
    into
        `walmart`.`silver_t`.`products_t` as DBT_INTERNAL_DEST
    using
        `products_t__dbt_tmp` as DBT_INTERNAL_SOURCE
    on
        
              DBT_INTERNAL_SOURCE.product_id <=> DBT_INTERNAL_DEST.product_id
          
    when matched
        then update set
            *
    when not matched
        then insert
            *

[0m08:46:55.759248 [debug] [Thread-5 (]: SQL status: OK in 2.610 seconds
[0m08:46:55.763219 [debug] [Thread-5 (]: Databricks adapter: Cursor(session-id=01f1b7f4-78b0-14c3-8d92-79c85b168e88, command-id=01f1b7f4-7cef-18c8-bba4-c55407bfa8af) - Closing
[0m08:46:55.766706 [debug] [Thread-5 (]: On model.walmart_project.products_t: Close
[0m08:46:55.767621 [debug] [Thread-5 (]: Databricks adapter: Connection(session-id=01f1b7f4-78b0-14c3-8d92-79c85b168e88) - Closing
[0m08:46:56.114957 [debug] [Thread-5 (]: Sending event: {'category': 'dbt', 'action': 'run_model', 'label': 'dc4fa711-5eab-44f5-9908-d01141673c27', 'context': [<snowplow_tracker.self_describing_json.SelfDescribingJson object at 0x7fcb8870c0b0>]}
[0m08:46:56.116306 [info ] [Thread-5 (]: 5 of 6 OK created sql incremental model silver_t.products_t .................... [[32mOK[0m in 10.96s]
[0m08:46:56.117429 [debug] [Thread-5 (]: Finished running node model.walmart_project.products_t
[0m08:46:56.118145 [debug] [Thread-5 (]: Began running node model.walmart_project.stores_t
[0m08:46:56.118886 [info ] [Thread-5 (]: 6 of 6 START sql incremental model silver_t.stores_t ........................... [RUN]
[0m08:46:56.119781 [debug] [Thread-5 (]: Databricks adapter: DatabricksDBTConnection(session-id=None, name=model.walmart_project.stores_t) - Creating connection
[0m08:46:56.120378 [debug] [Thread-5 (]: Acquiring new databricks connection 'model.walmart_project.stores_t'
[0m08:46:56.120940 [debug] [Thread-5 (]: Began compiling node model.walmart_project.stores_t
[0m08:46:56.126567 [debug] [Thread-5 (]: Writing injected SQL for node "model.walmart_project.stores_t"
[0m08:46:56.151341 [debug] [Thread-5 (]: Began executing node model.walmart_project.stores_t
[0m08:46:56.156296 [debug] [Thread-5 (]: MATERIALIZING INCREMENTAL
[0m08:46:56.164261 [debug] [Thread-5 (]: Using databricks connection "model.walmart_project.stores_t"
[0m08:46:56.165758 [debug] [Thread-5 (]: On model.walmart_project.stores_t: /* {"app": "dbt", "dbt_version": "1.12.5", "dbt_databricks_version": "1.10.9", "databricks_sql_connector_version": "4.5.0", "profile_name": "walmart_project", "target_name": "dev", "node_id": "model.walmart_project.stores_t"} */
SELECT tag_name, tag_value
  FROM `system`.`information_schema`.`table_tags`
  WHERE catalog_name = 'walmart' 
    AND schema_name = 'silver_t'
    AND table_name = 'stores_t'
  
[0m08:46:56.166919 [debug] [Thread-5 (]: Opening a new connection, currently in state init
[0m08:46:57.511458 [debug] [Thread-5 (]: Databricks adapter: Connection(session-id=01f1b7f4-7f56-1062-85d7-336486c5d648) - Created
[0m08:46:58.024435 [debug] [Thread-5 (]: SQL status: OK in 1.860 seconds
[0m08:46:58.029857 [debug] [Thread-5 (]: Databricks adapter: Cursor(session-id=01f1b7f4-7f56-1062-85d7-336486c5d648, command-id=01f1b7f4-7f8a-1982-a301-9505d0c2e1b1) - Closing
[0m08:46:58.031998 [debug] [Thread-5 (]: Using databricks connection "model.walmart_project.stores_t"
[0m08:46:58.032819 [debug] [Thread-5 (]: On model.walmart_project.stores_t: /* {"app": "dbt", "dbt_version": "1.12.5", "dbt_databricks_version": "1.10.9", "databricks_sql_connector_version": "4.5.0", "profile_name": "walmart_project", "target_name": "dev", "node_id": "model.walmart_project.stores_t"} */
SELECT 
    column_name,
    tag_name,
    tag_value
  FROM `system`.`information_schema`.`column_tags`
  WHERE catalog_name = 'walmart'
    AND schema_name = 'silver_t'
    AND table_name = 'stores_t';
  
[0m08:46:58.524322 [debug] [Thread-5 (]: SQL status: OK in 0.490 seconds
[0m08:46:58.533138 [debug] [Thread-5 (]: Databricks adapter: Cursor(session-id=01f1b7f4-7f56-1062-85d7-336486c5d648, command-id=01f1b7f4-7fd9-1971-b5d8-6a5506ed9bdb) - Closing
[0m08:46:58.536692 [debug] [Thread-5 (]: Using databricks connection "model.walmart_project.stores_t"
[0m08:46:58.538593 [debug] [Thread-5 (]: On model.walmart_project.stores_t: /* {"app": "dbt", "dbt_version": "1.12.5", "dbt_databricks_version": "1.10.9", "databricks_sql_connector_version": "4.5.0", "profile_name": "walmart_project", "target_name": "dev", "node_id": "model.walmart_project.stores_t"} */
SELECT column_name
  FROM `walmart`.`information_schema`.`columns`
  WHERE table_catalog = 'walmart' 
    AND table_schema = 'silver_t'
    AND table_name = 'stores_t'
    AND is_nullable = 'NO';
  
[0m08:46:59.122357 [debug] [Thread-5 (]: SQL status: OK in 0.580 seconds
[0m08:46:59.128512 [debug] [Thread-5 (]: Databricks adapter: Cursor(session-id=01f1b7f4-7f56-1062-85d7-336486c5d648, command-id=01f1b7f4-8027-191d-ae6e-6b6ca04f5c63) - Closing
[0m08:46:59.130721 [debug] [Thread-5 (]: Using databricks connection "model.walmart_project.stores_t"
[0m08:46:59.131642 [debug] [Thread-5 (]: On model.walmart_project.stores_t: /* {"app": "dbt", "dbt_version": "1.12.5", "dbt_databricks_version": "1.10.9", "databricks_sql_connector_version": "4.5.0", "profile_name": "walmart_project", "target_name": "dev", "node_id": "model.walmart_project.stores_t"} */
SELECT kcu.constraint_name, kcu.column_name
  FROM `walmart`.information_schema.key_column_usage kcu
  WHERE kcu.table_catalog = 'walmart' 
    AND kcu.table_schema = 'silver_t'
    AND kcu.table_name = 'stores_t' 
    AND kcu.constraint_name = (
      SELECT constraint_name
      FROM `walmart`.information_schema.table_constraints
      WHERE table_catalog = 'walmart'
        AND table_schema = 'silver_t'
        AND table_name = 'stores_t' 
        AND constraint_type = 'PRIMARY KEY'
    )
  ORDER BY kcu.ordinal_position;
  
[0m08:46:59.895116 [debug] [Thread-5 (]: SQL status: OK in 0.760 seconds
[0m08:46:59.901386 [debug] [Thread-5 (]: Databricks adapter: Cursor(session-id=01f1b7f4-7f56-1062-85d7-336486c5d648, command-id=01f1b7f4-8081-1592-b869-8f8fb5d2e771) - Closing
[0m08:46:59.904399 [debug] [Thread-5 (]: Using databricks connection "model.walmart_project.stores_t"
[0m08:46:59.905809 [debug] [Thread-5 (]: On model.walmart_project.stores_t: /* {"app": "dbt", "dbt_version": "1.12.5", "dbt_databricks_version": "1.10.9", "databricks_sql_connector_version": "4.5.0", "profile_name": "walmart_project", "target_name": "dev", "node_id": "model.walmart_project.stores_t"} */
SELECT
    kcu.constraint_name,
    kcu.column_name AS from_column,
    ukcu.table_catalog AS to_catalog,
    ukcu.table_schema AS to_schema,
    ukcu.table_name AS to_table,
    ukcu.column_name AS to_column
  FROM `walmart`.information_schema.key_column_usage kcu
  JOIN `walmart`.information_schema.referential_constraints rc
    ON kcu.constraint_name = rc.constraint_name
  JOIN `walmart`.information_schema.key_column_usage ukcu
    ON rc.unique_constraint_name = ukcu.constraint_name
    AND kcu.ordinal_position = ukcu.ordinal_position
  WHERE kcu.table_catalog = 'walmart'
    AND kcu.table_schema = 'silver_t'
    AND kcu.table_name = 'stores_t'
    AND kcu.constraint_name IN (
      SELECT constraint_name
      FROM `walmart`.information_schema.table_constraints
      WHERE table_catalog = 'walmart'
        AND table_schema = 'silver_t'
        AND table_name = 'stores_t'
        AND constraint_type = 'FOREIGN KEY'
    )
  ORDER BY kcu.ordinal_position;
  
[0m08:47:00.977026 [debug] [Thread-5 (]: SQL status: OK in 1.070 seconds
[0m08:47:00.980951 [debug] [Thread-5 (]: Databricks adapter: Cursor(session-id=01f1b7f4-7f56-1062-85d7-336486c5d648, command-id=01f1b7f4-80f7-195a-9978-3183cb210619) - Closing
[0m08:47:00.982843 [debug] [Thread-5 (]: Using databricks connection "model.walmart_project.stores_t"
[0m08:47:00.983582 [debug] [Thread-5 (]: On model.walmart_project.stores_t: /* {"app": "dbt", "dbt_version": "1.12.5", "dbt_databricks_version": "1.10.9", "databricks_sql_connector_version": "4.5.0", "profile_name": "walmart_project", "target_name": "dev", "node_id": "model.walmart_project.stores_t"} */
SELECT 
    column_name,
    mask_name,
    using_columns
  FROM `system`.`information_schema`.`column_masks`
  WHERE table_catalog = 'walmart'
    AND table_schema = 'silver_t'
    AND table_name = 'stores_t';
  
[0m08:47:01.467690 [debug] [Thread-5 (]: SQL status: OK in 0.480 seconds
[0m08:47:01.471424 [debug] [Thread-5 (]: Databricks adapter: Cursor(session-id=01f1b7f4-7f56-1062-85d7-336486c5d648, command-id=01f1b7f4-819c-1523-942f-c20d529ca18c) - Closing
[0m08:47:01.473327 [debug] [Thread-5 (]: Using databricks connection "model.walmart_project.stores_t"
[0m08:47:01.474104 [debug] [Thread-5 (]: On model.walmart_project.stores_t: /* {"app": "dbt", "dbt_version": "1.12.5", "dbt_databricks_version": "1.10.9", "databricks_sql_connector_version": "4.5.0", "profile_name": "walmart_project", "target_name": "dev", "node_id": "model.walmart_project.stores_t"} */
SHOW TBLPROPERTIES `walmart`.`silver_t`.`stores_t`
  
[0m08:47:02.035358 [debug] [Thread-5 (]: SQL status: OK in 0.560 seconds
[0m08:47:02.039001 [debug] [Thread-5 (]: Databricks adapter: Cursor(session-id=01f1b7f4-7f56-1062-85d7-336486c5d648, command-id=01f1b7f4-81e6-1688-b472-65aa3078868e) - Closing
[0m08:47:02.040814 [debug] [Thread-5 (]: Using databricks connection "model.walmart_project.stores_t"
[0m08:47:02.041561 [debug] [Thread-5 (]: On model.walmart_project.stores_t: /* {"app": "dbt", "dbt_version": "1.12.5", "dbt_databricks_version": "1.10.9", "databricks_sql_connector_version": "4.5.0", "profile_name": "walmart_project", "target_name": "dev", "node_id": "model.walmart_project.stores_t"} */
describe extended `walmart`.`silver_t`.`stores_t`
  
[0m08:47:02.573965 [debug] [Thread-5 (]: SQL status: OK in 0.530 seconds
[0m08:47:02.585377 [debug] [Thread-5 (]: Databricks adapter: Cursor(session-id=01f1b7f4-7f56-1062-85d7-336486c5d648, command-id=01f1b7f4-823d-11b0-bf38-3448255ff6c0) - Closing
[0m08:47:02.589382 [debug] [Thread-5 (]: Databricks adapter: Getting diff for ColumnCommentsConfig: comments={} quoted={} persist=False and comments={'store_id': '', 'store_name': '', 'city': '', 'province': '', 'country': '', 'created_timestamp': '', 'updated_timestamp': '', 'is_active': '', 'processed_at': '', '': ''} quoted={} persist=False
[0m08:47:02.594300 [debug] [Thread-5 (]: Using databricks connection "model.walmart_project.stores_t"
[0m08:47:02.597539 [debug] [Thread-5 (]: On model.walmart_project.stores_t: /* {"app": "dbt", "dbt_version": "1.12.5", "dbt_databricks_version": "1.10.9", "databricks_sql_connector_version": "4.5.0", "profile_name": "walmart_project", "target_name": "dev", "node_id": "model.walmart_project.stores_t"} */

  
    create or replace temporary view `stores_t__dbt_tmp` as
      SELECT 
    *,
    current_timestamp() AS processed_at
FROM 
    `walmart`.`bronze`.`stores`



    WHERE updated_timestamp > (SELECT COALESCE(MAX(updated_timestamp), '1900-01-01') FROM `walmart`.`silver_t`.`stores_t`)
  
[0m08:47:03.127786 [debug] [Thread-5 (]: SQL status: OK in 0.530 seconds
[0m08:47:03.130590 [debug] [Thread-5 (]: Databricks adapter: Cursor(session-id=01f1b7f4-7f56-1062-85d7-336486c5d648, command-id=01f1b7f4-8292-175c-b23c-2cf9e36aff04) - Closing
[0m08:47:03.135056 [debug] [Thread-5 (]: Using databricks connection "model.walmart_project.stores_t"
[0m08:47:03.136275 [debug] [Thread-5 (]: On model.walmart_project.stores_t: /* {"app": "dbt", "dbt_version": "1.12.5", "dbt_databricks_version": "1.10.9", "databricks_sql_connector_version": "4.5.0", "profile_name": "walmart_project", "target_name": "dev", "node_id": "model.walmart_project.stores_t"} */

    
  DESCRIBE TABLE EXTENDED `walmart`.`silver_t`.`stores_t` AS JSON

  
[0m08:47:03.739511 [debug] [Thread-5 (]: SQL status: OK in 0.600 seconds
[0m08:47:03.745536 [debug] [Thread-5 (]: Databricks adapter: Cursor(session-id=01f1b7f4-7f56-1062-85d7-336486c5d648, command-id=01f1b7f4-82e4-14c4-8b56-ed38df003c86) - Closing
[0m08:47:03.749747 [debug] [Thread-5 (]: Using databricks connection "model.walmart_project.stores_t"
[0m08:47:03.751384 [debug] [Thread-5 (]: On model.walmart_project.stores_t: /* {"app": "dbt", "dbt_version": "1.12.5", "dbt_databricks_version": "1.10.9", "databricks_sql_connector_version": "4.5.0", "profile_name": "walmart_project", "target_name": "dev", "node_id": "model.walmart_project.stores_t"} */

    
  DESCRIBE TABLE EXTENDED `stores_t__dbt_tmp` AS JSON

  
[0m08:47:04.121604 [debug] [Thread-5 (]: SQL status: OK in 0.370 seconds
[0m08:47:04.136349 [debug] [Thread-5 (]: Databricks adapter: Cursor(session-id=01f1b7f4-7f56-1062-85d7-336486c5d648, command-id=01f1b7f4-8341-19e4-a131-7ae3b9e20375) - Closing
[0m08:47:04.150025 [debug] [Thread-5 (]: Writing runtime sql for node "model.walmart_project.stores_t"
[0m08:47:04.164136 [debug] [Thread-5 (]: Using databricks connection "model.walmart_project.stores_t"
[0m08:47:04.167340 [debug] [Thread-5 (]: On model.walmart_project.stores_t: /* {"app": "dbt", "dbt_version": "1.12.5", "dbt_databricks_version": "1.10.9", "databricks_sql_connector_version": "4.5.0", "profile_name": "walmart_project", "target_name": "dev", "node_id": "model.walmart_project.stores_t"} */
-- back compat for old kwarg name
  
  
  
  
  
  
      
          
          
      
  

    merge
    into
        `walmart`.`silver_t`.`stores_t` as DBT_INTERNAL_DEST
    using
        `stores_t__dbt_tmp` as DBT_INTERNAL_SOURCE
    on
        
              DBT_INTERNAL_SOURCE.store_id <=> DBT_INTERNAL_DEST.store_id
          
    when matched
        then update set
            *
    when not matched
        then insert
            *

[0m08:47:06.451657 [debug] [Thread-5 (]: SQL status: OK in 2.280 seconds
[0m08:47:06.456070 [debug] [Thread-5 (]: Databricks adapter: Cursor(session-id=01f1b7f4-7f56-1062-85d7-336486c5d648, command-id=01f1b7f4-8381-14d1-9b7b-f2f9a66fcab9) - Closing
[0m08:47:06.460694 [debug] [Thread-5 (]: On model.walmart_project.stores_t: Close
[0m08:47:06.462003 [debug] [Thread-5 (]: Databricks adapter: Connection(session-id=01f1b7f4-7f56-1062-85d7-336486c5d648) - Closing
[0m08:47:06.789106 [debug] [Thread-5 (]: Sending event: {'category': 'dbt', 'action': 'run_model', 'label': 'dc4fa711-5eab-44f5-9908-d01141673c27', 'context': [<snowplow_tracker.self_describing_json.SelfDescribingJson object at 0x7fcb70e6d910>]}
[0m08:47:06.807335 [info ] [Thread-5 (]: 6 of 6 OK created sql incremental model silver_t.stores_t ...................... [[32mOK[0m in 10.67s]
[0m08:47:06.811041 [debug] [Thread-5 (]: Finished running node model.walmart_project.stores_t
[0m08:47:06.836036 [debug] [MainThread]: Databricks adapter: DatabricksDBTConnection(session-id=None, name=master) - Creating connection
[0m08:47:06.837747 [debug] [MainThread]: Acquiring new databricks connection 'master'
[0m08:47:06.840635 [info ] [MainThread]: 
[0m08:47:06.843049 [info ] [MainThread]: Finished running 6 incremental models in 0 hours 1 minutes and 19.32 seconds (79.32s).
[0m08:47:06.846804 [debug] [MainThread]: Command end result
[0m08:47:07.040804 [debug] [MainThread]: Wrote artifact WritableManifest to /opt/airflow/walmart_project/target/manifest.json
[0m08:47:07.072034 [debug] [MainThread]: Wrote artifact SemanticManifest to /opt/airflow/walmart_project/target/semantic_manifest.json
[0m08:47:07.088835 [debug] [MainThread]: Wrote artifact OsiDocument to /opt/airflow/walmart_project/target/osi_document.json
[0m08:47:07.118912 [debug] [MainThread]: Wrote artifact RunExecutionResult to /opt/airflow/walmart_project/target/run_results.json
[0m08:47:07.121416 [info ] [MainThread]: 
[0m08:47:07.124232 [info ] [MainThread]: [32mCompleted successfully[0m
[0m08:47:07.126392 [info ] [MainThread]: 
[0m08:47:07.128629 [info ] [MainThread]: Done. PASS=6 WARN=0 ERROR=0 SKIP=0 NO-OP=0 REUSED=0 TOTAL=6
[0m08:47:07.140376 [debug] [MainThread]: Resource report: {"command_name": "run", "command_success": true, "command_wall_clock_time": 84.655014, "process_in_blocks": "0", "process_kernel_time": 1.061723, "process_mem_max_rss": "286420", "process_out_blocks": "0", "process_user_time": 11.202864}
[0m08:47:07.143397 [debug] [MainThread]: Command `dbt run` succeeded at 08:47:07.143069 after 84.66 seconds
[0m08:47:07.145616 [debug] [MainThread]: Sending event: {'category': 'dbt', 'action': 'invocation', 'label': 'end', 'context': [<snowplow_tracker.self_describing_json.SelfDescribingJson object at 0x7fcb71015c70>, <snowplow_tracker.self_describing_json.SelfDescribingJson object at 0x7fcb89228650>, <snowplow_tracker.self_describing_json.SelfDescribingJson object at 0x7fcb70fbe870>]}
[0m08:47:07.147107 [debug] [MainThread]: Flushing usage events
[0m08:47:08.392925 [debug] [MainThread]: An error was encountered while trying to flush usage events
[0m08:47:21.426317 [debug] [MainThread]: Sending event: {'category': 'dbt', 'action': 'invocation', 'label': 'start', 'context': [<snowplow_tracker.self_describing_json.SelfDescribingJson object at 0x7a7530267770>, <snowplow_tracker.self_describing_json.SelfDescribingJson object at 0x7a752ecd7ed0>, <snowplow_tracker.self_describing_json.SelfDescribingJson object at 0x7a752ecd7b10>]}


============================== 08:47:21.451041 | 27655f30-5ae5-4552-9d6b-f5c913cfa89d ==============================
[0m08:47:21.451041 [info ] [MainThread]: Running with dbt=1.12.5
[0m08:47:21.452361 [debug] [MainThread]: running dbt with arguments {'quiet': 'False', 'use_experimental_parser': 'False', 'log_format': 'default', 'empty': 'None', 'printer_width': '80', 'log_cache_events': 'False', 'fail_fast': 'False', 'maximum_seed_size_mib': '1', 'send_anonymous_usage_stats': 'True', 'write_json': 'True', 'version_check': 'True', 'cache_selected_only': 'False', 'warn_error_options': 'WarnErrorOptionsV2(error=[], warn=[], silence=[])', 'indirect_selection': 'eager', 'profiles_dir': '/opt/airflow/walmart_project', 'log_path': '/opt/airflow/walmart_project/logs', 'hints_enabled': 'True', 'invocation_command': 'dbt test --select silver_t', 'static_parser': 'True', 'introspect': 'True', 'partial_parse': 'True', 'debug': 'False', 'no_print': 'None', 'target_path': 'None', 'warn_error': 'None', 'use_colors': 'True'}
[0m08:47:22.952268 [debug] [MainThread]: Spark adapter: Setting pyhive.hive logging to ERROR
[0m08:47:22.953455 [debug] [MainThread]: Spark adapter: Setting thrift.transport logging to ERROR
[0m08:47:22.954297 [debug] [MainThread]: Spark adapter: Setting thrift.protocol logging to ERROR
[0m08:47:24.410993 [debug] [MainThread]: Sending event: {'category': 'dbt', 'action': 'project_id', 'label': '27655f30-5ae5-4552-9d6b-f5c913cfa89d', 'context': [<snowplow_tracker.self_describing_json.SelfDescribingJson object at 0x7a752fd91a70>]}
[0m08:47:24.495334 [debug] [MainThread]: Sending event: {'category': 'dbt', 'action': 'adapter_info', 'label': '27655f30-5ae5-4552-9d6b-f5c913cfa89d', 'context': [<snowplow_tracker.self_describing_json.SelfDescribingJson object at 0x7a7530200e20>]}
[0m08:47:24.497552 [info ] [MainThread]: Registered adapter: databricks=1.10.9
[0m08:47:24.673554 [debug] [MainThread]: checksum: c6692066af086a4208ee6a2d343b9da3ce9763b98f9383873b954800d1e1f71c, vars: {}, profile: walmart_project, target: dev, version: 1.12.5
[0m08:47:25.620392 [debug] [MainThread]: Partial parsing enabled: 0 files deleted, 0 files added, 0 files changed.
[0m08:47:25.621393 [debug] [MainThread]: Nothing changed, skipping partial parsing.
[0m08:47:25.622072 [debug] [MainThread]: Partial parsing enabled, no changes found, skipping parsing
[0m08:47:25.642917 [debug] [MainThread]: Sending event: {'category': 'dbt', 'action': 'load_project', 'label': '27655f30-5ae5-4552-9d6b-f5c913cfa89d', 'context': [<snowplow_tracker.self_describing_json.SelfDescribingJson object at 0x7a7512ec5b50>]}
[0m08:47:25.925340 [debug] [MainThread]: Wrote artifact WritableManifest to /opt/airflow/walmart_project/target/manifest.json
[0m08:47:25.932979 [debug] [MainThread]: Wrote artifact SemanticManifest to /opt/airflow/walmart_project/target/semantic_manifest.json
[0m08:47:25.958443 [debug] [MainThread]: Wrote artifact OsiDocument to /opt/airflow/walmart_project/target/osi_document.json
[0m08:47:26.005566 [debug] [MainThread]: Sending event: {'category': 'dbt', 'action': 'resource_counts', 'label': '27655f30-5ae5-4552-9d6b-f5c913cfa89d', 'context': [<snowplow_tracker.self_describing_json.SelfDescribingJson object at 0x7a7512c67020>]}
[0m08:47:26.006710 [info ] [MainThread]: Found 13 models, 1 analysis, 5 data tests, 5 snapshots, 6 sources, 727 macros
[0m08:47:26.008231 [debug] [MainThread]: Sending event: {'category': 'dbt', 'action': 'runnable_timing', 'label': '27655f30-5ae5-4552-9d6b-f5c913cfa89d', 'context': [<snowplow_tracker.self_describing_json.SelfDescribingJson object at 0x7a7512c71ef0>]}
[0m08:47:26.011801 [info ] [MainThread]: 
[0m08:47:26.012908 [info ] [MainThread]: Concurrency: 1 threads (target='dev')
[0m08:47:26.013906 [info ] [MainThread]: 
[0m08:47:26.015786 [debug] [MainThread]: Databricks adapter: DatabricksDBTConnection(session-id=None, name=master) - Creating connection
[0m08:47:26.016522 [debug] [MainThread]: Acquiring new databricks connection 'master'
[0m08:47:26.027584 [debug] [ThreadPool]: Databricks adapter: DatabricksDBTConnection(session-id=None, name=list_walmart_silver_b) - Creating connection
[0m08:47:26.028552 [debug] [ThreadPool]: Acquiring new databricks connection 'list_walmart_silver_b'
[0m08:47:26.044141 [debug] [ThreadPool]: Using databricks connection "list_walmart_silver_b"
[0m08:47:26.045174 [debug] [ThreadPool]: On list_walmart_silver_b: /* {"app": "dbt", "dbt_version": "1.12.5", "dbt_databricks_version": "1.10.9", "databricks_sql_connector_version": "4.5.0", "profile_name": "walmart_project", "target_name": "dev", "connection_name": "list_walmart_silver_b"} */

    
SELECT
  table_name,
  if(table_type IN ('EXTERNAL', 'MANAGED', 'MANAGED_SHALLOW_CLONE', 'EXTERNAL_SHALLOW_CLONE'), 'table', lower(table_type)) AS table_type,
  lower(data_source_format) AS file_format,
  table_owner,
  if(
    table_type IN (
      'EXTERNAL',
      'MANAGED',
      'MANAGED_SHALLOW_CLONE',
      'EXTERNAL_SHALLOW_CLONE'
    ),
    lower(table_type),
    NULL
  ) AS databricks_table_type
FROM `system`.`information_schema`.`tables`
WHERE table_catalog = 'walmart' 
  AND table_schema = 'silver_b'

  
[0m08:47:26.046029 [debug] [ThreadPool]: Opening a new connection, currently in state init
[0m08:47:28.672414 [debug] [ThreadPool]: Databricks adapter: Connection(session-id=01f1b7f4-9118-1c25-8432-ce4d328b6cb3) - Created
[0m08:47:29.289651 [debug] [ThreadPool]: SQL status: OK in 3.240 seconds
[0m08:47:29.313720 [debug] [ThreadPool]: Databricks adapter: Cursor(session-id=01f1b7f4-9118-1c25-8432-ce4d328b6cb3, command-id=01f1b7f4-921e-129c-9b8d-d794b8676039) - Closing
[0m08:47:29.315180 [debug] [ThreadPool]: On list_walmart_silver_b: Close
[0m08:47:29.316073 [debug] [ThreadPool]: Databricks adapter: Connection(session-id=01f1b7f4-9118-1c25-8432-ce4d328b6cb3) - Closing
[0m08:47:29.619911 [debug] [ThreadPool]: Databricks adapter: DatabricksDBTConnection(session-id=None, name=list_walmart_silver_t) - Creating connection
[0m08:47:29.621135 [debug] [ThreadPool]: Acquiring new databricks connection 'list_walmart_silver_t'
[0m08:47:29.623607 [debug] [ThreadPool]: Using databricks connection "list_walmart_silver_t"
[0m08:47:29.624897 [debug] [ThreadPool]: On list_walmart_silver_t: /* {"app": "dbt", "dbt_version": "1.12.5", "dbt_databricks_version": "1.10.9", "databricks_sql_connector_version": "4.5.0", "profile_name": "walmart_project", "target_name": "dev", "connection_name": "list_walmart_silver_t"} */

    
SELECT
  table_name,
  if(table_type IN ('EXTERNAL', 'MANAGED', 'MANAGED_SHALLOW_CLONE', 'EXTERNAL_SHALLOW_CLONE'), 'table', lower(table_type)) AS table_type,
  lower(data_source_format) AS file_format,
  table_owner,
  if(
    table_type IN (
      'EXTERNAL',
      'MANAGED',
      'MANAGED_SHALLOW_CLONE',
      'EXTERNAL_SHALLOW_CLONE'
    ),
    lower(table_type),
    NULL
  ) AS databricks_table_type
FROM `system`.`information_schema`.`tables`
WHERE table_catalog = 'walmart' 
  AND table_schema = 'silver_t'

  
[0m08:47:29.625957 [debug] [ThreadPool]: Opening a new connection, currently in state init
[0m08:47:30.811094 [debug] [ThreadPool]: Databricks adapter: Connection(session-id=01f1b7f4-9334-1bb0-8225-b2ac110f8407) - Created
[0m08:47:31.411794 [debug] [ThreadPool]: SQL status: OK in 1.790 seconds
[0m08:47:31.419891 [debug] [ThreadPool]: Databricks adapter: Cursor(session-id=01f1b7f4-9334-1bb0-8225-b2ac110f8407, command-id=01f1b7f4-9368-1ac1-b614-f2b24fce605a) - Closing
[0m08:47:31.422043 [debug] [ThreadPool]: On list_walmart_silver_t: Close
[0m08:47:31.423553 [debug] [ThreadPool]: Databricks adapter: Connection(session-id=01f1b7f4-9334-1bb0-8225-b2ac110f8407) - Closing
[0m08:47:31.723050 [debug] [ThreadPool]: Databricks adapter: DatabricksDBTConnection(session-id=None, name=list_walmart_gold) - Creating connection
[0m08:47:31.725870 [debug] [ThreadPool]: Acquiring new databricks connection 'list_walmart_gold'
[0m08:47:31.729042 [debug] [ThreadPool]: Using databricks connection "list_walmart_gold"
[0m08:47:31.730325 [debug] [ThreadPool]: On list_walmart_gold: /* {"app": "dbt", "dbt_version": "1.12.5", "dbt_databricks_version": "1.10.9", "databricks_sql_connector_version": "4.5.0", "profile_name": "walmart_project", "target_name": "dev", "connection_name": "list_walmart_gold"} */

    
SELECT
  table_name,
  if(table_type IN ('EXTERNAL', 'MANAGED', 'MANAGED_SHALLOW_CLONE', 'EXTERNAL_SHALLOW_CLONE'), 'table', lower(table_type)) AS table_type,
  lower(data_source_format) AS file_format,
  table_owner,
  if(
    table_type IN (
      'EXTERNAL',
      'MANAGED',
      'MANAGED_SHALLOW_CLONE',
      'EXTERNAL_SHALLOW_CLONE'
    ),
    lower(table_type),
    NULL
  ) AS databricks_table_type
FROM `system`.`information_schema`.`tables`
WHERE table_catalog = 'walmart' 
  AND table_schema = 'gold'

  
[0m08:47:31.731091 [debug] [ThreadPool]: Opening a new connection, currently in state init
[0m08:47:32.887015 [debug] [ThreadPool]: Databricks adapter: Connection(session-id=01f1b7f4-9471-1362-8c79-8f742b70cf85) - Created
[0m08:47:33.456430 [debug] [ThreadPool]: SQL status: OK in 1.730 seconds
[0m08:47:33.460289 [debug] [ThreadPool]: Databricks adapter: Cursor(session-id=01f1b7f4-9471-1362-8c79-8f742b70cf85, command-id=01f1b7f4-94a0-1878-be9a-a0a73b8311db) - Closing
[0m08:47:33.461829 [debug] [ThreadPool]: On list_walmart_gold: Close
[0m08:47:33.462545 [debug] [ThreadPool]: Databricks adapter: Connection(session-id=01f1b7f4-9471-1362-8c79-8f742b70cf85) - Closing
[0m08:47:33.777956 [debug] [MainThread]: Sending event: {'category': 'dbt', 'action': 'runnable_timing', 'label': '27655f30-5ae5-4552-9d6b-f5c913cfa89d', 'context': [<snowplow_tracker.self_describing_json.SelfDescribingJson object at 0x7a7512cc4c80>]}
[0m08:47:33.803104 [debug] [Thread-4 (]: Began running node test.walmart_project.not_null_orders_t_order_id.b12105be37
[0m08:47:33.804231 [info ] [Thread-4 (]: 1 of 4 START test not_null_orders_t_order_id ................................... [RUN]
[0m08:47:33.806072 [debug] [Thread-4 (]: Databricks adapter: DatabricksDBTConnection(session-id=None, name=test.walmart_project.not_null_orders_t_order_id.b12105be37) - Creating connection
[0m08:47:33.806864 [debug] [Thread-4 (]: Acquiring new databricks connection 'test.walmart_project.not_null_orders_t_order_id.b12105be37'
[0m08:47:33.807564 [debug] [Thread-4 (]: Began compiling node test.walmart_project.not_null_orders_t_order_id.b12105be37
[0m08:47:33.828836 [debug] [Thread-4 (]: Writing injected SQL for node "test.walmart_project.not_null_orders_t_order_id.b12105be37"
[0m08:47:33.923432 [debug] [Thread-4 (]: Began executing node test.walmart_project.not_null_orders_t_order_id.b12105be37
[0m08:47:33.943516 [debug] [Thread-4 (]: Writing runtime sql for node "test.walmart_project.not_null_orders_t_order_id.b12105be37"
[0m08:47:33.983040 [debug] [Thread-4 (]: Using databricks connection "test.walmart_project.not_null_orders_t_order_id.b12105be37"
[0m08:47:33.984496 [debug] [Thread-4 (]: On test.walmart_project.not_null_orders_t_order_id.b12105be37: /* {"app": "dbt", "dbt_version": "1.12.5", "dbt_databricks_version": "1.10.9", "databricks_sql_connector_version": "4.5.0", "profile_name": "walmart_project", "target_name": "dev", "node_id": "test.walmart_project.not_null_orders_t_order_id.b12105be37"} */

    
    select
      count(*) as failures,
      count(*) != 0 as should_warn,
      count(*) != 0 as should_error
    from (
      
    
  
    
    



select order_id
from `walmart`.`silver_t`.`orders_t`
where order_id is null



  
  
      
    ) dbt_internal_test
[0m08:47:33.985411 [debug] [Thread-4 (]: Opening a new connection, currently in state init
[0m08:47:35.140831 [debug] [Thread-4 (]: Databricks adapter: Connection(session-id=01f1b7f4-95ca-1c52-a74f-fc9720e7385c) - Created
[0m08:47:36.589576 [debug] [Thread-4 (]: SQL status: OK in 2.600 seconds
[0m08:47:36.597798 [debug] [Thread-4 (]: Databricks adapter: Cursor(session-id=01f1b7f4-95ca-1c52-a74f-fc9720e7385c, command-id=01f1b7f4-95f9-1a05-b150-e44dd578e273) - Closing
[0m08:47:36.604771 [debug] [Thread-4 (]: On test.walmart_project.not_null_orders_t_order_id.b12105be37: Close
[0m08:47:36.606495 [debug] [Thread-4 (]: Databricks adapter: Connection(session-id=01f1b7f4-95ca-1c52-a74f-fc9720e7385c) - Closing
[0m08:47:36.908912 [info ] [Thread-4 (]: 1 of 4 PASS not_null_orders_t_order_id ......................................... [[32mPASS[0m in 3.10s]
[0m08:47:36.912864 [debug] [Thread-4 (]: Finished running node test.walmart_project.not_null_orders_t_order_id.b12105be37
[0m08:47:36.915145 [debug] [Thread-4 (]: Began running node test.walmart_project.not_null_products_t_product_id.ce54de85ec
[0m08:47:36.917190 [info ] [Thread-4 (]: 2 of 4 START test not_null_products_t_product_id ............................... [RUN]
[0m08:47:36.923565 [debug] [Thread-4 (]: Databricks adapter: DatabricksDBTConnection(session-id=None, name=test.walmart_project.not_null_products_t_product_id.ce54de85ec) - Creating connection
[0m08:47:36.925178 [debug] [Thread-4 (]: Acquiring new databricks connection 'test.walmart_project.not_null_products_t_product_id.ce54de85ec'
[0m08:47:36.926166 [debug] [Thread-4 (]: Began compiling node test.walmart_project.not_null_products_t_product_id.ce54de85ec
[0m08:47:37.129931 [debug] [Thread-4 (]: Writing injected SQL for node "test.walmart_project.not_null_products_t_product_id.ce54de85ec"
[0m08:47:37.138260 [debug] [Thread-4 (]: Began executing node test.walmart_project.not_null_products_t_product_id.ce54de85ec
[0m08:47:37.140943 [debug] [Thread-4 (]: Writing runtime sql for node "test.walmart_project.not_null_products_t_product_id.ce54de85ec"
[0m08:47:37.148429 [debug] [Thread-4 (]: Using databricks connection "test.walmart_project.not_null_products_t_product_id.ce54de85ec"
[0m08:47:37.149310 [debug] [Thread-4 (]: On test.walmart_project.not_null_products_t_product_id.ce54de85ec: /* {"app": "dbt", "dbt_version": "1.12.5", "dbt_databricks_version": "1.10.9", "databricks_sql_connector_version": "4.5.0", "profile_name": "walmart_project", "target_name": "dev", "node_id": "test.walmart_project.not_null_products_t_product_id.ce54de85ec"} */

    
    select
      count(*) as failures,
      count(*) != 0 as should_warn,
      count(*) != 0 as should_error
    from (
      
    
  
    
    



select product_id
from `walmart`.`silver_t`.`products_t`
where product_id is null



  
  
      
    ) dbt_internal_test
[0m08:47:37.149971 [debug] [Thread-4 (]: Opening a new connection, currently in state init
[0m08:47:38.364757 [debug] [Thread-4 (]: Databricks adapter: Connection(session-id=01f1b7f4-97b3-1809-a286-cb79d76544fc) - Created
[0m08:47:39.196570 [debug] [Thread-4 (]: SQL status: OK in 2.050 seconds
[0m08:47:39.199406 [debug] [Thread-4 (]: Databricks adapter: Cursor(session-id=01f1b7f4-97b3-1809-a286-cb79d76544fc, command-id=01f1b7f4-97e5-179c-b9a2-39985aacc6dd) - Closing
[0m08:47:39.200889 [debug] [Thread-4 (]: On test.walmart_project.not_null_products_t_product_id.ce54de85ec: Close
[0m08:47:39.203726 [debug] [Thread-4 (]: Databricks adapter: Connection(session-id=01f1b7f4-97b3-1809-a286-cb79d76544fc) - Closing
[0m08:47:39.514505 [info ] [Thread-4 (]: 2 of 4 PASS not_null_products_t_product_id ..................................... [[32mPASS[0m in 2.59s]
[0m08:47:39.517191 [debug] [Thread-4 (]: Finished running node test.walmart_project.not_null_products_t_product_id.ce54de85ec
[0m08:47:39.518822 [debug] [Thread-4 (]: Began running node test.walmart_project.unique_orders_t_order_id.2d8d10a28b
[0m08:47:39.519847 [info ] [Thread-4 (]: 3 of 4 START test unique_orders_t_order_id ..................................... [RUN]
[0m08:47:39.522117 [debug] [Thread-4 (]: Databricks adapter: DatabricksDBTConnection(session-id=None, name=test.walmart_project.unique_orders_t_order_id.2d8d10a28b) - Creating connection
[0m08:47:39.523949 [debug] [Thread-4 (]: Acquiring new databricks connection 'test.walmart_project.unique_orders_t_order_id.2d8d10a28b'
[0m08:47:39.525940 [debug] [Thread-4 (]: Began compiling node test.walmart_project.unique_orders_t_order_id.2d8d10a28b
[0m08:47:39.543896 [debug] [Thread-4 (]: Writing injected SQL for node "test.walmart_project.unique_orders_t_order_id.2d8d10a28b"
[0m08:47:39.550731 [debug] [Thread-4 (]: Began executing node test.walmart_project.unique_orders_t_order_id.2d8d10a28b
[0m08:47:39.554473 [debug] [Thread-4 (]: Writing runtime sql for node "test.walmart_project.unique_orders_t_order_id.2d8d10a28b"
[0m08:47:39.656170 [debug] [Thread-4 (]: Using databricks connection "test.walmart_project.unique_orders_t_order_id.2d8d10a28b"
[0m08:47:39.657534 [debug] [Thread-4 (]: On test.walmart_project.unique_orders_t_order_id.2d8d10a28b: /* {"app": "dbt", "dbt_version": "1.12.5", "dbt_databricks_version": "1.10.9", "databricks_sql_connector_version": "4.5.0", "profile_name": "walmart_project", "target_name": "dev", "node_id": "test.walmart_project.unique_orders_t_order_id.2d8d10a28b"} */

    
    select
      count(*) as failures,
      count(*) != 0 as should_warn,
      count(*) != 0 as should_error
    from (
      
    
  
    
    

select
    order_id as unique_field,
    count(*) as n_records

from `walmart`.`silver_t`.`orders_t`
where order_id is not null
group by order_id
having count(*) > 1



  
  
      
    ) dbt_internal_test
[0m08:47:39.658672 [debug] [Thread-4 (]: Opening a new connection, currently in state init
[0m08:47:40.897584 [debug] [Thread-4 (]: Databricks adapter: Connection(session-id=01f1b7f4-9933-15d3-a96e-193b52f47ce1) - Created
[0m08:47:41.573544 [debug] [Thread-4 (]: SQL status: OK in 1.910 seconds
[0m08:47:41.578417 [debug] [Thread-4 (]: Databricks adapter: Cursor(session-id=01f1b7f4-9933-15d3-a96e-193b52f47ce1, command-id=01f1b7f4-9967-19be-8bc2-f003e5129e78) - Closing
[0m08:47:41.584945 [debug] [Thread-4 (]: On test.walmart_project.unique_orders_t_order_id.2d8d10a28b: Close
[0m08:47:41.586309 [debug] [Thread-4 (]: Databricks adapter: Connection(session-id=01f1b7f4-9933-15d3-a96e-193b52f47ce1) - Closing
[0m08:47:41.881276 [info ] [Thread-4 (]: 3 of 4 PASS unique_orders_t_order_id ........................................... [[32mPASS[0m in 2.36s]
[0m08:47:41.892776 [debug] [Thread-4 (]: Finished running node test.walmart_project.unique_orders_t_order_id.2d8d10a28b
[0m08:47:41.894688 [debug] [Thread-4 (]: Began running node test.walmart_project.unique_products_t_product_id.df1897612f
[0m08:47:41.896141 [info ] [Thread-4 (]: 4 of 4 START test unique_products_t_product_id ................................. [RUN]
[0m08:47:41.897736 [debug] [Thread-4 (]: Databricks adapter: DatabricksDBTConnection(session-id=None, name=test.walmart_project.unique_products_t_product_id.df1897612f) - Creating connection
[0m08:47:41.898678 [debug] [Thread-4 (]: Acquiring new databricks connection 'test.walmart_project.unique_products_t_product_id.df1897612f'
[0m08:47:41.899616 [debug] [Thread-4 (]: Began compiling node test.walmart_project.unique_products_t_product_id.df1897612f
[0m08:47:41.925324 [debug] [Thread-4 (]: Writing injected SQL for node "test.walmart_project.unique_products_t_product_id.df1897612f"
[0m08:47:41.938133 [debug] [Thread-4 (]: Began executing node test.walmart_project.unique_products_t_product_id.df1897612f
[0m08:47:41.941936 [debug] [Thread-4 (]: Writing runtime sql for node "test.walmart_project.unique_products_t_product_id.df1897612f"
[0m08:47:41.981016 [debug] [Thread-4 (]: Using databricks connection "test.walmart_project.unique_products_t_product_id.df1897612f"
[0m08:47:41.982425 [debug] [Thread-4 (]: On test.walmart_project.unique_products_t_product_id.df1897612f: /* {"app": "dbt", "dbt_version": "1.12.5", "dbt_databricks_version": "1.10.9", "databricks_sql_connector_version": "4.5.0", "profile_name": "walmart_project", "target_name": "dev", "node_id": "test.walmart_project.unique_products_t_product_id.df1897612f"} */

    
    select
      count(*) as failures,
      count(*) != 0 as should_warn,
      count(*) != 0 as should_error
    from (
      
    
  
    
    

select
    product_id as unique_field,
    count(*) as n_records

from (select * from `walmart`.`silver_t`.`products_t` where price > 0) dbt_subquery
where product_id is not null
group by product_id
having count(*) > 1



  
  
      
    ) dbt_internal_test
[0m08:47:41.983551 [debug] [Thread-4 (]: Opening a new connection, currently in state init
[0m08:47:43.242684 [debug] [Thread-4 (]: Databricks adapter: Connection(session-id=01f1b7f4-9a9d-1c32-b751-2244907ded9f) - Created
[0m08:47:43.941352 [debug] [Thread-4 (]: SQL status: OK in 1.960 seconds
[0m08:47:43.947091 [debug] [Thread-4 (]: Databricks adapter: Cursor(session-id=01f1b7f4-9a9d-1c32-b751-2244907ded9f, command-id=01f1b7f4-9acc-1d4a-8381-7e2bab42ca3a) - Closing
[0m08:47:43.952531 [debug] [Thread-4 (]: On test.walmart_project.unique_products_t_product_id.df1897612f: Close
[0m08:47:43.956768 [debug] [Thread-4 (]: Databricks adapter: Connection(session-id=01f1b7f4-9a9d-1c32-b751-2244907ded9f) - Closing
[0m08:47:44.278157 [info ] [Thread-4 (]: 4 of 4 PASS unique_products_t_product_id ....................................... [[32mPASS[0m in 2.38s]
[0m08:47:44.285458 [debug] [Thread-4 (]: Finished running node test.walmart_project.unique_products_t_product_id.df1897612f
[0m08:47:44.305984 [debug] [MainThread]: Databricks adapter: DatabricksDBTConnection(session-id=None, name=master) - Creating connection
[0m08:47:44.316038 [debug] [MainThread]: Acquiring new databricks connection 'master'
[0m08:47:44.320717 [info ] [MainThread]: 
[0m08:47:44.328580 [info ] [MainThread]: Finished running 4 data tests in 0 hours 0 minutes and 18.31 seconds (18.31s).
[0m08:47:44.331347 [debug] [MainThread]: Command end result
[0m08:47:44.541250 [debug] [MainThread]: Wrote artifact WritableManifest to /opt/airflow/walmart_project/target/manifest.json
[0m08:47:44.564327 [debug] [MainThread]: Wrote artifact SemanticManifest to /opt/airflow/walmart_project/target/semantic_manifest.json
[0m08:47:44.596230 [debug] [MainThread]: Wrote artifact OsiDocument to /opt/airflow/walmart_project/target/osi_document.json
[0m08:47:44.638793 [debug] [MainThread]: Wrote artifact RunExecutionResult to /opt/airflow/walmart_project/target/run_results.json
[0m08:47:44.640929 [info ] [MainThread]: 
[0m08:47:44.642933 [info ] [MainThread]: [32mCompleted successfully[0m
[0m08:47:44.644708 [info ] [MainThread]: 
[0m08:47:44.646261 [info ] [MainThread]: Done. PASS=4 WARN=0 ERROR=0 SKIP=0 NO-OP=0 REUSED=0 TOTAL=4
[0m08:47:44.651616 [debug] [MainThread]: Resource report: {"command_name": "test", "command_success": true, "command_wall_clock_time": 23.535147, "process_in_blocks": "0", "process_kernel_time": 3.070618, "process_mem_max_rss": "275516", "process_out_blocks": "0", "process_user_time": 10.3764}
[0m08:47:44.660894 [debug] [MainThread]: Command `dbt test` succeeded at 08:47:44.657861 after 23.54 seconds
[0m08:47:44.665536 [debug] [MainThread]: Sending event: {'category': 'dbt', 'action': 'invocation', 'label': 'end', 'context': [<snowplow_tracker.self_describing_json.SelfDescribingJson object at 0x7a752ed39490>, <snowplow_tracker.self_describing_json.SelfDescribingJson object at 0x7a7512365910>, <snowplow_tracker.self_describing_json.SelfDescribingJson object at 0x7a7512365230>]}
[0m08:47:44.667368 [debug] [MainThread]: Flushing usage events
[0m08:47:45.810502 [debug] [MainThread]: An error was encountered while trying to flush usage events
[0m08:47:52.566204 [debug] [MainThread]: Sending event: {'category': 'dbt', 'action': 'invocation', 'label': 'start', 'context': [<snowplow_tracker.self_describing_json.SelfDescribingJson object at 0x739fac5a7770>, <snowplow_tracker.self_describing_json.SelfDescribingJson object at 0x739faae63ed0>, <snowplow_tracker.self_describing_json.SelfDescribingJson object at 0x739faae63b10>]}


============================== 08:47:52.572454 | 56f47fec-e7b8-45a7-828a-c6f700019d95 ==============================
[0m08:47:52.572454 [info ] [MainThread]: Running with dbt=1.12.5
[0m08:47:52.573810 [debug] [MainThread]: running dbt with arguments {'maximum_seed_size_mib': '1', 'fail_fast': 'False', 'debug': 'False', 'hints_enabled': 'True', 'log_format': 'default', 'invocation_command': 'dbt run --select silver_b', 'cache_selected_only': 'False', 'introspect': 'True', 'send_anonymous_usage_stats': 'True', 'partial_parse': 'True', 'use_experimental_parser': 'False', 'use_colors': 'True', 'target_path': 'None', 'log_cache_events': 'False', 'log_path': '/opt/airflow/walmart_project/logs', 'indirect_selection': 'eager', 'empty': 'False', 'warn_error': 'None', 'no_print': 'None', 'printer_width': '80', 'version_check': 'True', 'write_json': 'True', 'warn_error_options': 'WarnErrorOptionsV2(error=[], warn=[], silence=[])', 'static_parser': 'True', 'profiles_dir': '/opt/airflow/walmart_project', 'quiet': 'False'}
[0m08:47:53.754934 [debug] [MainThread]: Spark adapter: Setting pyhive.hive logging to ERROR
[0m08:47:53.756149 [debug] [MainThread]: Spark adapter: Setting thrift.transport logging to ERROR
[0m08:47:53.756990 [debug] [MainThread]: Spark adapter: Setting thrift.protocol logging to ERROR
[0m08:47:55.075996 [debug] [MainThread]: Sending event: {'category': 'dbt', 'action': 'project_id', 'label': '56f47fec-e7b8-45a7-828a-c6f700019d95', 'context': [<snowplow_tracker.self_describing_json.SelfDescribingJson object at 0x739fac0e1a70>]}
[0m08:47:55.142783 [debug] [MainThread]: Sending event: {'category': 'dbt', 'action': 'adapter_info', 'label': '56f47fec-e7b8-45a7-828a-c6f700019d95', 'context': [<snowplow_tracker.self_describing_json.SelfDescribingJson object at 0x739fac540e20>]}
[0m08:47:55.144793 [info ] [MainThread]: Registered adapter: databricks=1.10.9
[0m08:47:55.298082 [debug] [MainThread]: checksum: c6692066af086a4208ee6a2d343b9da3ce9763b98f9383873b954800d1e1f71c, vars: {}, profile: walmart_project, target: dev, version: 1.12.5
[0m08:47:55.736630 [debug] [MainThread]: Partial parsing enabled: 0 files deleted, 0 files added, 0 files changed.
[0m08:47:55.737559 [debug] [MainThread]: Nothing changed, skipping partial parsing.
[0m08:47:55.738211 [debug] [MainThread]: Partial parsing enabled, no changes found, skipping parsing
[0m08:47:55.755255 [debug] [MainThread]: Sending event: {'category': 'dbt', 'action': 'load_project', 'label': '56f47fec-e7b8-45a7-828a-c6f700019d95', 'context': [<snowplow_tracker.self_describing_json.SelfDescribingJson object at 0x739f8eff1b50>]}
[0m08:47:56.037181 [debug] [MainThread]: Wrote artifact WritableManifest to /opt/airflow/walmart_project/target/manifest.json
[0m08:47:56.049131 [debug] [MainThread]: Wrote artifact SemanticManifest to /opt/airflow/walmart_project/target/semantic_manifest.json
[0m08:47:56.072118 [debug] [MainThread]: Wrote artifact OsiDocument to /opt/airflow/walmart_project/target/osi_document.json
[0m08:47:56.095214 [debug] [MainThread]: Sending event: {'category': 'dbt', 'action': 'resource_counts', 'label': '56f47fec-e7b8-45a7-828a-c6f700019d95', 'context': [<snowplow_tracker.self_describing_json.SelfDescribingJson object at 0x739f8eedb980>]}
[0m08:47:56.096549 [info ] [MainThread]: Found 13 models, 1 analysis, 5 data tests, 5 snapshots, 6 sources, 727 macros
[0m08:47:56.097577 [debug] [MainThread]: Sending event: {'category': 'dbt', 'action': 'runnable_timing', 'label': '56f47fec-e7b8-45a7-828a-c6f700019d95', 'context': [<snowplow_tracker.self_describing_json.SelfDescribingJson object at 0x739f8ef35470>]}
[0m08:47:56.100756 [info ] [MainThread]: 
[0m08:47:56.101968 [info ] [MainThread]: Concurrency: 1 threads (target='dev')
[0m08:47:56.102886 [info ] [MainThread]: 
[0m08:47:56.104280 [debug] [MainThread]: Databricks adapter: DatabricksDBTConnection(session-id=None, name=master) - Creating connection
[0m08:47:56.105109 [debug] [MainThread]: Acquiring new databricks connection 'master'
[0m08:47:56.107279 [debug] [ThreadPool]: Databricks adapter: DatabricksDBTConnection(session-id=None, name=list_walmart) - Creating connection
[0m08:47:56.108194 [debug] [ThreadPool]: Acquiring new databricks connection 'list_walmart'
[0m08:47:56.109082 [debug] [ThreadPool]: Using databricks connection "list_walmart"
[0m08:47:56.109898 [debug] [ThreadPool]: On list_walmart: GetSchemas(database=walmart, schema=None)
[0m08:47:56.110631 [debug] [ThreadPool]: Opening a new connection, currently in state init
[0m08:47:58.301494 [debug] [ThreadPool]: Databricks adapter: Connection(session-id=01f1b7f4-a303-1160-b4ce-a1db23f5e8fb) - Created
[0m08:47:58.680710 [debug] [ThreadPool]: SQL status: OK in 2.570 seconds
[0m08:47:58.682574 [debug] [ThreadPool]: Databricks adapter: Cursor(session-id=01f1b7f4-a303-1160-b4ce-a1db23f5e8fb, command-id=01f1b7f4-a3c8-15f3-88a1-8ae0064e8f8a) - Closing
[0m08:47:58.683469 [debug] [ThreadPool]: On list_walmart: Close
[0m08:47:58.684162 [debug] [ThreadPool]: Databricks adapter: Connection(session-id=01f1b7f4-a303-1160-b4ce-a1db23f5e8fb) - Closing
[0m08:47:59.030367 [debug] [ThreadPool]: Databricks adapter: DatabricksDBTConnection(session-id=None, name=list_walmart_gold) - Creating connection
[0m08:47:59.034743 [debug] [ThreadPool]: Acquiring new databricks connection 'list_walmart_gold'
[0m08:47:59.056668 [debug] [ThreadPool]: Using databricks connection "list_walmart_gold"
[0m08:47:59.057938 [debug] [ThreadPool]: On list_walmart_gold: /* {"app": "dbt", "dbt_version": "1.12.5", "dbt_databricks_version": "1.10.9", "databricks_sql_connector_version": "4.5.0", "profile_name": "walmart_project", "target_name": "dev", "connection_name": "list_walmart_gold"} */

    
SELECT
  table_name,
  if(table_type IN ('EXTERNAL', 'MANAGED', 'MANAGED_SHALLOW_CLONE', 'EXTERNAL_SHALLOW_CLONE'), 'table', lower(table_type)) AS table_type,
  lower(data_source_format) AS file_format,
  table_owner,
  if(
    table_type IN (
      'EXTERNAL',
      'MANAGED',
      'MANAGED_SHALLOW_CLONE',
      'EXTERNAL_SHALLOW_CLONE'
    ),
    lower(table_type),
    NULL
  ) AS databricks_table_type
FROM `system`.`information_schema`.`tables`
WHERE table_catalog = 'walmart' 
  AND table_schema = 'gold'

  
[0m08:47:59.061309 [debug] [ThreadPool]: Opening a new connection, currently in state init
[0m08:48:00.223361 [debug] [ThreadPool]: Databricks adapter: Connection(session-id=01f1b7f4-a4bc-1a09-a172-a27ae837e83b) - Created
[0m08:48:00.830002 [debug] [ThreadPool]: SQL status: OK in 1.770 seconds
[0m08:48:00.844301 [debug] [ThreadPool]: Databricks adapter: Cursor(session-id=01f1b7f4-a4bc-1a09-a172-a27ae837e83b, command-id=01f1b7f4-a4ec-13e3-bd37-7765f156b285) - Closing
[0m08:48:00.845924 [debug] [ThreadPool]: On list_walmart_gold: Close
[0m08:48:00.846644 [debug] [ThreadPool]: Databricks adapter: Connection(session-id=01f1b7f4-a4bc-1a09-a172-a27ae837e83b) - Closing
[0m08:48:01.159969 [debug] [ThreadPool]: Databricks adapter: DatabricksDBTConnection(session-id=None, name=list_walmart_silver_t) - Creating connection
[0m08:48:01.165548 [debug] [ThreadPool]: Acquiring new databricks connection 'list_walmart_silver_t'
[0m08:48:01.172530 [debug] [ThreadPool]: Using databricks connection "list_walmart_silver_t"
[0m08:48:01.178783 [debug] [ThreadPool]: On list_walmart_silver_t: /* {"app": "dbt", "dbt_version": "1.12.5", "dbt_databricks_version": "1.10.9", "databricks_sql_connector_version": "4.5.0", "profile_name": "walmart_project", "target_name": "dev", "connection_name": "list_walmart_silver_t"} */

    
SELECT
  table_name,
  if(table_type IN ('EXTERNAL', 'MANAGED', 'MANAGED_SHALLOW_CLONE', 'EXTERNAL_SHALLOW_CLONE'), 'table', lower(table_type)) AS table_type,
  lower(data_source_format) AS file_format,
  table_owner,
  if(
    table_type IN (
      'EXTERNAL',
      'MANAGED',
      'MANAGED_SHALLOW_CLONE',
      'EXTERNAL_SHALLOW_CLONE'
    ),
    lower(table_type),
    NULL
  ) AS databricks_table_type
FROM `system`.`information_schema`.`tables`
WHERE table_catalog = 'walmart' 
  AND table_schema = 'silver_t'

  
[0m08:48:01.179999 [debug] [ThreadPool]: Opening a new connection, currently in state init
[0m08:48:02.738974 [debug] [ThreadPool]: Databricks adapter: Connection(session-id=01f1b7f4-a63a-15b1-ab8b-02b53d8eee1c) - Created
[0m08:48:03.311180 [debug] [ThreadPool]: SQL status: OK in 2.130 seconds
[0m08:48:03.321751 [debug] [ThreadPool]: Databricks adapter: Cursor(session-id=01f1b7f4-a63a-15b1-ab8b-02b53d8eee1c, command-id=01f1b7f4-a66b-1c4c-a8d7-6b268ae054ac) - Closing
[0m08:48:03.323833 [debug] [ThreadPool]: On list_walmart_silver_t: Close
[0m08:48:03.324801 [debug] [ThreadPool]: Databricks adapter: Connection(session-id=01f1b7f4-a63a-15b1-ab8b-02b53d8eee1c) - Closing
[0m08:48:03.649929 [debug] [ThreadPool]: Databricks adapter: DatabricksDBTConnection(session-id=None, name=list_walmart_silver_b) - Creating connection
[0m08:48:03.653535 [debug] [ThreadPool]: Acquiring new databricks connection 'list_walmart_silver_b'
[0m08:48:03.665287 [debug] [ThreadPool]: Using databricks connection "list_walmart_silver_b"
[0m08:48:03.666386 [debug] [ThreadPool]: On list_walmart_silver_b: /* {"app": "dbt", "dbt_version": "1.12.5", "dbt_databricks_version": "1.10.9", "databricks_sql_connector_version": "4.5.0", "profile_name": "walmart_project", "target_name": "dev", "connection_name": "list_walmart_silver_b"} */

    
SELECT
  table_name,
  if(table_type IN ('EXTERNAL', 'MANAGED', 'MANAGED_SHALLOW_CLONE', 'EXTERNAL_SHALLOW_CLONE'), 'table', lower(table_type)) AS table_type,
  lower(data_source_format) AS file_format,
  table_owner,
  if(
    table_type IN (
      'EXTERNAL',
      'MANAGED',
      'MANAGED_SHALLOW_CLONE',
      'EXTERNAL_SHALLOW_CLONE'
    ),
    lower(table_type),
    NULL
  ) AS databricks_table_type
FROM `system`.`information_schema`.`tables`
WHERE table_catalog = 'walmart' 
  AND table_schema = 'silver_b'

  
[0m08:48:03.667078 [debug] [ThreadPool]: Opening a new connection, currently in state init
[0m08:48:04.827153 [debug] [ThreadPool]: Databricks adapter: Connection(session-id=01f1b7f4-a77a-10d3-8224-1292503b4414) - Created
[0m08:48:05.432672 [debug] [ThreadPool]: SQL status: OK in 1.770 seconds
[0m08:48:05.441667 [debug] [ThreadPool]: Databricks adapter: Cursor(session-id=01f1b7f4-a77a-10d3-8224-1292503b4414, command-id=01f1b7f4-a7a9-1d8a-a66a-0a0ed8e9e7ba) - Closing
[0m08:48:05.443012 [debug] [ThreadPool]: On list_walmart_silver_b: Close
[0m08:48:05.443907 [debug] [ThreadPool]: Databricks adapter: Connection(session-id=01f1b7f4-a77a-10d3-8224-1292503b4414) - Closing
[0m08:48:05.745813 [debug] [MainThread]: Sending event: {'category': 'dbt', 'action': 'runnable_timing', 'label': '56f47fec-e7b8-45a7-828a-c6f700019d95', 'context': [<snowplow_tracker.self_describing_json.SelfDescribingJson object at 0x739f8e68db20>]}
[0m08:48:05.759978 [debug] [Thread-5 (]: Began running node model.walmart_project.obt_b
[0m08:48:05.762100 [info ] [Thread-5 (]: 1 of 1 START sql table model silver_b.obt_b .................................... [RUN]
[0m08:48:05.764077 [debug] [Thread-5 (]: Databricks adapter: DatabricksDBTConnection(session-id=None, name=model.walmart_project.obt_b) - Creating connection
[0m08:48:05.765579 [debug] [Thread-5 (]: Acquiring new databricks connection 'model.walmart_project.obt_b'
[0m08:48:05.766646 [debug] [Thread-5 (]: Began compiling node model.walmart_project.obt_b
[0m08:48:05.781159 [debug] [Thread-5 (]: Writing injected SQL for node "model.walmart_project.obt_b"
[0m08:48:05.795255 [debug] [Thread-5 (]: Began executing node model.walmart_project.obt_b
[0m08:48:05.821759 [debug] [Thread-5 (]: MATERIALIZING TABLE
[0m08:48:05.823215 [warn ] [Thread-5 (]: [[33mWARNING[0m]: Use revamped materializations based on separating create and insert.  This allows more performant column comments, as well as new column features.
You may opt into the new behavior sooner by setting `flags.use_materialization_v2` to `True` in `dbt_project.yml`.
Visit https://docs.getdbt.com/reference/global-configs/behavior-changes for more information.
[0m08:48:05.824791 [debug] [Thread-5 (]: Sending event: {'category': 'dbt', 'action': 'BehaviorChangeEvent', 'label': '56f47fec-e7b8-45a7-828a-c6f700019d95', 'context': [<snowplow_tracker.self_describing_json.SelfDescribingJson object at 0x739f8e5cae10>]}
[0m08:48:05.902267 [debug] [Thread-5 (]: Writing runtime sql for node "model.walmart_project.obt_b"
[0m08:48:05.989473 [debug] [Thread-5 (]: Using databricks connection "model.walmart_project.obt_b"
[0m08:48:05.992662 [debug] [Thread-5 (]: On model.walmart_project.obt_b: /* {"app": "dbt", "dbt_version": "1.12.5", "dbt_databricks_version": "1.10.9", "databricks_sql_connector_version": "4.5.0", "profile_name": "walmart_project", "target_name": "dev", "node_id": "model.walmart_project.obt_b"} */

  
    
        create or replace table `walmart`.`silver_b`.`obt_b`
      
      
  using delta
      
      
      
      
      
      
      
      as
      SELECT 
    
        o.order_id,
                        o.store_id,
                        o.order_timestamp,
                        o.payment_method,
                        o.order_status,
                        o.total_amount,
                        o.created_timestamp AS order_created_timestamp,
                        o.updated_timestamp AS order_updated_timestamp,
                        o.is_active AS order_is_active,
                        o.processed_at AS order_processed_at,
                        current_timestamp() AS obt_b_processed_at
                    ,
    
            c.customer_id,
                        c.first_name AS customer_first_name,
                        c.last_name AS customer_last_name,
                        c.email AS customer_email,
                        c.phone AS customer_phone,
                        c.city AS customer_city,
                        c.province AS customer_province,
                        c.country AS customer_country,
                        c.created_timestamp AS customer_created_timestamp,
                        c.updated_timestamp AS customer_updated_timestamp,
                        c.is_active AS customer_is_active,
                        c.processed_at AS customer_processed_at
                    ,
    
                oi.order_item_id,
                            oi.quantity,
                            oi.unit_price,
                            oi.line_amount,
                            oi.created_timestamp AS order_item_created_timestamp,
                            oi.updated_timestamp AS order_item_updated_timestamp,
                            oi.is_active AS order_item_is_active,
                            oi.processed_at AS order_item_processed_at
                    ,
    
                p.product_id,
                            p.product_name,
                            p.category,
                            p.brand,
                            p.price,
                            p.created_timestamp AS product_created_timestamp,
                            p.updated_timestamp AS product_updated_timestamp,
                            p.is_active AS product_is_active,
                            p.processed_at AS product_processed_at
                    ,
    
                e.employee_id,
                                e.first_name AS employee_first_name,
                                e.last_name AS employee_last_name,
                                e.email AS employee_email,
                                e.job_title,
                                e.salary,
                                e.created_timestamp AS employee_created_timestamp,
                                e.updated_timestamp AS employee_updated_timestamp,
                                e.is_active AS employee_is_active,
                                e.processed_at AS employee_processed_at
                    ,
    
                s.store_name,
                            s.city AS store_city,
                            s.province AS store_province,
                            s.country AS store_country,
                            s.created_timestamp AS store_created_timestamp,
                            s.updated_timestamp AS store_updated_timestamp,
                            s.is_active AS store_is_active,
                            s.processed_at AS store_processed_at
                    
    
FROM 
    
        
            walmart.silver_t.orders_t AS o
        
    
        
LEFT JOIN
        walmart.silver_t.customers_t AS c 
        ON o.customer_id = c.customer_id
        
    
        
LEFT JOIN
        walmart.silver_t.order_items_t AS oi 
        ON o.order_id = oi.order_id
        
    
        
LEFT JOIN
        walmart.silver_t.products_t AS p 
        ON oi.product_id = p.product_id
        
    
        
LEFT JOIN
        walmart.silver_t.employees_t AS e 
        ON o.store_id = e.store_id
        
    
        
LEFT JOIN
        walmart.silver_t.stores_t AS s 
        ON o.store_id = s.store_id
  
[0m08:48:05.997738 [debug] [Thread-5 (]: Opening a new connection, currently in state init
[0m08:48:07.249242 [debug] [Thread-5 (]: Databricks adapter: Connection(session-id=01f1b7f4-a8e8-14a6-b05f-d127fc4c1f8e) - Created
[0m08:48:11.782861 [debug] [Thread-5 (]: SQL status: OK in 5.790 seconds
[0m08:48:11.785989 [debug] [Thread-5 (]: Databricks adapter: Cursor(session-id=01f1b7f4-a8e8-14a6-b05f-d127fc4c1f8e, command-id=01f1b7f4-a91c-117f-9920-353edcde4855) - Closing
[0m08:48:11.802100 [debug] [Thread-5 (]: Applying tags to relation None
[0m08:48:11.820260 [debug] [Thread-5 (]: On model.walmart_project.obt_b: Close
[0m08:48:11.821693 [debug] [Thread-5 (]: Databricks adapter: Connection(session-id=01f1b7f4-a8e8-14a6-b05f-d127fc4c1f8e) - Closing
[0m08:48:12.147812 [debug] [Thread-5 (]: Sending event: {'category': 'dbt', 'action': 'run_model', 'label': '56f47fec-e7b8-45a7-828a-c6f700019d95', 'context': [<snowplow_tracker.self_describing_json.SelfDescribingJson object at 0x739f8ef7ed00>]}
[0m08:48:12.150118 [info ] [Thread-5 (]: 1 of 1 OK created sql table model silver_b.obt_b ............................... [[32mOK[0m in 6.38s]
[0m08:48:12.152117 [debug] [Thread-5 (]: Finished running node model.walmart_project.obt_b
[0m08:48:12.155487 [debug] [MainThread]: Databricks adapter: DatabricksDBTConnection(session-id=None, name=master) - Creating connection
[0m08:48:12.156582 [debug] [MainThread]: Acquiring new databricks connection 'master'
[0m08:48:12.158278 [info ] [MainThread]: 
[0m08:48:12.159168 [info ] [MainThread]: Finished running 1 table model in 0 hours 0 minutes and 16.05 seconds (16.05s).
[0m08:48:12.160862 [debug] [MainThread]: Command end result
[0m08:48:12.530630 [debug] [MainThread]: Wrote artifact WritableManifest to /opt/airflow/walmart_project/target/manifest.json
[0m08:48:12.538661 [debug] [MainThread]: Wrote artifact SemanticManifest to /opt/airflow/walmart_project/target/semantic_manifest.json
[0m08:48:12.545769 [debug] [MainThread]: Wrote artifact OsiDocument to /opt/airflow/walmart_project/target/osi_document.json
[0m08:48:12.556334 [debug] [MainThread]: Wrote artifact RunExecutionResult to /opt/airflow/walmart_project/target/run_results.json
[0m08:48:12.557459 [info ] [MainThread]: 
[0m08:48:12.558372 [info ] [MainThread]: [32mCompleted successfully[0m
[0m08:48:12.559161 [info ] [MainThread]: 
[0m08:48:12.559815 [info ] [MainThread]: Done. PASS=1 WARN=0 ERROR=0 SKIP=0 NO-OP=0 REUSED=0 TOTAL=1
[0m08:48:12.561821 [debug] [MainThread]: Resource report: {"command_name": "run", "command_success": true, "command_wall_clock_time": 20.110867, "process_in_blocks": "0", "process_kernel_time": 1.557609, "process_mem_max_rss": "274500", "process_out_blocks": "0", "process_user_time": 7.026081}
[0m08:48:12.562955 [debug] [MainThread]: Command `dbt run` succeeded at 08:48:12.562794 after 20.11 seconds
[0m08:48:12.563670 [debug] [MainThread]: Sending event: {'category': 'dbt', 'action': 'invocation', 'label': 'end', 'context': [<snowplow_tracker.self_describing_json.SelfDescribingJson object at 0x739f8f52f890>, <snowplow_tracker.self_describing_json.SelfDescribingJson object at 0x739f8ef23770>, <snowplow_tracker.self_describing_json.SelfDescribingJson object at 0x739f8ef328d0>]}
[0m08:48:12.564367 [debug] [MainThread]: Flushing usage events
[0m08:48:13.618532 [debug] [MainThread]: An error was encountered while trying to flush usage events
[0m08:48:18.061871 [debug] [MainThread]: Sending event: {'category': 'dbt', 'action': 'invocation', 'label': 'start', 'context': [<snowplow_tracker.self_describing_json.SelfDescribingJson object at 0x7e63a1967770>, <snowplow_tracker.self_describing_json.SelfDescribingJson object at 0x7e63a03d7ed0>, <snowplow_tracker.self_describing_json.SelfDescribingJson object at 0x7e63a03d7b10>]}


============================== 08:48:18.068150 | 3fd8ea90-25c2-4b25-b0b9-386ecbc935b5 ==============================
[0m08:48:18.068150 [info ] [MainThread]: Running with dbt=1.12.5
[0m08:48:18.069651 [debug] [MainThread]: running dbt with arguments {'maximum_seed_size_mib': '1', 'hints_enabled': 'True', 'profiles_dir': '/opt/airflow/walmart_project', 'log_path': '/opt/airflow/walmart_project/logs', 'target_path': 'None', 'warn_error_options': 'WarnErrorOptionsV2(error=[], warn=[], silence=[])', 'log_format': 'default', 'introspect': 'True', 'partial_parse': 'True', 'cache_selected_only': 'False', 'log_cache_events': 'False', 'indirect_selection': 'eager', 'warn_error': 'None', 'version_check': 'True', 'no_print': 'None', 'send_anonymous_usage_stats': 'True', 'empty': 'None', 'use_colors': 'True', 'use_experimental_parser': 'False', 'static_parser': 'True', 'printer_width': '80', 'quiet': 'False', 'invocation_command': 'dbt test --select silver_b', 'write_json': 'True', 'debug': 'False', 'fail_fast': 'False'}
[0m08:48:19.601655 [debug] [MainThread]: Spark adapter: Setting pyhive.hive logging to ERROR
[0m08:48:19.603018 [debug] [MainThread]: Spark adapter: Setting thrift.transport logging to ERROR
[0m08:48:19.603759 [debug] [MainThread]: Spark adapter: Setting thrift.protocol logging to ERROR
[0m08:48:24.157843 [debug] [MainThread]: Sending event: {'category': 'dbt', 'action': 'project_id', 'label': '3fd8ea90-25c2-4b25-b0b9-386ecbc935b5', 'context': [<snowplow_tracker.self_describing_json.SelfDescribingJson object at 0x7e63a1491a70>]}
[0m08:48:24.368865 [debug] [MainThread]: Sending event: {'category': 'dbt', 'action': 'adapter_info', 'label': '3fd8ea90-25c2-4b25-b0b9-386ecbc935b5', 'context': [<snowplow_tracker.self_describing_json.SelfDescribingJson object at 0x7e63a1900e20>]}
[0m08:48:24.373195 [info ] [MainThread]: Registered adapter: databricks=1.10.9
[0m08:48:24.561389 [debug] [MainThread]: checksum: c6692066af086a4208ee6a2d343b9da3ce9763b98f9383873b954800d1e1f71c, vars: {}, profile: walmart_project, target: dev, version: 1.12.5
[0m08:48:25.227346 [debug] [MainThread]: Partial parsing enabled: 0 files deleted, 0 files added, 0 files changed.
[0m08:48:25.228283 [debug] [MainThread]: Nothing changed, skipping partial parsing.
[0m08:48:25.228904 [debug] [MainThread]: Partial parsing enabled, no changes found, skipping parsing
[0m08:48:25.268077 [debug] [MainThread]: Sending event: {'category': 'dbt', 'action': 'load_project', 'label': '3fd8ea90-25c2-4b25-b0b9-386ecbc935b5', 'context': [<snowplow_tracker.self_describing_json.SelfDescribingJson object at 0x7e63885b9b50>]}
[0m08:48:25.710970 [debug] [MainThread]: Wrote artifact WritableManifest to /opt/airflow/walmart_project/target/manifest.json
[0m08:48:25.724629 [debug] [MainThread]: Wrote artifact SemanticManifest to /opt/airflow/walmart_project/target/semantic_manifest.json
[0m08:48:25.774500 [debug] [MainThread]: Wrote artifact OsiDocument to /opt/airflow/walmart_project/target/osi_document.json
[0m08:48:25.839432 [debug] [MainThread]: Sending event: {'category': 'dbt', 'action': 'resource_counts', 'label': '3fd8ea90-25c2-4b25-b0b9-386ecbc935b5', 'context': [<snowplow_tracker.self_describing_json.SelfDescribingJson object at 0x7e638837b020>]}
[0m08:48:25.841107 [info ] [MainThread]: Found 13 models, 1 analysis, 5 data tests, 5 snapshots, 6 sources, 727 macros
[0m08:48:25.843608 [debug] [MainThread]: Sending event: {'category': 'dbt', 'action': 'runnable_timing', 'label': '3fd8ea90-25c2-4b25-b0b9-386ecbc935b5', 'context': [<snowplow_tracker.self_describing_json.SelfDescribingJson object at 0x7e6388385ef0>]}
[0m08:48:25.847622 [info ] [MainThread]: 
[0m08:48:25.849953 [info ] [MainThread]: Concurrency: 1 threads (target='dev')
[0m08:48:25.851185 [info ] [MainThread]: 
[0m08:48:25.853148 [debug] [MainThread]: Databricks adapter: DatabricksDBTConnection(session-id=None, name=master) - Creating connection
[0m08:48:25.854249 [debug] [MainThread]: Acquiring new databricks connection 'master'
[0m08:48:25.869324 [debug] [ThreadPool]: Databricks adapter: DatabricksDBTConnection(session-id=None, name=list_walmart_silver_b) - Creating connection
[0m08:48:25.870803 [debug] [ThreadPool]: Acquiring new databricks connection 'list_walmart_silver_b'
[0m08:48:25.892695 [debug] [ThreadPool]: Using databricks connection "list_walmart_silver_b"
[0m08:48:25.894107 [debug] [ThreadPool]: On list_walmart_silver_b: /* {"app": "dbt", "dbt_version": "1.12.5", "dbt_databricks_version": "1.10.9", "databricks_sql_connector_version": "4.5.0", "profile_name": "walmart_project", "target_name": "dev", "connection_name": "list_walmart_silver_b"} */

    
SELECT
  table_name,
  if(table_type IN ('EXTERNAL', 'MANAGED', 'MANAGED_SHALLOW_CLONE', 'EXTERNAL_SHALLOW_CLONE'), 'table', lower(table_type)) AS table_type,
  lower(data_source_format) AS file_format,
  table_owner,
  if(
    table_type IN (
      'EXTERNAL',
      'MANAGED',
      'MANAGED_SHALLOW_CLONE',
      'EXTERNAL_SHALLOW_CLONE'
    ),
    lower(table_type),
    NULL
  ) AS databricks_table_type
FROM `system`.`information_schema`.`tables`
WHERE table_catalog = 'walmart' 
  AND table_schema = 'silver_b'

  
[0m08:48:25.895026 [debug] [ThreadPool]: Opening a new connection, currently in state init
[0m08:48:28.234459 [debug] [ThreadPool]: Databricks adapter: Connection(session-id=01f1b7f4-b4d1-1acc-9116-731cb12f3290) - Created
[0m08:48:28.795095 [debug] [ThreadPool]: SQL status: OK in 2.900 seconds
[0m08:48:28.815092 [debug] [ThreadPool]: Databricks adapter: Cursor(session-id=01f1b7f4-b4d1-1acc-9116-731cb12f3290, command-id=01f1b7f4-b59f-13e4-acf2-e9d32d7e3125) - Closing
[0m08:48:28.816799 [debug] [ThreadPool]: On list_walmart_silver_b: Close
[0m08:48:28.817633 [debug] [ThreadPool]: Databricks adapter: Connection(session-id=01f1b7f4-b4d1-1acc-9116-731cb12f3290) - Closing
[0m08:48:29.136611 [debug] [ThreadPool]: Databricks adapter: DatabricksDBTConnection(session-id=None, name=list_walmart_silver_t) - Creating connection
[0m08:48:29.138831 [debug] [ThreadPool]: Acquiring new databricks connection 'list_walmart_silver_t'
[0m08:48:29.141149 [debug] [ThreadPool]: Using databricks connection "list_walmart_silver_t"
[0m08:48:29.142221 [debug] [ThreadPool]: On list_walmart_silver_t: /* {"app": "dbt", "dbt_version": "1.12.5", "dbt_databricks_version": "1.10.9", "databricks_sql_connector_version": "4.5.0", "profile_name": "walmart_project", "target_name": "dev", "connection_name": "list_walmart_silver_t"} */

    
SELECT
  table_name,
  if(table_type IN ('EXTERNAL', 'MANAGED', 'MANAGED_SHALLOW_CLONE', 'EXTERNAL_SHALLOW_CLONE'), 'table', lower(table_type)) AS table_type,
  lower(data_source_format) AS file_format,
  table_owner,
  if(
    table_type IN (
      'EXTERNAL',
      'MANAGED',
      'MANAGED_SHALLOW_CLONE',
      'EXTERNAL_SHALLOW_CLONE'
    ),
    lower(table_type),
    NULL
  ) AS databricks_table_type
FROM `system`.`information_schema`.`tables`
WHERE table_catalog = 'walmart' 
  AND table_schema = 'silver_t'

  
[0m08:48:29.142969 [debug] [ThreadPool]: Opening a new connection, currently in state init
[0m08:48:30.341882 [debug] [ThreadPool]: Databricks adapter: Connection(session-id=01f1b7f4-b6af-1d2f-b317-b47d99895cfb) - Created
[0m08:48:30.974047 [debug] [ThreadPool]: SQL status: OK in 1.830 seconds
[0m08:48:30.981340 [debug] [ThreadPool]: Databricks adapter: Cursor(session-id=01f1b7f4-b6af-1d2f-b317-b47d99895cfb, command-id=01f1b7f4-b6e1-12a2-8902-215e1e964d45) - Closing
[0m08:48:30.983814 [debug] [ThreadPool]: On list_walmart_silver_t: Close
[0m08:48:30.984998 [debug] [ThreadPool]: Databricks adapter: Connection(session-id=01f1b7f4-b6af-1d2f-b317-b47d99895cfb) - Closing
[0m08:48:31.305820 [debug] [ThreadPool]: Databricks adapter: DatabricksDBTConnection(session-id=None, name=list_walmart_gold) - Creating connection
[0m08:48:31.315064 [debug] [ThreadPool]: Acquiring new databricks connection 'list_walmart_gold'
[0m08:48:31.320747 [debug] [ThreadPool]: Using databricks connection "list_walmart_gold"
[0m08:48:31.323726 [debug] [ThreadPool]: On list_walmart_gold: /* {"app": "dbt", "dbt_version": "1.12.5", "dbt_databricks_version": "1.10.9", "databricks_sql_connector_version": "4.5.0", "profile_name": "walmart_project", "target_name": "dev", "connection_name": "list_walmart_gold"} */

    
SELECT
  table_name,
  if(table_type IN ('EXTERNAL', 'MANAGED', 'MANAGED_SHALLOW_CLONE', 'EXTERNAL_SHALLOW_CLONE'), 'table', lower(table_type)) AS table_type,
  lower(data_source_format) AS file_format,
  table_owner,
  if(
    table_type IN (
      'EXTERNAL',
      'MANAGED',
      'MANAGED_SHALLOW_CLONE',
      'EXTERNAL_SHALLOW_CLONE'
    ),
    lower(table_type),
    NULL
  ) AS databricks_table_type
FROM `system`.`information_schema`.`tables`
WHERE table_catalog = 'walmart' 
  AND table_schema = 'gold'

  
[0m08:48:31.325673 [debug] [ThreadPool]: Opening a new connection, currently in state init
[0m08:48:32.534430 [debug] [ThreadPool]: Databricks adapter: Connection(session-id=01f1b7f4-b7fd-11d3-8f2b-a037bb6fadf2) - Created
[0m08:48:33.320659 [debug] [ThreadPool]: SQL status: OK in 1.990 seconds
[0m08:48:33.336947 [debug] [ThreadPool]: Databricks adapter: Cursor(session-id=01f1b7f4-b7fd-11d3-8f2b-a037bb6fadf2, command-id=01f1b7f4-b830-15fd-b812-a8ffa540cf78) - Closing
[0m08:48:33.444908 [debug] [ThreadPool]: On list_walmart_gold: Close
[0m08:48:33.449740 [debug] [ThreadPool]: Databricks adapter: Connection(session-id=01f1b7f4-b7fd-11d3-8f2b-a037bb6fadf2) - Closing
[0m08:48:33.790464 [debug] [MainThread]: Sending event: {'category': 'dbt', 'action': 'runnable_timing', 'label': '3fd8ea90-25c2-4b25-b0b9-386ecbc935b5', 'context': [<snowplow_tracker.self_describing_json.SelfDescribingJson object at 0x7e63883d8c80>]}
[0m08:48:33.844462 [debug] [Thread-4 (]: Began running node test.walmart_project.test_obt
[0m08:48:33.846666 [info ] [Thread-4 (]: 1 of 1 START test test_obt ..................................................... [RUN]
[0m08:48:33.849867 [debug] [Thread-4 (]: Databricks adapter: DatabricksDBTConnection(session-id=None, name=test.walmart_project.test_obt) - Creating connection
[0m08:48:33.851452 [debug] [Thread-4 (]: Acquiring new databricks connection 'test.walmart_project.test_obt'
[0m08:48:33.852450 [debug] [Thread-4 (]: Began compiling node test.walmart_project.test_obt
[0m08:48:33.866764 [debug] [Thread-4 (]: Writing injected SQL for node "test.walmart_project.test_obt"
[0m08:48:33.978650 [debug] [Thread-4 (]: Began executing node test.walmart_project.test_obt
[0m08:48:34.049099 [debug] [Thread-4 (]: Writing runtime sql for node "test.walmart_project.test_obt"
[0m08:48:34.121200 [debug] [Thread-4 (]: Using databricks connection "test.walmart_project.test_obt"
[0m08:48:34.135760 [debug] [Thread-4 (]: On test.walmart_project.test_obt: /* {"app": "dbt", "dbt_version": "1.12.5", "dbt_databricks_version": "1.10.9", "databricks_sql_connector_version": "4.5.0", "profile_name": "walmart_project", "target_name": "dev", "node_id": "test.walmart_project.test_obt"} */

    
    select
      count(*) as failures,
      count(*) != 0 as should_warn,
      count(*) != 0 as should_error
    from (
      
    
  

SELECT 1 
FROM 
    `walmart`.`silver_b`.`obt_b` AS obt
WHERE 
    obt.order_id IS NULL
OR
    obt.product_id IS NULL
OR
    obt.employee_id IS NULL
OR
    obt.store_id IS NULL
OR
    obt.order_item_id IS NULL
OR
    obt.customer_id IS NULL
  
  
      
    ) dbt_internal_test
[0m08:48:34.138581 [debug] [Thread-4 (]: Opening a new connection, currently in state init
[0m08:48:35.402228 [debug] [Thread-4 (]: Databricks adapter: Connection(session-id=01f1b7f4-b9b3-115f-bdda-d41e92f20ce4) - Created
[0m08:48:36.239913 [debug] [Thread-4 (]: SQL status: OK in 2.100 seconds
[0m08:48:36.253688 [debug] [Thread-4 (]: Databricks adapter: Cursor(session-id=01f1b7f4-b9b3-115f-bdda-d41e92f20ce4, command-id=01f1b7f4-b9e3-1c0a-9bd0-f6c3d2851b52) - Closing
[0m08:48:36.262313 [debug] [Thread-4 (]: On test.walmart_project.test_obt: Close
[0m08:48:36.263448 [debug] [Thread-4 (]: Databricks adapter: Connection(session-id=01f1b7f4-b9b3-115f-bdda-d41e92f20ce4) - Closing
[0m08:48:36.556311 [info ] [Thread-4 (]: 1 of 1 PASS test_obt ........................................................... [[32mPASS[0m in 2.71s]
[0m08:48:36.566361 [debug] [Thread-4 (]: Finished running node test.walmart_project.test_obt
[0m08:48:36.571540 [debug] [MainThread]: Databricks adapter: DatabricksDBTConnection(session-id=None, name=master) - Creating connection
[0m08:48:36.572495 [debug] [MainThread]: Acquiring new databricks connection 'master'
[0m08:48:36.573690 [info ] [MainThread]: 
[0m08:48:36.579658 [info ] [MainThread]: Finished running 1 test in 0 hours 0 minutes and 10.72 seconds (10.72s).
[0m08:48:36.585115 [debug] [MainThread]: Command end result
[0m08:48:37.102494 [debug] [MainThread]: Wrote artifact WritableManifest to /opt/airflow/walmart_project/target/manifest.json
[0m08:48:37.114626 [debug] [MainThread]: Wrote artifact SemanticManifest to /opt/airflow/walmart_project/target/semantic_manifest.json
[0m08:48:37.122360 [debug] [MainThread]: Wrote artifact OsiDocument to /opt/airflow/walmart_project/target/osi_document.json
[0m08:48:37.135924 [debug] [MainThread]: Wrote artifact RunExecutionResult to /opt/airflow/walmart_project/target/run_results.json
[0m08:48:37.136860 [info ] [MainThread]: 
[0m08:48:37.137721 [info ] [MainThread]: [32mCompleted successfully[0m
[0m08:48:37.138855 [info ] [MainThread]: 
[0m08:48:37.139622 [info ] [MainThread]: Done. PASS=1 WARN=0 ERROR=0 SKIP=0 NO-OP=0 REUSED=0 TOTAL=1
[0m08:48:37.142623 [debug] [MainThread]: Resource report: {"command_name": "test", "command_success": true, "command_wall_clock_time": 19.279354, "process_in_blocks": "0", "process_kernel_time": 1.642391, "process_mem_max_rss": "275552", "process_out_blocks": "0", "process_user_time": 9.733941}
[0m08:48:37.145139 [debug] [MainThread]: Command `dbt test` succeeded at 08:48:37.144886 after 19.28 seconds
[0m08:48:37.146337 [debug] [MainThread]: Sending event: {'category': 'dbt', 'action': 'invocation', 'label': 'end', 'context': [<snowplow_tracker.self_describing_json.SelfDescribingJson object at 0x7e63a0439490>, <snowplow_tracker.self_describing_json.SelfDescribingJson object at 0x7e638827d2e0>, <snowplow_tracker.self_describing_json.SelfDescribingJson object at 0x7e638827d7b0>]}
[0m08:48:37.147268 [debug] [MainThread]: Flushing usage events
[0m08:48:38.169504 [debug] [MainThread]: An error was encountered while trying to flush usage events
[0m08:48:50.783192 [debug] [MainThread]: Sending event: {'category': 'dbt', 'action': 'invocation', 'label': 'start', 'context': [<snowplow_tracker.self_describing_json.SelfDescribingJson object at 0x7dee5c697770>, <snowplow_tracker.self_describing_json.SelfDescribingJson object at 0x7dee5af67ed0>, <snowplow_tracker.self_describing_json.SelfDescribingJson object at 0x7dee5af67b10>]}


============================== 08:48:50.799615 | dc1b7042-8cde-47d4-9884-62a5afa79b6a ==============================
[0m08:48:50.799615 [info ] [MainThread]: Running with dbt=1.12.5
[0m08:48:50.800723 [debug] [MainThread]: running dbt with arguments {'printer_width': '80', 'debug': 'False', 'quiet': 'False', 'static_parser': 'True', 'log_cache_events': 'False', 'profiles_dir': '/opt/airflow/walmart_project', 'warn_error': 'None', 'maximum_seed_size_mib': '1', 'target_path': 'None', 'warn_error_options': 'WarnErrorOptionsV2(error=[], warn=[], silence=[])', 'write_json': 'True', 'indirect_selection': 'eager', 'use_experimental_parser': 'False', 'invocation_command': 'dbt run --select gold/ephermeral', 'hints_enabled': 'True', 'introspect': 'True', 'no_print': 'None', 'log_format': 'default', 'fail_fast': 'False', 'send_anonymous_usage_stats': 'True', 'version_check': 'True', 'use_colors': 'True', 'log_path': '/opt/airflow/walmart_project/logs', 'cache_selected_only': 'False', 'empty': 'False', 'partial_parse': 'True'}
[0m08:48:52.191646 [debug] [MainThread]: Spark adapter: Setting pyhive.hive logging to ERROR
[0m08:48:52.192713 [debug] [MainThread]: Spark adapter: Setting thrift.transport logging to ERROR
[0m08:48:52.193338 [debug] [MainThread]: Spark adapter: Setting thrift.protocol logging to ERROR
[0m08:48:53.584502 [debug] [MainThread]: Sending event: {'category': 'dbt', 'action': 'project_id', 'label': 'dc1b7042-8cde-47d4-9884-62a5afa79b6a', 'context': [<snowplow_tracker.self_describing_json.SelfDescribingJson object at 0x7dee5c1d1a70>]}
[0m08:48:53.702358 [debug] [MainThread]: Sending event: {'category': 'dbt', 'action': 'adapter_info', 'label': 'dc1b7042-8cde-47d4-9884-62a5afa79b6a', 'context': [<snowplow_tracker.self_describing_json.SelfDescribingJson object at 0x7dee5c630e20>]}
[0m08:48:53.704390 [info ] [MainThread]: Registered adapter: databricks=1.10.9
[0m08:48:54.031731 [debug] [MainThread]: checksum: c6692066af086a4208ee6a2d343b9da3ce9763b98f9383873b954800d1e1f71c, vars: {}, profile: walmart_project, target: dev, version: 1.12.5
[0m08:48:55.080678 [debug] [MainThread]: Partial parsing enabled: 0 files deleted, 0 files added, 0 files changed.
[0m08:48:55.082046 [debug] [MainThread]: Nothing changed, skipping partial parsing.
[0m08:48:55.083004 [debug] [MainThread]: Partial parsing enabled, no changes found, skipping parsing
[0m08:48:55.111746 [debug] [MainThread]: Sending event: {'category': 'dbt', 'action': 'load_project', 'label': 'dc1b7042-8cde-47d4-9884-62a5afa79b6a', 'context': [<snowplow_tracker.self_describing_json.SelfDescribingJson object at 0x7dee3f101b50>]}
[0m08:48:55.499113 [debug] [MainThread]: Wrote artifact WritableManifest to /opt/airflow/walmart_project/target/manifest.json
[0m08:48:55.510301 [debug] [MainThread]: Wrote artifact SemanticManifest to /opt/airflow/walmart_project/target/semantic_manifest.json
[0m08:48:55.546725 [debug] [MainThread]: Wrote artifact OsiDocument to /opt/airflow/walmart_project/target/osi_document.json
[0m08:48:55.579509 [debug] [MainThread]: Sending event: {'category': 'dbt', 'action': 'resource_counts', 'label': 'dc1b7042-8cde-47d4-9884-62a5afa79b6a', 'context': [<snowplow_tracker.self_describing_json.SelfDescribingJson object at 0x7dee3eff7980>]}
[0m08:48:55.581827 [info ] [MainThread]: Found 13 models, 1 analysis, 5 data tests, 5 snapshots, 6 sources, 727 macros
[0m08:48:55.585182 [debug] [MainThread]: Sending event: {'category': 'dbt', 'action': 'runnable_timing', 'label': 'dc1b7042-8cde-47d4-9884-62a5afa79b6a', 'context': [<snowplow_tracker.self_describing_json.SelfDescribingJson object at 0x7dee3f055470>]}
[0m08:48:55.588986 [warn ] [MainThread]: [[33mWARNING[0m]: The selection criterion 'gold/ephermeral' does not match any enabled nodes
[0m08:48:55.601759 [warn ] [MainThread]: [[33mWARNING[0m]: Nothing to do. Try checking your model configs and model specification args
[0m08:48:55.605846 [debug] [MainThread]: Command end result
[0m08:48:55.739957 [debug] [MainThread]: Wrote artifact WritableManifest to /opt/airflow/walmart_project/target/manifest.json
[0m08:48:55.755130 [debug] [MainThread]: Wrote artifact SemanticManifest to /opt/airflow/walmart_project/target/semantic_manifest.json
[0m08:48:55.767653 [debug] [MainThread]: Wrote artifact OsiDocument to /opt/airflow/walmart_project/target/osi_document.json
[0m08:48:55.777360 [debug] [MainThread]: Wrote artifact RunExecutionResult to /opt/airflow/walmart_project/target/run_results.json
[0m08:48:55.780316 [debug] [MainThread]: Resource report: {"command_name": "run", "command_success": true, "command_wall_clock_time": 5.363849, "process_in_blocks": "0", "process_kernel_time": 2.650973, "process_mem_max_rss": "253140", "process_out_blocks": "0", "process_user_time": 7.451878}
[0m08:48:55.787725 [debug] [MainThread]: Command `dbt run` succeeded at 08:48:55.787364 after 5.37 seconds
[0m08:48:55.789214 [debug] [MainThread]: Sending event: {'category': 'dbt', 'action': 'invocation', 'label': 'end', 'context': [<snowplow_tracker.self_describing_json.SelfDescribingJson object at 0x7dee3f0887a0>, <snowplow_tracker.self_describing_json.SelfDescribingJson object at 0x7dee5b1b9490>, <snowplow_tracker.self_describing_json.SelfDescribingJson object at 0x7dee3f33a150>]}
[0m08:48:55.791976 [debug] [MainThread]: Flushing usage events
[0m08:48:56.826981 [debug] [MainThread]: An error was encountered while trying to flush usage events
[0m08:49:03.912350 [debug] [MainThread]: Sending event: {'category': 'dbt', 'action': 'invocation', 'label': 'start', 'context': [<snowplow_tracker.self_describing_json.SelfDescribingJson object at 0x74d8e150f770>, <snowplow_tracker.self_describing_json.SelfDescribingJson object at 0x74d8dfdc3ed0>, <snowplow_tracker.self_describing_json.SelfDescribingJson object at 0x74d8dfdc3b10>]}


============================== 08:49:03.921688 | 387bccf8-c1cf-4aa7-8ba8-4d2c23949f24 ==============================
[0m08:49:03.921688 [info ] [MainThread]: Running with dbt=1.12.5
[0m08:49:03.924027 [debug] [MainThread]: running dbt with arguments {'write_json': 'True', 'no_print': 'None', 'quiet': 'False', 'version_check': 'True', 'log_path': '/opt/airflow/walmart_project/logs', 'indirect_selection': 'eager', 'warn_error_options': 'WarnErrorOptionsV2(error=[], warn=[], silence=[])', 'fail_fast': 'False', 'log_format': 'default', 'invocation_command': 'dbt snapshot', 'profiles_dir': '/opt/airflow/walmart_project', 'log_cache_events': 'False', 'debug': 'False', 'use_experimental_parser': 'False', 'cache_selected_only': 'False', 'send_anonymous_usage_stats': 'True', 'partial_parse': 'True', 'introspect': 'True', 'printer_width': '80', 'warn_error': 'None', 'use_colors': 'True', 'target_path': 'None', 'maximum_seed_size_mib': '1', 'static_parser': 'True', 'empty': 'False', 'hints_enabled': 'True'}
[0m08:49:05.485854 [debug] [MainThread]: Spark adapter: Setting pyhive.hive logging to ERROR
[0m08:49:05.486846 [debug] [MainThread]: Spark adapter: Setting thrift.transport logging to ERROR
[0m08:49:05.487477 [debug] [MainThread]: Spark adapter: Setting thrift.protocol logging to ERROR
[0m08:49:06.298591 [debug] [MainThread]: Sending event: {'category': 'dbt', 'action': 'project_id', 'label': '387bccf8-c1cf-4aa7-8ba8-4d2c23949f24', 'context': [<snowplow_tracker.self_describing_json.SelfDescribingJson object at 0x74d8e1045a70>]}
[0m08:49:06.377615 [debug] [MainThread]: Sending event: {'category': 'dbt', 'action': 'adapter_info', 'label': '387bccf8-c1cf-4aa7-8ba8-4d2c23949f24', 'context': [<snowplow_tracker.self_describing_json.SelfDescribingJson object at 0x74d8e14a8e20>]}
[0m08:49:06.379527 [info ] [MainThread]: Registered adapter: databricks=1.10.9
[0m08:49:06.505557 [debug] [MainThread]: checksum: c6692066af086a4208ee6a2d343b9da3ce9763b98f9383873b954800d1e1f71c, vars: {}, profile: walmart_project, target: dev, version: 1.12.5
[0m08:49:06.921731 [debug] [MainThread]: Partial parsing enabled: 0 files deleted, 0 files added, 0 files changed.
[0m08:49:06.923287 [debug] [MainThread]: Nothing changed, skipping partial parsing.
[0m08:49:06.924447 [debug] [MainThread]: Partial parsing enabled, no changes found, skipping parsing
[0m08:49:06.957070 [debug] [MainThread]: Sending event: {'category': 'dbt', 'action': 'load_project', 'label': '387bccf8-c1cf-4aa7-8ba8-4d2c23949f24', 'context': [<snowplow_tracker.self_describing_json.SelfDescribingJson object at 0x74d8c3f49b50>]}
[0m08:49:07.329597 [debug] [MainThread]: Wrote artifact WritableManifest to /opt/airflow/walmart_project/target/manifest.json
[0m08:49:07.336641 [debug] [MainThread]: Wrote artifact SemanticManifest to /opt/airflow/walmart_project/target/semantic_manifest.json
[0m08:49:07.354044 [debug] [MainThread]: Wrote artifact OsiDocument to /opt/airflow/walmart_project/target/osi_document.json
[0m08:49:07.373864 [debug] [MainThread]: Sending event: {'category': 'dbt', 'action': 'resource_counts', 'label': '387bccf8-c1cf-4aa7-8ba8-4d2c23949f24', 'context': [<snowplow_tracker.self_describing_json.SelfDescribingJson object at 0x74d8c3e125d0>]}
[0m08:49:07.375784 [info ] [MainThread]: Found 13 models, 1 analysis, 5 data tests, 5 snapshots, 6 sources, 727 macros
[0m08:49:07.378160 [debug] [MainThread]: Sending event: {'category': 'dbt', 'action': 'runnable_timing', 'label': '387bccf8-c1cf-4aa7-8ba8-4d2c23949f24', 'context': [<snowplow_tracker.self_describing_json.SelfDescribingJson object at 0x74d8c3e71a90>]}
[0m08:49:07.382055 [info ] [MainThread]: 
[0m08:49:07.383646 [info ] [MainThread]: Concurrency: 1 threads (target='dev')
[0m08:49:07.384569 [info ] [MainThread]: 
[0m08:49:07.386001 [debug] [MainThread]: Databricks adapter: DatabricksDBTConnection(session-id=None, name=master) - Creating connection
[0m08:49:07.386966 [debug] [MainThread]: Acquiring new databricks connection 'master'
[0m08:49:07.395775 [debug] [ThreadPool]: Databricks adapter: DatabricksDBTConnection(session-id=None, name=list_walmart) - Creating connection
[0m08:49:07.396547 [debug] [ThreadPool]: Acquiring new databricks connection 'list_walmart'
[0m08:49:07.397219 [debug] [ThreadPool]: Using databricks connection "list_walmart"
[0m08:49:07.397832 [debug] [ThreadPool]: On list_walmart: GetSchemas(database=walmart, schema=None)
[0m08:49:07.398437 [debug] [ThreadPool]: Opening a new connection, currently in state init
[0m08:49:09.701421 [debug] [ThreadPool]: Databricks adapter: Connection(session-id=01f1b7f4-cd7f-1f22-96e4-dafa0740e7a0) - Created
[0m08:49:10.075722 [debug] [ThreadPool]: SQL status: OK in 2.680 seconds
[0m08:49:10.077541 [debug] [ThreadPool]: Databricks adapter: Cursor(session-id=01f1b7f4-cd7f-1f22-96e4-dafa0740e7a0, command-id=01f1b7f4-ce56-1ae8-9e8c-5c2fe8f8d8a7) - Closing
[0m08:49:10.078284 [debug] [ThreadPool]: On list_walmart: Close
[0m08:49:10.078805 [debug] [ThreadPool]: Databricks adapter: Connection(session-id=01f1b7f4-cd7f-1f22-96e4-dafa0740e7a0) - Closing
[0m08:49:10.396311 [debug] [ThreadPool]: Databricks adapter: DatabricksDBTConnection(session-id=None, name=list_walmart_gold) - Creating connection
[0m08:49:10.397238 [debug] [ThreadPool]: Acquiring new databricks connection 'list_walmart_gold'
[0m08:49:10.414543 [debug] [ThreadPool]: Using databricks connection "list_walmart_gold"
[0m08:49:10.415430 [debug] [ThreadPool]: On list_walmart_gold: /* {"app": "dbt", "dbt_version": "1.12.5", "dbt_databricks_version": "1.10.9", "databricks_sql_connector_version": "4.5.0", "profile_name": "walmart_project", "target_name": "dev", "connection_name": "list_walmart_gold"} */

    
SELECT
  table_name,
  if(table_type IN ('EXTERNAL', 'MANAGED', 'MANAGED_SHALLOW_CLONE', 'EXTERNAL_SHALLOW_CLONE'), 'table', lower(table_type)) AS table_type,
  lower(data_source_format) AS file_format,
  table_owner,
  if(
    table_type IN (
      'EXTERNAL',
      'MANAGED',
      'MANAGED_SHALLOW_CLONE',
      'EXTERNAL_SHALLOW_CLONE'
    ),
    lower(table_type),
    NULL
  ) AS databricks_table_type
FROM `system`.`information_schema`.`tables`
WHERE table_catalog = 'walmart' 
  AND table_schema = 'gold'

  
[0m08:49:10.416090 [debug] [ThreadPool]: Opening a new connection, currently in state init
[0m08:49:11.538378 [debug] [ThreadPool]: Databricks adapter: Connection(session-id=01f1b7f4-cf3e-1dfa-9200-df435831773e) - Created
[0m08:49:12.124488 [debug] [ThreadPool]: SQL status: OK in 1.710 seconds
[0m08:49:12.147108 [debug] [ThreadPool]: Databricks adapter: Cursor(session-id=01f1b7f4-cf3e-1dfa-9200-df435831773e, command-id=01f1b7f4-cf6c-1b31-972c-5e7816b29238) - Closing
[0m08:49:12.148443 [debug] [ThreadPool]: On list_walmart_gold: Close
[0m08:49:12.149055 [debug] [ThreadPool]: Databricks adapter: Connection(session-id=01f1b7f4-cf3e-1dfa-9200-df435831773e) - Closing
[0m08:49:12.452830 [debug] [ThreadPool]: Databricks adapter: DatabricksDBTConnection(session-id=None, name=list_walmart_silver_t) - Creating connection
[0m08:49:12.454849 [debug] [ThreadPool]: Acquiring new databricks connection 'list_walmart_silver_t'
[0m08:49:12.456779 [debug] [ThreadPool]: Using databricks connection "list_walmart_silver_t"
[0m08:49:12.458317 [debug] [ThreadPool]: On list_walmart_silver_t: /* {"app": "dbt", "dbt_version": "1.12.5", "dbt_databricks_version": "1.10.9", "databricks_sql_connector_version": "4.5.0", "profile_name": "walmart_project", "target_name": "dev", "connection_name": "list_walmart_silver_t"} */

    
SELECT
  table_name,
  if(table_type IN ('EXTERNAL', 'MANAGED', 'MANAGED_SHALLOW_CLONE', 'EXTERNAL_SHALLOW_CLONE'), 'table', lower(table_type)) AS table_type,
  lower(data_source_format) AS file_format,
  table_owner,
  if(
    table_type IN (
      'EXTERNAL',
      'MANAGED',
      'MANAGED_SHALLOW_CLONE',
      'EXTERNAL_SHALLOW_CLONE'
    ),
    lower(table_type),
    NULL
  ) AS databricks_table_type
FROM `system`.`information_schema`.`tables`
WHERE table_catalog = 'walmart' 
  AND table_schema = 'silver_t'

  
[0m08:49:12.459402 [debug] [ThreadPool]: Opening a new connection, currently in state init
[0m08:49:13.623130 [debug] [ThreadPool]: Databricks adapter: Connection(session-id=01f1b7f4-d07a-1d6a-85be-c15499230dde) - Created
[0m08:49:14.183320 [debug] [ThreadPool]: SQL status: OK in 1.720 seconds
[0m08:49:14.187178 [debug] [ThreadPool]: Databricks adapter: Cursor(session-id=01f1b7f4-d07a-1d6a-85be-c15499230dde, command-id=01f1b7f4-d0ab-18c5-9726-087ab049683e) - Closing
[0m08:49:14.188444 [debug] [ThreadPool]: On list_walmart_silver_t: Close
[0m08:49:14.189035 [debug] [ThreadPool]: Databricks adapter: Connection(session-id=01f1b7f4-d07a-1d6a-85be-c15499230dde) - Closing
[0m08:49:14.506880 [debug] [ThreadPool]: Databricks adapter: DatabricksDBTConnection(session-id=None, name=list_walmart_silver_b) - Creating connection
[0m08:49:14.513016 [debug] [ThreadPool]: Acquiring new databricks connection 'list_walmart_silver_b'
[0m08:49:14.518568 [debug] [ThreadPool]: Using databricks connection "list_walmart_silver_b"
[0m08:49:14.521261 [debug] [ThreadPool]: On list_walmart_silver_b: /* {"app": "dbt", "dbt_version": "1.12.5", "dbt_databricks_version": "1.10.9", "databricks_sql_connector_version": "4.5.0", "profile_name": "walmart_project", "target_name": "dev", "connection_name": "list_walmart_silver_b"} */

    
SELECT
  table_name,
  if(table_type IN ('EXTERNAL', 'MANAGED', 'MANAGED_SHALLOW_CLONE', 'EXTERNAL_SHALLOW_CLONE'), 'table', lower(table_type)) AS table_type,
  lower(data_source_format) AS file_format,
  table_owner,
  if(
    table_type IN (
      'EXTERNAL',
      'MANAGED',
      'MANAGED_SHALLOW_CLONE',
      'EXTERNAL_SHALLOW_CLONE'
    ),
    lower(table_type),
    NULL
  ) AS databricks_table_type
FROM `system`.`information_schema`.`tables`
WHERE table_catalog = 'walmart' 
  AND table_schema = 'silver_b'

  
[0m08:49:14.522846 [debug] [ThreadPool]: Opening a new connection, currently in state init
[0m08:49:15.718744 [debug] [ThreadPool]: Databricks adapter: Connection(session-id=01f1b7f4-d1b8-15b0-a1af-25ae5fe5237a) - Created
[0m08:49:16.276193 [debug] [ThreadPool]: SQL status: OK in 1.750 seconds
[0m08:49:16.281608 [debug] [ThreadPool]: Databricks adapter: Cursor(session-id=01f1b7f4-d1b8-15b0-a1af-25ae5fe5237a, command-id=01f1b7f4-d1eb-1e15-8b4b-d564cc0218c0) - Closing
[0m08:49:16.283236 [debug] [ThreadPool]: On list_walmart_silver_b: Close
[0m08:49:16.284762 [debug] [ThreadPool]: Databricks adapter: Connection(session-id=01f1b7f4-d1b8-15b0-a1af-25ae5fe5237a) - Closing
[0m08:49:16.595002 [debug] [MainThread]: Sending event: {'category': 'dbt', 'action': 'runnable_timing', 'label': '387bccf8-c1cf-4aa7-8ba8-4d2c23949f24', 'context': [<snowplow_tracker.self_describing_json.SelfDescribingJson object at 0x74d8c35cd7e0>]}
[0m08:49:16.600810 [debug] [Thread-5 (]: Began running node snapshot.walmart_project.dim_customers
[0m08:49:16.602883 [info ] [Thread-5 (]: 1 of 5 START snapshot gold.dim_customers ....................................... [RUN]
[0m08:49:16.604335 [debug] [Thread-5 (]: Databricks adapter: DatabricksDBTConnection(session-id=None, name=snapshot.walmart_project.dim_customers) - Creating connection
[0m08:49:16.605419 [debug] [Thread-5 (]: Acquiring new databricks connection 'snapshot.walmart_project.dim_customers'
[0m08:49:16.606228 [debug] [Thread-5 (]: Began compiling node snapshot.walmart_project.dim_customers
[0m08:49:16.615177 [debug] [Thread-5 (]: Writing injected SQL for node "snapshot.walmart_project.dim_customers"
[0m08:49:16.636144 [debug] [Thread-5 (]: Writing injected SQL for node "snapshot.walmart_project.dim_customers"
[0m08:49:16.647134 [debug] [Thread-5 (]: Began executing node snapshot.walmart_project.dim_customers
[0m08:49:16.688237 [debug] [Thread-5 (]: Opening a new connection, currently in state init
[0m08:49:17.906411 [debug] [Thread-5 (]: Databricks adapter: Connection(session-id=01f1b7f4-d2fc-1eb2-af70-d230a7da0cb2) - Created
[0m08:49:17.911858 [debug] [Thread-5 (]: Using databricks connection "snapshot.walmart_project.dim_customers"
[0m08:49:17.912908 [debug] [Thread-5 (]: On snapshot.walmart_project.dim_customers: /* {"app": "dbt", "dbt_version": "1.12.5", "dbt_databricks_version": "1.10.9", "databricks_sql_connector_version": "4.5.0", "profile_name": "walmart_project", "target_name": "dev", "node_id": "snapshot.walmart_project.dim_customers"} */

    
  DESCRIBE TABLE EXTENDED `walmart`.`gold`.`dim_customers` AS JSON

  
[0m08:49:19.295471 [debug] [Thread-5 (]: SQL status: OK in 1.380 seconds
[0m08:49:19.307829 [debug] [Thread-5 (]: Databricks adapter: Cursor(session-id=01f1b7f4-d2fc-1eb2-af70-d230a7da0cb2, command-id=01f1b7f4-d338-1bfc-b2d9-b2a673de7825) - Closing
[0m08:49:19.391543 [debug] [Thread-5 (]: Using databricks connection "snapshot.walmart_project.dim_customers"
[0m08:49:19.392566 [debug] [Thread-5 (]: On snapshot.walmart_project.dim_customers: /* {"app": "dbt", "dbt_version": "1.12.5", "dbt_databricks_version": "1.10.9", "databricks_sql_connector_version": "4.5.0", "profile_name": "walmart_project", "target_name": "dev", "node_id": "snapshot.walmart_project.dim_customers"} */

        
  
    create or replace temporary view `dim_customers__dbt_tmp` as
      
    
    with snapshot_query as (

        with __dbt__cte__eph_customers as (
SELECT 
    DISTINCT
    customer_id,
    customer_first_name,
    customer_last_name,
    customer_email,
    customer_phone,
    customer_city,
    customer_province,
    customer_country,
    customer_created_timestamp,
    customer_updated_timestamp,
    customer_is_active,
    customer_processed_at,
    CURRENT_TIMESTAMP() AS customer_gold_processed_at
FROM 
    `walmart`.`silver_b`.`obt_b`
) select * from __dbt__cte__eph_customers

    ),

    snapshotted_data as (

        select *, 
    
        customer_id as dbt_unique_key
    

        from `walmart`.`gold`.`dim_customers`
        where
            
		
		

		
                ( (dbt_valid_to = to_date('9999-12-31'))
 or dbt_valid_to is null )
            

    ),

    insertions_source_data as (

        select *, 
    
        customer_id as dbt_unique_key
    
,
            customer_updated_timestamp as dbt_updated_at,
            customer_updated_timestamp as dbt_valid_from,
            
  
  coalesce(nullif(customer_updated_timestamp, customer_updated_timestamp), to_date('9999-12-31'))
  as dbt_valid_to
,
            md5(coalesce(cast(customer_id as string ), '')
         || '|' || coalesce(cast(customer_updated_timestamp as string ), '')
        ) as dbt_scd_id

        from snapshot_query
    ),

    updates_source_data as (

        select *, 
    
        customer_id as dbt_unique_key
    
,
            customer_updated_timestamp as dbt_updated_at,
            customer_updated_timestamp as dbt_valid_from,
            customer_updated_timestamp as dbt_valid_to

        from snapshot_query
    ),

    insertions as (

        select
            'insert' as dbt_change_type,
            source_data.*

        from insertions_source_data as source_data
        left outer join snapshotted_data
            on 
    
        snapshotted_data.dbt_unique_key = source_data.dbt_unique_key
    

            where 
    
        snapshotted_data.dbt_unique_key is null
    

            or (
    
        snapshotted_data.dbt_unique_key is not null
    
 and (
               (snapshotted_data.dbt_valid_from < source_data.customer_updated_timestamp)
            )

        )

    ),

    updates as (

        select
            'update' as dbt_change_type,
            source_data.*,
            snapshotted_data.dbt_scd_id

        from updates_source_data as source_data
        join snapshotted_data
            on 
    
        snapshotted_data.dbt_unique_key = source_data.dbt_unique_key
    

        where (
            (snapshotted_data.dbt_valid_from < source_data.customer_updated_timestamp)
        )
    )

    select * from insertions
    union all
    select * from updates

  
    
[0m08:49:20.014244 [debug] [Thread-5 (]: SQL status: OK in 0.620 seconds
[0m08:49:20.016749 [debug] [Thread-5 (]: Databricks adapter: Cursor(session-id=01f1b7f4-d2fc-1eb2-af70-d230a7da0cb2, command-id=01f1b7f4-d41a-1586-a509-2befbbdb6fe7) - Closing
[0m08:49:20.019866 [debug] [Thread-5 (]: Using databricks connection "snapshot.walmart_project.dim_customers"
[0m08:49:20.042673 [debug] [Thread-5 (]: On snapshot.walmart_project.dim_customers: /* {"app": "dbt", "dbt_version": "1.12.5", "dbt_databricks_version": "1.10.9", "databricks_sql_connector_version": "4.5.0", "profile_name": "walmart_project", "target_name": "dev", "node_id": "snapshot.walmart_project.dim_customers"} */

    
  DESCRIBE TABLE EXTENDED `dim_customers__dbt_tmp` AS JSON

  
[0m08:49:20.422067 [debug] [Thread-5 (]: SQL status: OK in 0.380 seconds
[0m08:49:20.426691 [debug] [Thread-5 (]: Databricks adapter: Cursor(session-id=01f1b7f4-d2fc-1eb2-af70-d230a7da0cb2, command-id=01f1b7f4-d47d-1931-95e0-b9cf3450e178) - Closing
[0m08:49:20.429219 [debug] [Thread-5 (]: Using databricks connection "snapshot.walmart_project.dim_customers"
[0m08:49:20.430194 [debug] [Thread-5 (]: On snapshot.walmart_project.dim_customers: /* {"app": "dbt", "dbt_version": "1.12.5", "dbt_databricks_version": "1.10.9", "databricks_sql_connector_version": "4.5.0", "profile_name": "walmart_project", "target_name": "dev", "node_id": "snapshot.walmart_project.dim_customers"} */

    
  DESCRIBE TABLE EXTENDED `walmart`.`gold`.`dim_customers` AS JSON

  
[0m08:49:20.993402 [debug] [Thread-5 (]: SQL status: OK in 0.560 seconds
[0m08:49:20.996263 [debug] [Thread-5 (]: Databricks adapter: Cursor(session-id=01f1b7f4-d2fc-1eb2-af70-d230a7da0cb2, command-id=01f1b7f4-d4b9-1506-a66c-2817aa848ab5) - Closing
[0m08:49:20.998324 [debug] [Thread-5 (]: Using databricks connection "snapshot.walmart_project.dim_customers"
[0m08:49:20.999493 [debug] [Thread-5 (]: On snapshot.walmart_project.dim_customers: /* {"app": "dbt", "dbt_version": "1.12.5", "dbt_databricks_version": "1.10.9", "databricks_sql_connector_version": "4.5.0", "profile_name": "walmart_project", "target_name": "dev", "node_id": "snapshot.walmart_project.dim_customers"} */

    
  DESCRIBE TABLE EXTENDED `dim_customers__dbt_tmp` AS JSON

  
[0m08:49:21.362003 [debug] [Thread-5 (]: SQL status: OK in 0.360 seconds
[0m08:49:21.365511 [debug] [Thread-5 (]: Databricks adapter: Cursor(session-id=01f1b7f4-d2fc-1eb2-af70-d230a7da0cb2, command-id=01f1b7f4-d50f-1884-a871-fc221bfbf999) - Closing
[0m08:49:21.525125 [debug] [Thread-5 (]: Using databricks connection "snapshot.walmart_project.dim_customers"
[0m08:49:21.526309 [debug] [Thread-5 (]: On snapshot.walmart_project.dim_customers: /* {"app": "dbt", "dbt_version": "1.12.5", "dbt_databricks_version": "1.10.9", "databricks_sql_connector_version": "4.5.0", "profile_name": "walmart_project", "target_name": "dev", "node_id": "snapshot.walmart_project.dim_customers"} */

    
  DESCRIBE TABLE EXTENDED `walmart`.`gold`.`dim_customers` AS JSON

  
[0m08:49:22.069781 [debug] [Thread-5 (]: SQL status: OK in 0.540 seconds
[0m08:49:22.073383 [debug] [Thread-5 (]: Databricks adapter: Cursor(session-id=01f1b7f4-d2fc-1eb2-af70-d230a7da0cb2, command-id=01f1b7f4-d560-164d-957f-71a985222c52) - Closing
[0m08:49:22.079566 [debug] [Thread-5 (]: Using databricks connection "snapshot.walmart_project.dim_customers"
[0m08:49:22.080447 [debug] [Thread-5 (]: On snapshot.walmart_project.dim_customers: /* {"app": "dbt", "dbt_version": "1.12.5", "dbt_databricks_version": "1.10.9", "databricks_sql_connector_version": "4.5.0", "profile_name": "walmart_project", "target_name": "dev", "node_id": "snapshot.walmart_project.dim_customers"} */

    
  DESCRIBE TABLE EXTENDED `dim_customers__dbt_tmp` AS JSON

  
[0m08:49:22.454180 [debug] [Thread-5 (]: SQL status: OK in 0.370 seconds
[0m08:49:22.457581 [debug] [Thread-5 (]: Databricks adapter: Cursor(session-id=01f1b7f4-d2fc-1eb2-af70-d230a7da0cb2, command-id=01f1b7f4-d5b4-18be-9b6d-666c8eed7cd1) - Closing
[0m08:49:22.473618 [debug] [Thread-5 (]: Using databricks connection "snapshot.walmart_project.dim_customers"
[0m08:49:22.474618 [debug] [Thread-5 (]: On snapshot.walmart_project.dim_customers: /* {"app": "dbt", "dbt_version": "1.12.5", "dbt_databricks_version": "1.10.9", "databricks_sql_connector_version": "4.5.0", "profile_name": "walmart_project", "target_name": "dev", "node_id": "snapshot.walmart_project.dim_customers"} */
select * from (
        
    
    with snapshot_query as (

        with __dbt__cte__eph_customers as (
SELECT 
    DISTINCT
    customer_id,
    customer_first_name,
    customer_last_name,
    customer_email,
    customer_phone,
    customer_city,
    customer_province,
    customer_country,
    customer_created_timestamp,
    customer_updated_timestamp,
    customer_is_active,
    customer_processed_at,
    CURRENT_TIMESTAMP() AS customer_gold_processed_at
FROM 
    `walmart`.`silver_b`.`obt_b`
) select * from __dbt__cte__eph_customers

    ),

    snapshotted_data as (

        select *, 
    
        customer_id as dbt_unique_key
    

        from `walmart`.`gold`.`dim_customers`
        where
            
		
		

		
                ( (dbt_valid_to = to_date('9999-12-31'))
 or dbt_valid_to is null )
            

    ),

    insertions_source_data as (

        select *, 
    
        customer_id as dbt_unique_key
    
,
            customer_updated_timestamp as dbt_updated_at,
            customer_updated_timestamp as dbt_valid_from,
            
  
  coalesce(nullif(customer_updated_timestamp, customer_updated_timestamp), to_date('9999-12-31'))
  as dbt_valid_to
,
            md5(coalesce(cast(customer_id as string ), '')
         || '|' || coalesce(cast(customer_updated_timestamp as string ), '')
        ) as dbt_scd_id

        from snapshot_query
    ),

    updates_source_data as (

        select *, 
    
        customer_id as dbt_unique_key
    
,
            customer_updated_timestamp as dbt_updated_at,
            customer_updated_timestamp as dbt_valid_from,
            customer_updated_timestamp as dbt_valid_to

        from snapshot_query
    ),

    insertions as (

        select
            'insert' as dbt_change_type,
            source_data.*

        from insertions_source_data as source_data
        left outer join snapshotted_data
            on 
    
        snapshotted_data.dbt_unique_key = source_data.dbt_unique_key
    

            where 
    
        snapshotted_data.dbt_unique_key is null
    

            or (
    
        snapshotted_data.dbt_unique_key is not null
    
 and (
               (snapshotted_data.dbt_valid_from < source_data.customer_updated_timestamp)
            )

        )

    ),

    updates as (

        select
            'update' as dbt_change_type,
            source_data.*,
            snapshotted_data.dbt_scd_id

        from updates_source_data as source_data
        join snapshotted_data
            on 
    
        snapshotted_data.dbt_unique_key = source_data.dbt_unique_key
    

        where (
            (snapshotted_data.dbt_valid_from < source_data.customer_updated_timestamp)
        )
    )

    select * from insertions
    union all
    select * from updates

    ) as __dbt_sbq
    where false
    limit 0

[0m08:49:23.146993 [debug] [Thread-5 (]: SQL status: OK in 0.670 seconds
[0m08:49:23.153569 [debug] [Thread-5 (]: Using databricks connection "snapshot.walmart_project.dim_customers"
[0m08:49:23.154516 [debug] [Thread-5 (]: On snapshot.walmart_project.dim_customers: /* {"app": "dbt", "dbt_version": "1.12.5", "dbt_databricks_version": "1.10.9", "databricks_sql_connector_version": "4.5.0", "profile_name": "walmart_project", "target_name": "dev", "node_id": "snapshot.walmart_project.dim_customers"} */
select * from (
        select 
    current_timestamp()
 as dbt_snapshot_time
    ) as __dbt_sbq
    where false
    limit 0

[0m08:49:23.155118 [debug] [Thread-5 (]: Databricks adapter: Cursor(session-id=01f1b7f4-d2fc-1eb2-af70-d230a7da0cb2, command-id=01f1b7f4-d5f0-1a3c-94c3-d3ce6a0dfb4d) - Closing
[0m08:49:23.506974 [debug] [Thread-5 (]: SQL status: OK in 0.350 seconds
[0m08:49:23.508045 [debug] [Thread-5 (]: Writing runtime sql for node "snapshot.walmart_project.dim_customers"
[0m08:49:23.614292 [debug] [Thread-5 (]: Using databricks connection "snapshot.walmart_project.dim_customers"
[0m08:49:23.615793 [debug] [Thread-5 (]: On snapshot.walmart_project.dim_customers: /* {"app": "dbt", "dbt_version": "1.12.5", "dbt_databricks_version": "1.10.9", "databricks_sql_connector_version": "4.5.0", "profile_name": "walmart_project", "target_name": "dev", "node_id": "snapshot.walmart_project.dim_customers"} */

      merge into `walmart`.`gold`.`dim_customers` as DBT_INTERNAL_DEST
    
      using `dim_customers__dbt_tmp` as DBT_INTERNAL_SOURCE
    
    on DBT_INTERNAL_SOURCE.dbt_scd_id = DBT_INTERNAL_DEST.dbt_scd_id
    when matched
     
       and ( DBT_INTERNAL_DEST.dbt_valid_to = to_date('9999-12-31') or
             DBT_INTERNAL_DEST.dbt_valid_to is null )
     
     and DBT_INTERNAL_SOURCE.dbt_change_type in ('update', 'delete')
        then update
        set dbt_valid_to = DBT_INTERNAL_SOURCE.dbt_valid_to

    when not matched
     and DBT_INTERNAL_SOURCE.dbt_change_type = 'insert'
        then insert *
    ;

  
[0m08:49:23.617174 [debug] [Thread-5 (]: Databricks adapter: Cursor(session-id=01f1b7f4-d2fc-1eb2-af70-d230a7da0cb2, command-id=01f1b7f4-d658-1186-b010-715458ae78dd) - Closing
[0m08:49:26.679488 [debug] [Thread-5 (]: SQL status: OK in 3.060 seconds
[0m08:49:26.680956 [debug] [Thread-5 (]: Databricks adapter: Cursor(session-id=01f1b7f4-d2fc-1eb2-af70-d230a7da0cb2, command-id=01f1b7f4-d69e-155a-af20-9b2ccd1eb9b0) - Closing
[0m08:49:26.705596 [debug] [Thread-5 (]: Applying DROP to: `dim_customers__dbt_tmp`
[0m08:49:26.710939 [debug] [Thread-5 (]: Using databricks connection "snapshot.walmart_project.dim_customers"
[0m08:49:26.711932 [debug] [Thread-5 (]: On snapshot.walmart_project.dim_customers: /* {"app": "dbt", "dbt_version": "1.12.5", "dbt_databricks_version": "1.10.9", "databricks_sql_connector_version": "4.5.0", "profile_name": "walmart_project", "target_name": "dev", "node_id": "snapshot.walmart_project.dim_customers"} */
DROP VIEW IF EXISTS `dim_customers__dbt_tmp`
[0m08:49:27.077761 [debug] [Thread-5 (]: SQL status: OK in 0.360 seconds
[0m08:49:27.080344 [debug] [Thread-5 (]: Databricks adapter: Cursor(session-id=01f1b7f4-d2fc-1eb2-af70-d230a7da0cb2, command-id=01f1b7f4-d877-1ccc-8b70-9abba449ec5d) - Closing
[0m08:49:27.108720 [debug] [Thread-5 (]: On snapshot.walmart_project.dim_customers: Close
[0m08:49:27.116162 [debug] [Thread-5 (]: Databricks adapter: Connection(session-id=01f1b7f4-d2fc-1eb2-af70-d230a7da0cb2) - Closing
[0m08:49:27.461017 [debug] [Thread-5 (]: Sending event: {'category': 'dbt', 'action': 'run_model', 'label': '387bccf8-c1cf-4aa7-8ba8-4d2c23949f24', 'context': [<snowplow_tracker.self_describing_json.SelfDescribingJson object at 0x74d8c350fc50>]}
[0m08:49:27.464278 [info ] [Thread-5 (]: 1 of 5 OK snapshotted gold.dim_customers ....................................... [[32mOK[0m in 10.85s]
[0m08:49:27.468008 [debug] [Thread-5 (]: Finished running node snapshot.walmart_project.dim_customers
[0m08:49:27.470014 [debug] [Thread-5 (]: Began running node snapshot.walmart_project.dim_employees
[0m08:49:27.471399 [info ] [Thread-5 (]: 2 of 5 START snapshot gold.dim_employees ....................................... [RUN]
[0m08:49:27.473144 [debug] [Thread-5 (]: Databricks adapter: DatabricksDBTConnection(session-id=None, name=snapshot.walmart_project.dim_employees) - Creating connection
[0m08:49:27.474043 [debug] [Thread-5 (]: Acquiring new databricks connection 'snapshot.walmart_project.dim_employees'
[0m08:49:27.474885 [debug] [Thread-5 (]: Began compiling node snapshot.walmart_project.dim_employees
[0m08:49:27.480957 [debug] [Thread-5 (]: Writing injected SQL for node "snapshot.walmart_project.dim_employees"
[0m08:49:27.490745 [debug] [Thread-5 (]: Writing injected SQL for node "snapshot.walmart_project.dim_employees"
[0m08:49:27.593024 [debug] [Thread-5 (]: Began executing node snapshot.walmart_project.dim_employees
[0m08:49:27.600244 [debug] [Thread-5 (]: Opening a new connection, currently in state init
[0m08:49:28.828909 [debug] [Thread-5 (]: Databricks adapter: Connection(session-id=01f1b7f4-d98c-1507-8bbd-f8e611b22850) - Created
[0m08:49:28.832669 [debug] [Thread-5 (]: Using databricks connection "snapshot.walmart_project.dim_employees"
[0m08:49:28.834033 [debug] [Thread-5 (]: On snapshot.walmart_project.dim_employees: /* {"app": "dbt", "dbt_version": "1.12.5", "dbt_databricks_version": "1.10.9", "databricks_sql_connector_version": "4.5.0", "profile_name": "walmart_project", "target_name": "dev", "node_id": "snapshot.walmart_project.dim_employees"} */

    
  DESCRIBE TABLE EXTENDED `walmart`.`gold`.`dim_employees` AS JSON

  
[0m08:49:29.449266 [debug] [Thread-5 (]: SQL status: OK in 0.610 seconds
[0m08:49:29.458662 [debug] [Thread-5 (]: Databricks adapter: Cursor(session-id=01f1b7f4-d98c-1507-8bbd-f8e611b22850, command-id=01f1b7f4-d9be-170c-83d5-ebcb7c24b351) - Closing
[0m08:49:29.466060 [debug] [Thread-5 (]: Using databricks connection "snapshot.walmart_project.dim_employees"
[0m08:49:29.468548 [debug] [Thread-5 (]: On snapshot.walmart_project.dim_employees: /* {"app": "dbt", "dbt_version": "1.12.5", "dbt_databricks_version": "1.10.9", "databricks_sql_connector_version": "4.5.0", "profile_name": "walmart_project", "target_name": "dev", "node_id": "snapshot.walmart_project.dim_employees"} */

        
  
    create or replace temporary view `dim_employees__dbt_tmp` as
      
    
    with snapshot_query as (

        with __dbt__cte__eph_employees as (
SELECT 
    DISTINCT
    employee_id,
    employee_first_name,
    employee_last_name,
    employee_email,
    job_title,
    salary,
    store_id,
    employee_created_timestamp,
    employee_updated_timestamp,
    employee_is_active,
    employee_processed_at,
    CURRENT_TIMESTAMP() AS employee_gold_processed_at
FROM 
    `walmart`.`silver_b`.`obt_b`
) select * from __dbt__cte__eph_employees

    ),

    snapshotted_data as (

        select *, 
    
        employee_id as dbt_unique_key
    

        from `walmart`.`gold`.`dim_employees`
        where
            
		
		

		
                ( (dbt_valid_to = to_date('9999-12-31'))
 or dbt_valid_to is null )
            

    ),

    insertions_source_data as (

        select *, 
    
        employee_id as dbt_unique_key
    
,
            employee_updated_timestamp as dbt_updated_at,
            employee_updated_timestamp as dbt_valid_from,
            
  
  coalesce(nullif(employee_updated_timestamp, employee_updated_timestamp), to_date('9999-12-31'))
  as dbt_valid_to
,
            md5(coalesce(cast(employee_id as string ), '')
         || '|' || coalesce(cast(employee_updated_timestamp as string ), '')
        ) as dbt_scd_id

        from snapshot_query
    ),

    updates_source_data as (

        select *, 
    
        employee_id as dbt_unique_key
    
,
            employee_updated_timestamp as dbt_updated_at,
            employee_updated_timestamp as dbt_valid_from,
            employee_updated_timestamp as dbt_valid_to

        from snapshot_query
    ),

    insertions as (

        select
            'insert' as dbt_change_type,
            source_data.*

        from insertions_source_data as source_data
        left outer join snapshotted_data
            on 
    
        snapshotted_data.dbt_unique_key = source_data.dbt_unique_key
    

            where 
    
        snapshotted_data.dbt_unique_key is null
    

            or (
    
        snapshotted_data.dbt_unique_key is not null
    
 and (
               (snapshotted_data.dbt_valid_from < source_data.employee_updated_timestamp)
            )

        )

    ),

    updates as (

        select
            'update' as dbt_change_type,
            source_data.*,
            snapshotted_data.dbt_scd_id

        from updates_source_data as source_data
        join snapshotted_data
            on 
    
        snapshotted_data.dbt_unique_key = source_data.dbt_unique_key
    

        where (
            (snapshotted_data.dbt_valid_from < source_data.employee_updated_timestamp)
        )
    )

    select * from insertions
    union all
    select * from updates

  
    
[0m08:49:30.073679 [debug] [Thread-5 (]: SQL status: OK in 0.600 seconds
[0m08:49:30.075429 [debug] [Thread-5 (]: Databricks adapter: Cursor(session-id=01f1b7f4-d98c-1507-8bbd-f8e611b22850, command-id=01f1b7f4-da1e-1ca6-adf4-6793e6acd06a) - Closing
[0m08:49:30.077684 [debug] [Thread-5 (]: Using databricks connection "snapshot.walmart_project.dim_employees"
[0m08:49:30.078596 [debug] [Thread-5 (]: On snapshot.walmart_project.dim_employees: /* {"app": "dbt", "dbt_version": "1.12.5", "dbt_databricks_version": "1.10.9", "databricks_sql_connector_version": "4.5.0", "profile_name": "walmart_project", "target_name": "dev", "node_id": "snapshot.walmart_project.dim_employees"} */

    
  DESCRIBE TABLE EXTENDED `dim_employees__dbt_tmp` AS JSON

  
[0m08:49:30.462063 [debug] [Thread-5 (]: SQL status: OK in 0.380 seconds
[0m08:49:30.466133 [debug] [Thread-5 (]: Databricks adapter: Cursor(session-id=01f1b7f4-d98c-1507-8bbd-f8e611b22850, command-id=01f1b7f4-da7c-1502-9940-d694e0ebfb96) - Closing
[0m08:49:30.469732 [debug] [Thread-5 (]: Using databricks connection "snapshot.walmart_project.dim_employees"
[0m08:49:30.471905 [debug] [Thread-5 (]: On snapshot.walmart_project.dim_employees: /* {"app": "dbt", "dbt_version": "1.12.5", "dbt_databricks_version": "1.10.9", "databricks_sql_connector_version": "4.5.0", "profile_name": "walmart_project", "target_name": "dev", "node_id": "snapshot.walmart_project.dim_employees"} */

    
  DESCRIBE TABLE EXTENDED `walmart`.`gold`.`dim_employees` AS JSON

  
[0m08:49:31.039267 [debug] [Thread-5 (]: SQL status: OK in 0.560 seconds
[0m08:49:31.051073 [debug] [Thread-5 (]: Databricks adapter: Cursor(session-id=01f1b7f4-d98c-1507-8bbd-f8e611b22850, command-id=01f1b7f4-dab7-1c9a-b3b9-7f63a47971f0) - Closing
[0m08:49:31.053896 [debug] [Thread-5 (]: Using databricks connection "snapshot.walmart_project.dim_employees"
[0m08:49:31.054894 [debug] [Thread-5 (]: On snapshot.walmart_project.dim_employees: /* {"app": "dbt", "dbt_version": "1.12.5", "dbt_databricks_version": "1.10.9", "databricks_sql_connector_version": "4.5.0", "profile_name": "walmart_project", "target_name": "dev", "node_id": "snapshot.walmart_project.dim_employees"} */

    
  DESCRIBE TABLE EXTENDED `dim_employees__dbt_tmp` AS JSON

  
[0m08:49:31.434888 [debug] [Thread-5 (]: SQL status: OK in 0.380 seconds
[0m08:49:31.440308 [debug] [Thread-5 (]: Databricks adapter: Cursor(session-id=01f1b7f4-d98c-1507-8bbd-f8e611b22850, command-id=01f1b7f4-db11-1086-85f5-df6b1dd86af4) - Closing
[0m08:49:31.451680 [debug] [Thread-5 (]: Using databricks connection "snapshot.walmart_project.dim_employees"
[0m08:49:31.455353 [debug] [Thread-5 (]: On snapshot.walmart_project.dim_employees: /* {"app": "dbt", "dbt_version": "1.12.5", "dbt_databricks_version": "1.10.9", "databricks_sql_connector_version": "4.5.0", "profile_name": "walmart_project", "target_name": "dev", "node_id": "snapshot.walmart_project.dim_employees"} */

    
  DESCRIBE TABLE EXTENDED `walmart`.`gold`.`dim_employees` AS JSON

  
[0m08:49:32.019297 [debug] [Thread-5 (]: SQL status: OK in 0.560 seconds
[0m08:49:32.055965 [debug] [Thread-5 (]: Databricks adapter: Cursor(session-id=01f1b7f4-d98c-1507-8bbd-f8e611b22850, command-id=01f1b7f4-db4f-10d4-a230-c2237a7a17f7) - Closing
[0m08:49:32.065721 [debug] [Thread-5 (]: Using databricks connection "snapshot.walmart_project.dim_employees"
[0m08:49:32.067979 [debug] [Thread-5 (]: On snapshot.walmart_project.dim_employees: /* {"app": "dbt", "dbt_version": "1.12.5", "dbt_databricks_version": "1.10.9", "databricks_sql_connector_version": "4.5.0", "profile_name": "walmart_project", "target_name": "dev", "node_id": "snapshot.walmart_project.dim_employees"} */

    
  DESCRIBE TABLE EXTENDED `dim_employees__dbt_tmp` AS JSON

  
[0m08:49:32.446340 [debug] [Thread-5 (]: SQL status: OK in 0.380 seconds
[0m08:49:32.450417 [debug] [Thread-5 (]: Databricks adapter: Cursor(session-id=01f1b7f4-d98c-1507-8bbd-f8e611b22850, command-id=01f1b7f4-dbac-11c8-b2f1-85c046ea5957) - Closing
[0m08:49:32.454126 [debug] [Thread-5 (]: Using databricks connection "snapshot.walmart_project.dim_employees"
[0m08:49:32.455196 [debug] [Thread-5 (]: On snapshot.walmart_project.dim_employees: /* {"app": "dbt", "dbt_version": "1.12.5", "dbt_databricks_version": "1.10.9", "databricks_sql_connector_version": "4.5.0", "profile_name": "walmart_project", "target_name": "dev", "node_id": "snapshot.walmart_project.dim_employees"} */
select * from (
        
    
    with snapshot_query as (

        with __dbt__cte__eph_employees as (
SELECT 
    DISTINCT
    employee_id,
    employee_first_name,
    employee_last_name,
    employee_email,
    job_title,
    salary,
    store_id,
    employee_created_timestamp,
    employee_updated_timestamp,
    employee_is_active,
    employee_processed_at,
    CURRENT_TIMESTAMP() AS employee_gold_processed_at
FROM 
    `walmart`.`silver_b`.`obt_b`
) select * from __dbt__cte__eph_employees

    ),

    snapshotted_data as (

        select *, 
    
        employee_id as dbt_unique_key
    

        from `walmart`.`gold`.`dim_employees`
        where
            
		
		

		
                ( (dbt_valid_to = to_date('9999-12-31'))
 or dbt_valid_to is null )
            

    ),

    insertions_source_data as (

        select *, 
    
        employee_id as dbt_unique_key
    
,
            employee_updated_timestamp as dbt_updated_at,
            employee_updated_timestamp as dbt_valid_from,
            
  
  coalesce(nullif(employee_updated_timestamp, employee_updated_timestamp), to_date('9999-12-31'))
  as dbt_valid_to
,
            md5(coalesce(cast(employee_id as string ), '')
         || '|' || coalesce(cast(employee_updated_timestamp as string ), '')
        ) as dbt_scd_id

        from snapshot_query
    ),

    updates_source_data as (

        select *, 
    
        employee_id as dbt_unique_key
    
,
            employee_updated_timestamp as dbt_updated_at,
            employee_updated_timestamp as dbt_valid_from,
            employee_updated_timestamp as dbt_valid_to

        from snapshot_query
    ),

    insertions as (

        select
            'insert' as dbt_change_type,
            source_data.*

        from insertions_source_data as source_data
        left outer join snapshotted_data
            on 
    
        snapshotted_data.dbt_unique_key = source_data.dbt_unique_key
    

            where 
    
        snapshotted_data.dbt_unique_key is null
    

            or (
    
        snapshotted_data.dbt_unique_key is not null
    
 and (
               (snapshotted_data.dbt_valid_from < source_data.employee_updated_timestamp)
            )

        )

    ),

    updates as (

        select
            'update' as dbt_change_type,
            source_data.*,
            snapshotted_data.dbt_scd_id

        from updates_source_data as source_data
        join snapshotted_data
            on 
    
        snapshotted_data.dbt_unique_key = source_data.dbt_unique_key
    

        where (
            (snapshotted_data.dbt_valid_from < source_data.employee_updated_timestamp)
        )
    )

    select * from insertions
    union all
    select * from updates

    ) as __dbt_sbq
    where false
    limit 0

[0m08:49:33.432452 [debug] [Thread-5 (]: SQL status: OK in 0.980 seconds
[0m08:49:33.451246 [debug] [Thread-5 (]: Using databricks connection "snapshot.walmart_project.dim_employees"
[0m08:49:33.456408 [debug] [Thread-5 (]: On snapshot.walmart_project.dim_employees: /* {"app": "dbt", "dbt_version": "1.12.5", "dbt_databricks_version": "1.10.9", "databricks_sql_connector_version": "4.5.0", "profile_name": "walmart_project", "target_name": "dev", "node_id": "snapshot.walmart_project.dim_employees"} */
select * from (
        select 
    current_timestamp()
 as dbt_snapshot_time
    ) as __dbt_sbq
    where false
    limit 0

[0m08:49:33.479473 [debug] [Thread-5 (]: Databricks adapter: Cursor(session-id=01f1b7f4-d98c-1507-8bbd-f8e611b22850, command-id=01f1b7f4-dbe5-1e1d-a12b-90293e1eb66e) - Closing
[0m08:49:33.849335 [debug] [Thread-5 (]: SQL status: OK in 0.370 seconds
[0m08:49:33.851079 [debug] [Thread-5 (]: Writing runtime sql for node "snapshot.walmart_project.dim_employees"
[0m08:49:33.959541 [debug] [Thread-5 (]: Using databricks connection "snapshot.walmart_project.dim_employees"
[0m08:49:33.961243 [debug] [Thread-5 (]: On snapshot.walmart_project.dim_employees: /* {"app": "dbt", "dbt_version": "1.12.5", "dbt_databricks_version": "1.10.9", "databricks_sql_connector_version": "4.5.0", "profile_name": "walmart_project", "target_name": "dev", "node_id": "snapshot.walmart_project.dim_employees"} */

      merge into `walmart`.`gold`.`dim_employees` as DBT_INTERNAL_DEST
    
      using `dim_employees__dbt_tmp` as DBT_INTERNAL_SOURCE
    
    on DBT_INTERNAL_SOURCE.dbt_scd_id = DBT_INTERNAL_DEST.dbt_scd_id
    when matched
     
       and ( DBT_INTERNAL_DEST.dbt_valid_to = to_date('9999-12-31') or
             DBT_INTERNAL_DEST.dbt_valid_to is null )
     
     and DBT_INTERNAL_SOURCE.dbt_change_type in ('update', 'delete')
        then update
        set dbt_valid_to = DBT_INTERNAL_SOURCE.dbt_valid_to

    when not matched
     and DBT_INTERNAL_SOURCE.dbt_change_type = 'insert'
        then insert *
    ;

  
[0m08:49:33.962665 [debug] [Thread-5 (]: Databricks adapter: Cursor(session-id=01f1b7f4-d98c-1507-8bbd-f8e611b22850, command-id=01f1b7f4-dc87-15e9-8c59-52e2c1b8b115) - Closing
[0m08:49:36.829980 [debug] [Thread-5 (]: SQL status: OK in 2.870 seconds
[0m08:49:36.832658 [debug] [Thread-5 (]: Databricks adapter: Cursor(session-id=01f1b7f4-d98c-1507-8bbd-f8e611b22850, command-id=01f1b7f4-dccc-177c-b898-ae86596b4d2a) - Closing
[0m08:49:36.838594 [debug] [Thread-5 (]: Applying DROP to: `dim_employees__dbt_tmp`
[0m08:49:36.841150 [debug] [Thread-5 (]: Using databricks connection "snapshot.walmart_project.dim_employees"
[0m08:49:36.845328 [debug] [Thread-5 (]: On snapshot.walmart_project.dim_employees: /* {"app": "dbt", "dbt_version": "1.12.5", "dbt_databricks_version": "1.10.9", "databricks_sql_connector_version": "4.5.0", "profile_name": "walmart_project", "target_name": "dev", "node_id": "snapshot.walmart_project.dim_employees"} */
DROP VIEW IF EXISTS `dim_employees__dbt_tmp`
[0m08:49:37.232430 [debug] [Thread-5 (]: SQL status: OK in 0.370 seconds
[0m08:49:37.234823 [debug] [Thread-5 (]: Databricks adapter: Cursor(session-id=01f1b7f4-d98c-1507-8bbd-f8e611b22850, command-id=01f1b7f4-de84-11b3-85ed-e9cb07a27eb0) - Closing
[0m08:49:37.238964 [debug] [Thread-5 (]: On snapshot.walmart_project.dim_employees: Close
[0m08:49:37.244166 [debug] [Thread-5 (]: Databricks adapter: Connection(session-id=01f1b7f4-d98c-1507-8bbd-f8e611b22850) - Closing
[0m08:49:37.565117 [debug] [Thread-5 (]: Sending event: {'category': 'dbt', 'action': 'run_model', 'label': '387bccf8-c1cf-4aa7-8ba8-4d2c23949f24', 'context': [<snowplow_tracker.self_describing_json.SelfDescribingJson object at 0x74d8c3ec7280>]}
[0m08:49:37.572796 [info ] [Thread-5 (]: 2 of 5 OK snapshotted gold.dim_employees ....................................... [[32mOK[0m in 10.09s]
[0m08:49:37.576057 [debug] [Thread-5 (]: Finished running node snapshot.walmart_project.dim_employees
[0m08:49:37.579095 [debug] [Thread-5 (]: Began running node snapshot.walmart_project.dim_orders
[0m08:49:37.584022 [info ] [Thread-5 (]: 3 of 5 START snapshot gold.dim_orders .......................................... [RUN]
[0m08:49:37.587703 [debug] [Thread-5 (]: Databricks adapter: DatabricksDBTConnection(session-id=None, name=snapshot.walmart_project.dim_orders) - Creating connection
[0m08:49:37.592085 [debug] [Thread-5 (]: Acquiring new databricks connection 'snapshot.walmart_project.dim_orders'
[0m08:49:37.593336 [debug] [Thread-5 (]: Began compiling node snapshot.walmart_project.dim_orders
[0m08:49:37.603634 [debug] [Thread-5 (]: Writing injected SQL for node "snapshot.walmart_project.dim_orders"
[0m08:49:37.616898 [debug] [Thread-5 (]: Writing injected SQL for node "snapshot.walmart_project.dim_orders"
[0m08:49:37.630374 [debug] [Thread-5 (]: Began executing node snapshot.walmart_project.dim_orders
[0m08:49:37.636261 [debug] [Thread-5 (]: Opening a new connection, currently in state init
[0m08:49:39.014508 [debug] [Thread-5 (]: Databricks adapter: Connection(session-id=01f1b7f4-df99-1ffb-8967-af3ae4ea3b2e) - Created
[0m08:49:39.018748 [debug] [Thread-5 (]: Using databricks connection "snapshot.walmart_project.dim_orders"
[0m08:49:39.032900 [debug] [Thread-5 (]: On snapshot.walmart_project.dim_orders: /* {"app": "dbt", "dbt_version": "1.12.5", "dbt_databricks_version": "1.10.9", "databricks_sql_connector_version": "4.5.0", "profile_name": "walmart_project", "target_name": "dev", "node_id": "snapshot.walmart_project.dim_orders"} */

    
  DESCRIBE TABLE EXTENDED `walmart`.`gold`.`dim_orders` AS JSON

  
[0m08:49:39.701834 [debug] [Thread-5 (]: SQL status: OK in 0.670 seconds
[0m08:49:39.706054 [debug] [Thread-5 (]: Databricks adapter: Cursor(session-id=01f1b7f4-df99-1ffb-8967-af3ae4ea3b2e, command-id=01f1b7f4-dfd0-1de3-830c-f94a16b26817) - Closing
[0m08:49:39.712733 [debug] [Thread-5 (]: Using databricks connection "snapshot.walmart_project.dim_orders"
[0m08:49:39.714431 [debug] [Thread-5 (]: On snapshot.walmart_project.dim_orders: /* {"app": "dbt", "dbt_version": "1.12.5", "dbt_databricks_version": "1.10.9", "databricks_sql_connector_version": "4.5.0", "profile_name": "walmart_project", "target_name": "dev", "node_id": "snapshot.walmart_project.dim_orders"} */

        
  
    create or replace temporary view `dim_orders__dbt_tmp` as
      
    
    with snapshot_query as (

        with __dbt__cte__eph_orders as (
SELECT 
    DISTINCT
    order_id,
    order_item_id,
    payment_method,
    order_status,
    order_timestamp,
    order_created_timestamp,
    order_updated_timestamp,
    order_is_active,
    order_processed_at,
    obt_b_processed_at,
    CURRENT_TIMESTAMP() AS order_gold_processed_at
FROM 
    `walmart`.`silver_b`.`obt_b`
) select * from __dbt__cte__eph_orders

    ),

    snapshotted_data as (

        select *, 
    
        order_id as dbt_unique_key
    

        from `walmart`.`gold`.`dim_orders`
        where
            
		
		

		
                ( (dbt_valid_to = to_date('9999-12-31'))
 or dbt_valid_to is null )
            

    ),

    insertions_source_data as (

        select *, 
    
        order_id as dbt_unique_key
    
,
            order_updated_timestamp as dbt_updated_at,
            order_updated_timestamp as dbt_valid_from,
            
  
  coalesce(nullif(order_updated_timestamp, order_updated_timestamp), to_date('9999-12-31'))
  as dbt_valid_to
,
            md5(coalesce(cast(order_id as string ), '')
         || '|' || coalesce(cast(order_updated_timestamp as string ), '')
        ) as dbt_scd_id

        from snapshot_query
    ),

    updates_source_data as (

        select *, 
    
        order_id as dbt_unique_key
    
,
            order_updated_timestamp as dbt_updated_at,
            order_updated_timestamp as dbt_valid_from,
            order_updated_timestamp as dbt_valid_to

        from snapshot_query
    ),

    insertions as (

        select
            'insert' as dbt_change_type,
            source_data.*

        from insertions_source_data as source_data
        left outer join snapshotted_data
            on 
    
        snapshotted_data.dbt_unique_key = source_data.dbt_unique_key
    

            where 
    
        snapshotted_data.dbt_unique_key is null
    

            or (
    
        snapshotted_data.dbt_unique_key is not null
    
 and (
               (snapshotted_data.dbt_valid_from < source_data.order_updated_timestamp)
            )

        )

    ),

    updates as (

        select
            'update' as dbt_change_type,
            source_data.*,
            snapshotted_data.dbt_scd_id

        from updates_source_data as source_data
        join snapshotted_data
            on 
    
        snapshotted_data.dbt_unique_key = source_data.dbt_unique_key
    

        where (
            (snapshotted_data.dbt_valid_from < source_data.order_updated_timestamp)
        )
    )

    select * from insertions
    union all
    select * from updates

  
    
[0m08:49:40.345349 [debug] [Thread-5 (]: SQL status: OK in 0.630 seconds
[0m08:49:40.348006 [debug] [Thread-5 (]: Databricks adapter: Cursor(session-id=01f1b7f4-df99-1ffb-8967-af3ae4ea3b2e, command-id=01f1b7f4-e038-118b-ac11-375f005a1597) - Closing
[0m08:49:40.351777 [debug] [Thread-5 (]: Using databricks connection "snapshot.walmart_project.dim_orders"
[0m08:49:40.353145 [debug] [Thread-5 (]: On snapshot.walmart_project.dim_orders: /* {"app": "dbt", "dbt_version": "1.12.5", "dbt_databricks_version": "1.10.9", "databricks_sql_connector_version": "4.5.0", "profile_name": "walmart_project", "target_name": "dev", "node_id": "snapshot.walmart_project.dim_orders"} */

    
  DESCRIBE TABLE EXTENDED `dim_orders__dbt_tmp` AS JSON

  
[0m08:49:40.754638 [debug] [Thread-5 (]: SQL status: OK in 0.400 seconds
[0m08:49:40.758101 [debug] [Thread-5 (]: Databricks adapter: Cursor(session-id=01f1b7f4-df99-1ffb-8967-af3ae4ea3b2e, command-id=01f1b7f4-e099-1aa2-9d62-f7427c681ce5) - Closing
[0m08:49:40.760934 [debug] [Thread-5 (]: Using databricks connection "snapshot.walmart_project.dim_orders"
[0m08:49:40.762320 [debug] [Thread-5 (]: On snapshot.walmart_project.dim_orders: /* {"app": "dbt", "dbt_version": "1.12.5", "dbt_databricks_version": "1.10.9", "databricks_sql_connector_version": "4.5.0", "profile_name": "walmart_project", "target_name": "dev", "node_id": "snapshot.walmart_project.dim_orders"} */

    
  DESCRIBE TABLE EXTENDED `walmart`.`gold`.`dim_orders` AS JSON

  
[0m08:49:41.304101 [debug] [Thread-5 (]: SQL status: OK in 0.540 seconds
[0m08:49:41.311119 [debug] [Thread-5 (]: Databricks adapter: Cursor(session-id=01f1b7f4-df99-1ffb-8967-af3ae4ea3b2e, command-id=01f1b7f4-e0d8-15d4-af91-a075f1629763) - Closing
[0m08:49:41.316594 [debug] [Thread-5 (]: Using databricks connection "snapshot.walmart_project.dim_orders"
[0m08:49:41.318112 [debug] [Thread-5 (]: On snapshot.walmart_project.dim_orders: /* {"app": "dbt", "dbt_version": "1.12.5", "dbt_databricks_version": "1.10.9", "databricks_sql_connector_version": "4.5.0", "profile_name": "walmart_project", "target_name": "dev", "node_id": "snapshot.walmart_project.dim_orders"} */

    
  DESCRIBE TABLE EXTENDED `dim_orders__dbt_tmp` AS JSON

  
[0m08:49:41.680746 [debug] [Thread-5 (]: SQL status: OK in 0.360 seconds
[0m08:49:41.686600 [debug] [Thread-5 (]: Databricks adapter: Cursor(session-id=01f1b7f4-df99-1ffb-8967-af3ae4ea3b2e, command-id=01f1b7f4-e12d-10a4-8144-53bde50ba435) - Closing
[0m08:49:41.689847 [debug] [Thread-5 (]: Using databricks connection "snapshot.walmart_project.dim_orders"
[0m08:49:41.690976 [debug] [Thread-5 (]: On snapshot.walmart_project.dim_orders: /* {"app": "dbt", "dbt_version": "1.12.5", "dbt_databricks_version": "1.10.9", "databricks_sql_connector_version": "4.5.0", "profile_name": "walmart_project", "target_name": "dev", "node_id": "snapshot.walmart_project.dim_orders"} */

    
  DESCRIBE TABLE EXTENDED `walmart`.`gold`.`dim_orders` AS JSON

  
[0m08:49:42.248599 [debug] [Thread-5 (]: SQL status: OK in 0.560 seconds
[0m08:49:42.252019 [debug] [Thread-5 (]: Databricks adapter: Cursor(session-id=01f1b7f4-df99-1ffb-8967-af3ae4ea3b2e, command-id=01f1b7f4-e165-1d90-8753-e824343b8b50) - Closing
[0m08:49:42.254320 [debug] [Thread-5 (]: Using databricks connection "snapshot.walmart_project.dim_orders"
[0m08:49:42.255323 [debug] [Thread-5 (]: On snapshot.walmart_project.dim_orders: /* {"app": "dbt", "dbt_version": "1.12.5", "dbt_databricks_version": "1.10.9", "databricks_sql_connector_version": "4.5.0", "profile_name": "walmart_project", "target_name": "dev", "node_id": "snapshot.walmart_project.dim_orders"} */

    
  DESCRIBE TABLE EXTENDED `dim_orders__dbt_tmp` AS JSON

  
[0m08:49:42.603170 [debug] [Thread-5 (]: SQL status: OK in 0.350 seconds
[0m08:49:42.607333 [debug] [Thread-5 (]: Databricks adapter: Cursor(session-id=01f1b7f4-df99-1ffb-8967-af3ae4ea3b2e, command-id=01f1b7f4-e1bb-185b-be55-50fbc2a3700d) - Closing
[0m08:49:42.610742 [debug] [Thread-5 (]: Using databricks connection "snapshot.walmart_project.dim_orders"
[0m08:49:42.613478 [debug] [Thread-5 (]: On snapshot.walmart_project.dim_orders: /* {"app": "dbt", "dbt_version": "1.12.5", "dbt_databricks_version": "1.10.9", "databricks_sql_connector_version": "4.5.0", "profile_name": "walmart_project", "target_name": "dev", "node_id": "snapshot.walmart_project.dim_orders"} */
select * from (
        
    
    with snapshot_query as (

        with __dbt__cte__eph_orders as (
SELECT 
    DISTINCT
    order_id,
    order_item_id,
    payment_method,
    order_status,
    order_timestamp,
    order_created_timestamp,
    order_updated_timestamp,
    order_is_active,
    order_processed_at,
    obt_b_processed_at,
    CURRENT_TIMESTAMP() AS order_gold_processed_at
FROM 
    `walmart`.`silver_b`.`obt_b`
) select * from __dbt__cte__eph_orders

    ),

    snapshotted_data as (

        select *, 
    
        order_id as dbt_unique_key
    

        from `walmart`.`gold`.`dim_orders`
        where
            
		
		

		
                ( (dbt_valid_to = to_date('9999-12-31'))
 or dbt_valid_to is null )
            

    ),

    insertions_source_data as (

        select *, 
    
        order_id as dbt_unique_key
    
,
            order_updated_timestamp as dbt_updated_at,
            order_updated_timestamp as dbt_valid_from,
            
  
  coalesce(nullif(order_updated_timestamp, order_updated_timestamp), to_date('9999-12-31'))
  as dbt_valid_to
,
            md5(coalesce(cast(order_id as string ), '')
         || '|' || coalesce(cast(order_updated_timestamp as string ), '')
        ) as dbt_scd_id

        from snapshot_query
    ),

    updates_source_data as (

        select *, 
    
        order_id as dbt_unique_key
    
,
            order_updated_timestamp as dbt_updated_at,
            order_updated_timestamp as dbt_valid_from,
            order_updated_timestamp as dbt_valid_to

        from snapshot_query
    ),

    insertions as (

        select
            'insert' as dbt_change_type,
            source_data.*

        from insertions_source_data as source_data
        left outer join snapshotted_data
            on 
    
        snapshotted_data.dbt_unique_key = source_data.dbt_unique_key
    

            where 
    
        snapshotted_data.dbt_unique_key is null
    

            or (
    
        snapshotted_data.dbt_unique_key is not null
    
 and (
               (snapshotted_data.dbt_valid_from < source_data.order_updated_timestamp)
            )

        )

    ),

    updates as (

        select
            'update' as dbt_change_type,
            source_data.*,
            snapshotted_data.dbt_scd_id

        from updates_source_data as source_data
        join snapshotted_data
            on 
    
        snapshotted_data.dbt_unique_key = source_data.dbt_unique_key
    

        where (
            (snapshotted_data.dbt_valid_from < source_data.order_updated_timestamp)
        )
    )

    select * from insertions
    union all
    select * from updates

    ) as __dbt_sbq
    where false
    limit 0

[0m08:49:43.246578 [debug] [Thread-5 (]: SQL status: OK in 0.630 seconds
[0m08:49:43.251135 [debug] [Thread-5 (]: Using databricks connection "snapshot.walmart_project.dim_orders"
[0m08:49:43.253330 [debug] [Thread-5 (]: On snapshot.walmart_project.dim_orders: /* {"app": "dbt", "dbt_version": "1.12.5", "dbt_databricks_version": "1.10.9", "databricks_sql_connector_version": "4.5.0", "profile_name": "walmart_project", "target_name": "dev", "node_id": "snapshot.walmart_project.dim_orders"} */
select * from (
        select 
    current_timestamp()
 as dbt_snapshot_time
    ) as __dbt_sbq
    where false
    limit 0

[0m08:49:43.255664 [debug] [Thread-5 (]: Databricks adapter: Cursor(session-id=01f1b7f4-df99-1ffb-8967-af3ae4ea3b2e, command-id=01f1b7f4-e1f2-1c68-b0cb-3d1a0b217d7a) - Closing
[0m08:49:43.602674 [debug] [Thread-5 (]: SQL status: OK in 0.350 seconds
[0m08:49:43.604736 [debug] [Thread-5 (]: Writing runtime sql for node "snapshot.walmart_project.dim_orders"
[0m08:49:43.620041 [debug] [Thread-5 (]: Using databricks connection "snapshot.walmart_project.dim_orders"
[0m08:49:43.621143 [debug] [Thread-5 (]: On snapshot.walmart_project.dim_orders: /* {"app": "dbt", "dbt_version": "1.12.5", "dbt_databricks_version": "1.10.9", "databricks_sql_connector_version": "4.5.0", "profile_name": "walmart_project", "target_name": "dev", "node_id": "snapshot.walmart_project.dim_orders"} */

      merge into `walmart`.`gold`.`dim_orders` as DBT_INTERNAL_DEST
    
      using `dim_orders__dbt_tmp` as DBT_INTERNAL_SOURCE
    
    on DBT_INTERNAL_SOURCE.dbt_scd_id = DBT_INTERNAL_DEST.dbt_scd_id
    when matched
     
       and ( DBT_INTERNAL_DEST.dbt_valid_to = to_date('9999-12-31') or
             DBT_INTERNAL_DEST.dbt_valid_to is null )
     
     and DBT_INTERNAL_SOURCE.dbt_change_type in ('update', 'delete')
        then update
        set dbt_valid_to = DBT_INTERNAL_SOURCE.dbt_valid_to

    when not matched
     and DBT_INTERNAL_SOURCE.dbt_change_type = 'insert'
        then insert *
    ;

  
[0m08:49:43.621850 [debug] [Thread-5 (]: Databricks adapter: Cursor(session-id=01f1b7f4-df99-1ffb-8967-af3ae4ea3b2e, command-id=01f1b7f4-e254-194d-a3e2-89e943ef1450) - Closing
[0m08:49:46.497352 [debug] [Thread-5 (]: SQL status: OK in 2.880 seconds
[0m08:49:46.501093 [debug] [Thread-5 (]: Databricks adapter: Cursor(session-id=01f1b7f4-df99-1ffb-8967-af3ae4ea3b2e, command-id=01f1b7f4-e28c-1682-bcd6-9634ddd85b4d) - Closing
[0m08:49:46.506011 [debug] [Thread-5 (]: Applying DROP to: `dim_orders__dbt_tmp`
[0m08:49:46.507546 [debug] [Thread-5 (]: Using databricks connection "snapshot.walmart_project.dim_orders"
[0m08:49:46.508570 [debug] [Thread-5 (]: On snapshot.walmart_project.dim_orders: /* {"app": "dbt", "dbt_version": "1.12.5", "dbt_databricks_version": "1.10.9", "databricks_sql_connector_version": "4.5.0", "profile_name": "walmart_project", "target_name": "dev", "node_id": "snapshot.walmart_project.dim_orders"} */
DROP VIEW IF EXISTS `dim_orders__dbt_tmp`
[0m08:49:46.900670 [debug] [Thread-5 (]: SQL status: OK in 0.390 seconds
[0m08:49:46.904025 [debug] [Thread-5 (]: Databricks adapter: Cursor(session-id=01f1b7f4-df99-1ffb-8967-af3ae4ea3b2e, command-id=01f1b7f4-e446-1248-b6a8-0b0dd2cc0a8a) - Closing
[0m08:49:46.906956 [debug] [Thread-5 (]: On snapshot.walmart_project.dim_orders: Close
[0m08:49:46.907905 [debug] [Thread-5 (]: Databricks adapter: Connection(session-id=01f1b7f4-df99-1ffb-8967-af3ae4ea3b2e) - Closing
[0m08:49:47.216191 [debug] [Thread-5 (]: Sending event: {'category': 'dbt', 'action': 'run_model', 'label': '387bccf8-c1cf-4aa7-8ba8-4d2c23949f24', 'context': [<snowplow_tracker.self_describing_json.SelfDescribingJson object at 0x74d8c8528370>]}
[0m08:49:47.218796 [info ] [Thread-5 (]: 3 of 5 OK snapshotted gold.dim_orders .......................................... [[32mOK[0m in 9.63s]
[0m08:49:47.220610 [debug] [Thread-5 (]: Finished running node snapshot.walmart_project.dim_orders
[0m08:49:47.222219 [debug] [Thread-5 (]: Began running node snapshot.walmart_project.dim_products
[0m08:49:47.224398 [info ] [Thread-5 (]: 4 of 5 START snapshot gold.dim_products ........................................ [RUN]
[0m08:49:47.226433 [debug] [Thread-5 (]: Databricks adapter: DatabricksDBTConnection(session-id=None, name=snapshot.walmart_project.dim_products) - Creating connection
[0m08:49:47.227355 [debug] [Thread-5 (]: Acquiring new databricks connection 'snapshot.walmart_project.dim_products'
[0m08:49:47.228519 [debug] [Thread-5 (]: Began compiling node snapshot.walmart_project.dim_products
[0m08:49:47.237302 [debug] [Thread-5 (]: Writing injected SQL for node "snapshot.walmart_project.dim_products"
[0m08:49:47.260778 [debug] [Thread-5 (]: Writing injected SQL for node "snapshot.walmart_project.dim_products"
[0m08:49:47.285742 [debug] [Thread-5 (]: Began executing node snapshot.walmart_project.dim_products
[0m08:49:47.289134 [debug] [Thread-5 (]: Opening a new connection, currently in state init
[0m08:49:48.468475 [debug] [Thread-5 (]: Databricks adapter: Connection(session-id=01f1b7f4-e53e-18c5-9a0d-842f6858bbd5) - Created
[0m08:49:48.470363 [debug] [Thread-5 (]: Using databricks connection "snapshot.walmart_project.dim_products"
[0m08:49:48.471159 [debug] [Thread-5 (]: On snapshot.walmart_project.dim_products: /* {"app": "dbt", "dbt_version": "1.12.5", "dbt_databricks_version": "1.10.9", "databricks_sql_connector_version": "4.5.0", "profile_name": "walmart_project", "target_name": "dev", "node_id": "snapshot.walmart_project.dim_products"} */

    
  DESCRIBE TABLE EXTENDED `walmart`.`gold`.`dim_products` AS JSON

  
[0m08:49:49.938473 [debug] [Thread-5 (]: SQL status: OK in 1.470 seconds
[0m08:49:49.943381 [debug] [Thread-5 (]: Databricks adapter: Cursor(session-id=01f1b7f4-e53e-18c5-9a0d-842f6858bbd5, command-id=01f1b7f4-e56f-10bc-bd29-7d4b3f919c1a) - Closing
[0m08:49:49.946404 [debug] [Thread-5 (]: Using databricks connection "snapshot.walmart_project.dim_products"
[0m08:49:49.947346 [debug] [Thread-5 (]: On snapshot.walmart_project.dim_products: /* {"app": "dbt", "dbt_version": "1.12.5", "dbt_databricks_version": "1.10.9", "databricks_sql_connector_version": "4.5.0", "profile_name": "walmart_project", "target_name": "dev", "node_id": "snapshot.walmart_project.dim_products"} */

        
  
    create or replace temporary view `dim_products__dbt_tmp` as
      
    
    with snapshot_query as (

        with __dbt__cte__eph_products as (
SELECT 
    DISTINCT
    product_id,
    product_name,
    category,
    brand,
    price,
    product_created_timestamp,
    product_updated_timestamp,
    product_is_active,
    product_processed_at,
    CURRENT_TIMESTAMP() AS product_gold_processed_at
FROM 
    `walmart`.`silver_b`.`obt_b`
) select * from __dbt__cte__eph_products

    ),

    snapshotted_data as (

        select *, 
    
        product_id as dbt_unique_key
    

        from `walmart`.`gold`.`dim_products`
        where
            
		
		

		
                ( (dbt_valid_to = to_date('9999-12-31'))
 or dbt_valid_to is null )
            

    ),

    insertions_source_data as (

        select *, 
    
        product_id as dbt_unique_key
    
,
            product_updated_timestamp as dbt_updated_at,
            product_updated_timestamp as dbt_valid_from,
            
  
  coalesce(nullif(product_updated_timestamp, product_updated_timestamp), to_date('9999-12-31'))
  as dbt_valid_to
,
            md5(coalesce(cast(product_id as string ), '')
         || '|' || coalesce(cast(product_updated_timestamp as string ), '')
        ) as dbt_scd_id

        from snapshot_query
    ),

    updates_source_data as (

        select *, 
    
        product_id as dbt_unique_key
    
,
            product_updated_timestamp as dbt_updated_at,
            product_updated_timestamp as dbt_valid_from,
            product_updated_timestamp as dbt_valid_to

        from snapshot_query
    ),

    insertions as (

        select
            'insert' as dbt_change_type,
            source_data.*

        from insertions_source_data as source_data
        left outer join snapshotted_data
            on 
    
        snapshotted_data.dbt_unique_key = source_data.dbt_unique_key
    

            where 
    
        snapshotted_data.dbt_unique_key is null
    

            or (
    
        snapshotted_data.dbt_unique_key is not null
    
 and (
               (snapshotted_data.dbt_valid_from < source_data.product_updated_timestamp)
            )

        )

    ),

    updates as (

        select
            'update' as dbt_change_type,
            source_data.*,
            snapshotted_data.dbt_scd_id

        from updates_source_data as source_data
        join snapshotted_data
            on 
    
        snapshotted_data.dbt_unique_key = source_data.dbt_unique_key
    

        where (
            (snapshotted_data.dbt_valid_from < source_data.product_updated_timestamp)
        )
    )

    select * from insertions
    union all
    select * from updates

  
    
[0m08:49:50.520536 [debug] [Thread-5 (]: SQL status: OK in 0.570 seconds
[0m08:49:50.522314 [debug] [Thread-5 (]: Databricks adapter: Cursor(session-id=01f1b7f4-e53e-18c5-9a0d-842f6858bbd5, command-id=01f1b7f4-e652-1bc9-af74-2fcaa00e3e8c) - Closing
[0m08:49:50.524444 [debug] [Thread-5 (]: Using databricks connection "snapshot.walmart_project.dim_products"
[0m08:49:50.525351 [debug] [Thread-5 (]: On snapshot.walmart_project.dim_products: /* {"app": "dbt", "dbt_version": "1.12.5", "dbt_databricks_version": "1.10.9", "databricks_sql_connector_version": "4.5.0", "profile_name": "walmart_project", "target_name": "dev", "node_id": "snapshot.walmart_project.dim_products"} */

    
  DESCRIBE TABLE EXTENDED `dim_products__dbt_tmp` AS JSON

  
[0m08:49:51.004390 [debug] [Thread-5 (]: SQL status: OK in 0.480 seconds
[0m08:49:51.017333 [debug] [Thread-5 (]: Databricks adapter: Cursor(session-id=01f1b7f4-e53e-18c5-9a0d-842f6858bbd5, command-id=01f1b7f4-e6a9-1a78-b6ea-ad9ded9bbc20) - Closing
[0m08:49:51.021742 [debug] [Thread-5 (]: Using databricks connection "snapshot.walmart_project.dim_products"
[0m08:49:51.022890 [debug] [Thread-5 (]: On snapshot.walmart_project.dim_products: /* {"app": "dbt", "dbt_version": "1.12.5", "dbt_databricks_version": "1.10.9", "databricks_sql_connector_version": "4.5.0", "profile_name": "walmart_project", "target_name": "dev", "node_id": "snapshot.walmart_project.dim_products"} */

    
  DESCRIBE TABLE EXTENDED `walmart`.`gold`.`dim_products` AS JSON

  
[0m08:49:51.813258 [debug] [Thread-5 (]: SQL status: OK in 0.790 seconds
[0m08:49:51.815827 [debug] [Thread-5 (]: Databricks adapter: Cursor(session-id=01f1b7f4-e53e-18c5-9a0d-842f6858bbd5, command-id=01f1b7f4-e6f4-152a-9fe9-a2d2d2324cdc) - Closing
[0m08:49:51.817793 [debug] [Thread-5 (]: Using databricks connection "snapshot.walmart_project.dim_products"
[0m08:49:51.819365 [debug] [Thread-5 (]: On snapshot.walmart_project.dim_products: /* {"app": "dbt", "dbt_version": "1.12.5", "dbt_databricks_version": "1.10.9", "databricks_sql_connector_version": "4.5.0", "profile_name": "walmart_project", "target_name": "dev", "node_id": "snapshot.walmart_project.dim_products"} */

    
  DESCRIBE TABLE EXTENDED `dim_products__dbt_tmp` AS JSON

  
[0m08:49:52.185230 [debug] [Thread-5 (]: SQL status: OK in 0.360 seconds
[0m08:49:52.189774 [debug] [Thread-5 (]: Databricks adapter: Cursor(session-id=01f1b7f4-e53e-18c5-9a0d-842f6858bbd5, command-id=01f1b7f4-e76d-1dea-95f9-b5c909e1446a) - Closing
[0m08:49:52.192904 [debug] [Thread-5 (]: Using databricks connection "snapshot.walmart_project.dim_products"
[0m08:49:52.193705 [debug] [Thread-5 (]: On snapshot.walmart_project.dim_products: /* {"app": "dbt", "dbt_version": "1.12.5", "dbt_databricks_version": "1.10.9", "databricks_sql_connector_version": "4.5.0", "profile_name": "walmart_project", "target_name": "dev", "node_id": "snapshot.walmart_project.dim_products"} */

    
  DESCRIBE TABLE EXTENDED `walmart`.`gold`.`dim_products` AS JSON

  
[0m08:49:52.748801 [debug] [Thread-5 (]: SQL status: OK in 0.550 seconds
[0m08:49:52.786299 [debug] [Thread-5 (]: Databricks adapter: Cursor(session-id=01f1b7f4-e53e-18c5-9a0d-842f6858bbd5, command-id=01f1b7f4-e7a7-1579-ab98-3ae3f29a1560) - Closing
[0m08:49:52.789722 [debug] [Thread-5 (]: Using databricks connection "snapshot.walmart_project.dim_products"
[0m08:49:52.790848 [debug] [Thread-5 (]: On snapshot.walmart_project.dim_products: /* {"app": "dbt", "dbt_version": "1.12.5", "dbt_databricks_version": "1.10.9", "databricks_sql_connector_version": "4.5.0", "profile_name": "walmart_project", "target_name": "dev", "node_id": "snapshot.walmart_project.dim_products"} */

    
  DESCRIBE TABLE EXTENDED `dim_products__dbt_tmp` AS JSON

  
[0m08:49:53.173056 [debug] [Thread-5 (]: SQL status: OK in 0.380 seconds
[0m08:49:53.177357 [debug] [Thread-5 (]: Databricks adapter: Cursor(session-id=01f1b7f4-e53e-18c5-9a0d-842f6858bbd5, command-id=01f1b7f4-e802-1950-902a-810bf54224e5) - Closing
[0m08:49:53.181399 [debug] [Thread-5 (]: Using databricks connection "snapshot.walmart_project.dim_products"
[0m08:49:53.182331 [debug] [Thread-5 (]: On snapshot.walmart_project.dim_products: /* {"app": "dbt", "dbt_version": "1.12.5", "dbt_databricks_version": "1.10.9", "databricks_sql_connector_version": "4.5.0", "profile_name": "walmart_project", "target_name": "dev", "node_id": "snapshot.walmart_project.dim_products"} */
select * from (
        
    
    with snapshot_query as (

        with __dbt__cte__eph_products as (
SELECT 
    DISTINCT
    product_id,
    product_name,
    category,
    brand,
    price,
    product_created_timestamp,
    product_updated_timestamp,
    product_is_active,
    product_processed_at,
    CURRENT_TIMESTAMP() AS product_gold_processed_at
FROM 
    `walmart`.`silver_b`.`obt_b`
) select * from __dbt__cte__eph_products

    ),

    snapshotted_data as (

        select *, 
    
        product_id as dbt_unique_key
    

        from `walmart`.`gold`.`dim_products`
        where
            
		
		

		
                ( (dbt_valid_to = to_date('9999-12-31'))
 or dbt_valid_to is null )
            

    ),

    insertions_source_data as (

        select *, 
    
        product_id as dbt_unique_key
    
,
            product_updated_timestamp as dbt_updated_at,
            product_updated_timestamp as dbt_valid_from,
            
  
  coalesce(nullif(product_updated_timestamp, product_updated_timestamp), to_date('9999-12-31'))
  as dbt_valid_to
,
            md5(coalesce(cast(product_id as string ), '')
         || '|' || coalesce(cast(product_updated_timestamp as string ), '')
        ) as dbt_scd_id

        from snapshot_query
    ),

    updates_source_data as (

        select *, 
    
        product_id as dbt_unique_key
    
,
            product_updated_timestamp as dbt_updated_at,
            product_updated_timestamp as dbt_valid_from,
            product_updated_timestamp as dbt_valid_to

        from snapshot_query
    ),

    insertions as (

        select
            'insert' as dbt_change_type,
            source_data.*

        from insertions_source_data as source_data
        left outer join snapshotted_data
            on 
    
        snapshotted_data.dbt_unique_key = source_data.dbt_unique_key
    

            where 
    
        snapshotted_data.dbt_unique_key is null
    

            or (
    
        snapshotted_data.dbt_unique_key is not null
    
 and (
               (snapshotted_data.dbt_valid_from < source_data.product_updated_timestamp)
            )

        )

    ),

    updates as (

        select
            'update' as dbt_change_type,
            source_data.*,
            snapshotted_data.dbt_scd_id

        from updates_source_data as source_data
        join snapshotted_data
            on 
    
        snapshotted_data.dbt_unique_key = source_data.dbt_unique_key
    

        where (
            (snapshotted_data.dbt_valid_from < source_data.product_updated_timestamp)
        )
    )

    select * from insertions
    union all
    select * from updates

    ) as __dbt_sbq
    where false
    limit 0

[0m08:49:53.839352 [debug] [Thread-5 (]: SQL status: OK in 0.660 seconds
[0m08:49:53.840867 [debug] [Thread-5 (]: Using databricks connection "snapshot.walmart_project.dim_products"
[0m08:49:53.841540 [debug] [Thread-5 (]: On snapshot.walmart_project.dim_products: /* {"app": "dbt", "dbt_version": "1.12.5", "dbt_databricks_version": "1.10.9", "databricks_sql_connector_version": "4.5.0", "profile_name": "walmart_project", "target_name": "dev", "node_id": "snapshot.walmart_project.dim_products"} */
select * from (
        select 
    current_timestamp()
 as dbt_snapshot_time
    ) as __dbt_sbq
    where false
    limit 0

[0m08:49:53.842216 [debug] [Thread-5 (]: Databricks adapter: Cursor(session-id=01f1b7f4-e53e-18c5-9a0d-842f6858bbd5, command-id=01f1b7f4-e83d-17af-96c1-7047b899b43a) - Closing
[0m08:49:54.173106 [debug] [Thread-5 (]: SQL status: OK in 0.330 seconds
[0m08:49:54.174804 [debug] [Thread-5 (]: Writing runtime sql for node "snapshot.walmart_project.dim_products"
[0m08:49:54.187934 [debug] [Thread-5 (]: Using databricks connection "snapshot.walmart_project.dim_products"
[0m08:49:54.189430 [debug] [Thread-5 (]: On snapshot.walmart_project.dim_products: /* {"app": "dbt", "dbt_version": "1.12.5", "dbt_databricks_version": "1.10.9", "databricks_sql_connector_version": "4.5.0", "profile_name": "walmart_project", "target_name": "dev", "node_id": "snapshot.walmart_project.dim_products"} */

      merge into `walmart`.`gold`.`dim_products` as DBT_INTERNAL_DEST
    
      using `dim_products__dbt_tmp` as DBT_INTERNAL_SOURCE
    
    on DBT_INTERNAL_SOURCE.dbt_scd_id = DBT_INTERNAL_DEST.dbt_scd_id
    when matched
     
       and ( DBT_INTERNAL_DEST.dbt_valid_to = to_date('9999-12-31') or
             DBT_INTERNAL_DEST.dbt_valid_to is null )
     
     and DBT_INTERNAL_SOURCE.dbt_change_type in ('update', 'delete')
        then update
        set dbt_valid_to = DBT_INTERNAL_SOURCE.dbt_valid_to

    when not matched
     and DBT_INTERNAL_SOURCE.dbt_change_type = 'insert'
        then insert *
    ;

  
[0m08:49:54.190214 [debug] [Thread-5 (]: Databricks adapter: Cursor(session-id=01f1b7f4-e53e-18c5-9a0d-842f6858bbd5, command-id=01f1b7f4-e8a2-1535-93b0-9382917965fb) - Closing
[0m08:49:57.988961 [debug] [Thread-5 (]: SQL status: OK in 3.800 seconds
[0m08:49:57.991351 [debug] [Thread-5 (]: Databricks adapter: Cursor(session-id=01f1b7f4-e53e-18c5-9a0d-842f6858bbd5, command-id=01f1b7f4-e8d7-1534-80fc-76207dd24a5e) - Closing
[0m08:49:57.999627 [debug] [Thread-5 (]: Applying DROP to: `dim_products__dbt_tmp`
[0m08:49:58.001675 [debug] [Thread-5 (]: Using databricks connection "snapshot.walmart_project.dim_products"
[0m08:49:58.002944 [debug] [Thread-5 (]: On snapshot.walmart_project.dim_products: /* {"app": "dbt", "dbt_version": "1.12.5", "dbt_databricks_version": "1.10.9", "databricks_sql_connector_version": "4.5.0", "profile_name": "walmart_project", "target_name": "dev", "node_id": "snapshot.walmart_project.dim_products"} */
DROP VIEW IF EXISTS `dim_products__dbt_tmp`
[0m08:49:58.373032 [debug] [Thread-5 (]: SQL status: OK in 0.370 seconds
[0m08:49:58.381189 [debug] [Thread-5 (]: Databricks adapter: Cursor(session-id=01f1b7f4-e53e-18c5-9a0d-842f6858bbd5, command-id=01f1b7f4-eb1f-13cf-8444-652b7f2df32e) - Closing
[0m08:49:58.387864 [debug] [Thread-5 (]: On snapshot.walmart_project.dim_products: Close
[0m08:49:58.390015 [debug] [Thread-5 (]: Databricks adapter: Connection(session-id=01f1b7f4-e53e-18c5-9a0d-842f6858bbd5) - Closing
[0m08:49:58.696597 [debug] [Thread-5 (]: Sending event: {'category': 'dbt', 'action': 'run_model', 'label': '387bccf8-c1cf-4aa7-8ba8-4d2c23949f24', 'context': [<snowplow_tracker.self_describing_json.SelfDescribingJson object at 0x74d8c819ff50>]}
[0m08:49:58.700246 [info ] [Thread-5 (]: 4 of 5 OK snapshotted gold.dim_products ........................................ [[32mOK[0m in 11.47s]
[0m08:49:58.703664 [debug] [Thread-5 (]: Finished running node snapshot.walmart_project.dim_products
[0m08:49:58.705346 [debug] [Thread-5 (]: Began running node snapshot.walmart_project.dim_stores
[0m08:49:58.706297 [info ] [Thread-5 (]: 5 of 5 START snapshot gold.dim_stores .......................................... [RUN]
[0m08:49:58.707461 [debug] [Thread-5 (]: Databricks adapter: DatabricksDBTConnection(session-id=None, name=snapshot.walmart_project.dim_stores) - Creating connection
[0m08:49:58.708288 [debug] [Thread-5 (]: Acquiring new databricks connection 'snapshot.walmart_project.dim_stores'
[0m08:49:58.709153 [debug] [Thread-5 (]: Began compiling node snapshot.walmart_project.dim_stores
[0m08:49:58.714766 [debug] [Thread-5 (]: Writing injected SQL for node "snapshot.walmart_project.dim_stores"
[0m08:49:58.726807 [debug] [Thread-5 (]: Writing injected SQL for node "snapshot.walmart_project.dim_stores"
[0m08:49:58.823130 [debug] [Thread-5 (]: Began executing node snapshot.walmart_project.dim_stores
[0m08:49:58.832150 [debug] [Thread-5 (]: Opening a new connection, currently in state init
[0m08:50:00.035721 [debug] [Thread-5 (]: Databricks adapter: Connection(session-id=01f1b7f4-ec25-1bf1-955f-28620c981305) - Created
[0m08:50:00.037718 [debug] [Thread-5 (]: Using databricks connection "snapshot.walmart_project.dim_stores"
[0m08:50:00.038806 [debug] [Thread-5 (]: On snapshot.walmart_project.dim_stores: /* {"app": "dbt", "dbt_version": "1.12.5", "dbt_databricks_version": "1.10.9", "databricks_sql_connector_version": "4.5.0", "profile_name": "walmart_project", "target_name": "dev", "node_id": "snapshot.walmart_project.dim_stores"} */

    
  DESCRIBE TABLE EXTENDED `walmart`.`gold`.`dim_stores` AS JSON

  
[0m08:50:00.726156 [debug] [Thread-5 (]: SQL status: OK in 0.690 seconds
[0m08:50:00.730096 [debug] [Thread-5 (]: Databricks adapter: Cursor(session-id=01f1b7f4-ec25-1bf1-955f-28620c981305, command-id=01f1b7f4-ec57-11a4-b12d-20524c7f0abd) - Closing
[0m08:50:00.734434 [debug] [Thread-5 (]: Using databricks connection "snapshot.walmart_project.dim_stores"
[0m08:50:00.735472 [debug] [Thread-5 (]: On snapshot.walmart_project.dim_stores: /* {"app": "dbt", "dbt_version": "1.12.5", "dbt_databricks_version": "1.10.9", "databricks_sql_connector_version": "4.5.0", "profile_name": "walmart_project", "target_name": "dev", "node_id": "snapshot.walmart_project.dim_stores"} */

        
  
    create or replace temporary view `dim_stores__dbt_tmp` as
      
    
    with snapshot_query as (

        with __dbt__cte__eph_stores as (
SELECT 
    DISTINCT
    store_id,
    store_name,
    store_city,
    store_province,
    store_country,
    store_created_timestamp,
    store_updated_timestamp,
    store_is_active,
    store_processed_at,
    CURRENT_TIMESTAMP() AS store_gold_processed_at
FROM 
    `walmart`.`silver_b`.`obt_b`
) select * from __dbt__cte__eph_stores

    ),

    snapshotted_data as (

        select *, 
    
        store_id as dbt_unique_key
    

        from `walmart`.`gold`.`dim_stores`
        where
            
		
		

		
                ( (dbt_valid_to = to_date('9999-12-31'))
 or dbt_valid_to is null )
            

    ),

    insertions_source_data as (

        select *, 
    
        store_id as dbt_unique_key
    
,
            store_updated_timestamp as dbt_updated_at,
            store_updated_timestamp as dbt_valid_from,
            
  
  coalesce(nullif(store_updated_timestamp, store_updated_timestamp), to_date('9999-12-31'))
  as dbt_valid_to
,
            md5(coalesce(cast(store_id as string ), '')
         || '|' || coalesce(cast(store_updated_timestamp as string ), '')
        ) as dbt_scd_id

        from snapshot_query
    ),

    updates_source_data as (

        select *, 
    
        store_id as dbt_unique_key
    
,
            store_updated_timestamp as dbt_updated_at,
            store_updated_timestamp as dbt_valid_from,
            store_updated_timestamp as dbt_valid_to

        from snapshot_query
    ),

    insertions as (

        select
            'insert' as dbt_change_type,
            source_data.*

        from insertions_source_data as source_data
        left outer join snapshotted_data
            on 
    
        snapshotted_data.dbt_unique_key = source_data.dbt_unique_key
    

            where 
    
        snapshotted_data.dbt_unique_key is null
    

            or (
    
        snapshotted_data.dbt_unique_key is not null
    
 and (
               (snapshotted_data.dbt_valid_from < source_data.store_updated_timestamp)
            )

        )

    ),

    updates as (

        select
            'update' as dbt_change_type,
            source_data.*,
            snapshotted_data.dbt_scd_id

        from updates_source_data as source_data
        join snapshotted_data
            on 
    
        snapshotted_data.dbt_unique_key = source_data.dbt_unique_key
    

        where (
            (snapshotted_data.dbt_valid_from < source_data.store_updated_timestamp)
        )
    )

    select * from insertions
    union all
    select * from updates

  
    
[0m08:50:01.379094 [debug] [Thread-5 (]: SQL status: OK in 0.640 seconds
[0m08:50:01.387011 [debug] [Thread-5 (]: Databricks adapter: Cursor(session-id=01f1b7f4-ec25-1bf1-955f-28620c981305, command-id=01f1b7f4-ecc2-1119-8a8e-6c25e0deb8f1) - Closing
[0m08:50:01.392383 [debug] [Thread-5 (]: Using databricks connection "snapshot.walmart_project.dim_stores"
[0m08:50:01.393186 [debug] [Thread-5 (]: On snapshot.walmart_project.dim_stores: /* {"app": "dbt", "dbt_version": "1.12.5", "dbt_databricks_version": "1.10.9", "databricks_sql_connector_version": "4.5.0", "profile_name": "walmart_project", "target_name": "dev", "node_id": "snapshot.walmart_project.dim_stores"} */

    
  DESCRIBE TABLE EXTENDED `dim_stores__dbt_tmp` AS JSON

  
[0m08:50:01.808391 [debug] [Thread-5 (]: SQL status: OK in 0.410 seconds
[0m08:50:01.811728 [debug] [Thread-5 (]: Databricks adapter: Cursor(session-id=01f1b7f4-ec25-1bf1-955f-28620c981305, command-id=01f1b7f4-ed26-19d9-bedc-2f1230aeaa80) - Closing
[0m08:50:01.814383 [debug] [Thread-5 (]: Using databricks connection "snapshot.walmart_project.dim_stores"
[0m08:50:01.815202 [debug] [Thread-5 (]: On snapshot.walmart_project.dim_stores: /* {"app": "dbt", "dbt_version": "1.12.5", "dbt_databricks_version": "1.10.9", "databricks_sql_connector_version": "4.5.0", "profile_name": "walmart_project", "target_name": "dev", "node_id": "snapshot.walmart_project.dim_stores"} */

    
  DESCRIBE TABLE EXTENDED `walmart`.`gold`.`dim_stores` AS JSON

  
[0m08:50:02.425912 [debug] [Thread-5 (]: SQL status: OK in 0.610 seconds
[0m08:50:02.431716 [debug] [Thread-5 (]: Databricks adapter: Cursor(session-id=01f1b7f4-ec25-1bf1-955f-28620c981305, command-id=01f1b7f4-ed65-1f90-ac9a-c5d41b8bc097) - Closing
[0m08:50:02.435075 [debug] [Thread-5 (]: Using databricks connection "snapshot.walmart_project.dim_stores"
[0m08:50:02.436464 [debug] [Thread-5 (]: On snapshot.walmart_project.dim_stores: /* {"app": "dbt", "dbt_version": "1.12.5", "dbt_databricks_version": "1.10.9", "databricks_sql_connector_version": "4.5.0", "profile_name": "walmart_project", "target_name": "dev", "node_id": "snapshot.walmart_project.dim_stores"} */

    
  DESCRIBE TABLE EXTENDED `dim_stores__dbt_tmp` AS JSON

  
[0m08:50:02.942932 [debug] [Thread-5 (]: SQL status: OK in 0.500 seconds
[0m08:50:02.946140 [debug] [Thread-5 (]: Databricks adapter: Cursor(session-id=01f1b7f4-ec25-1bf1-955f-28620c981305, command-id=01f1b7f4-edc5-1b70-a125-aed6b7220da5) - Closing
[0m08:50:02.949963 [debug] [Thread-5 (]: Using databricks connection "snapshot.walmart_project.dim_stores"
[0m08:50:02.951540 [debug] [Thread-5 (]: On snapshot.walmart_project.dim_stores: /* {"app": "dbt", "dbt_version": "1.12.5", "dbt_databricks_version": "1.10.9", "databricks_sql_connector_version": "4.5.0", "profile_name": "walmart_project", "target_name": "dev", "node_id": "snapshot.walmart_project.dim_stores"} */

    
  DESCRIBE TABLE EXTENDED `walmart`.`gold`.`dim_stores` AS JSON

  
[0m08:50:03.557372 [debug] [Thread-5 (]: SQL status: OK in 0.610 seconds
[0m08:50:03.561085 [debug] [Thread-5 (]: Databricks adapter: Cursor(session-id=01f1b7f4-ec25-1bf1-955f-28620c981305, command-id=01f1b7f4-ee13-16b5-956c-7bf197b4b5e9) - Closing
[0m08:50:03.563912 [debug] [Thread-5 (]: Using databricks connection "snapshot.walmart_project.dim_stores"
[0m08:50:03.565280 [debug] [Thread-5 (]: On snapshot.walmart_project.dim_stores: /* {"app": "dbt", "dbt_version": "1.12.5", "dbt_databricks_version": "1.10.9", "databricks_sql_connector_version": "4.5.0", "profile_name": "walmart_project", "target_name": "dev", "node_id": "snapshot.walmart_project.dim_stores"} */

    
  DESCRIBE TABLE EXTENDED `dim_stores__dbt_tmp` AS JSON

  
[0m08:50:03.983576 [debug] [Thread-5 (]: SQL status: OK in 0.420 seconds
[0m08:50:03.988364 [debug] [Thread-5 (]: Databricks adapter: Cursor(session-id=01f1b7f4-ec25-1bf1-955f-28620c981305, command-id=01f1b7f4-ee71-1923-a2bb-1072afcc3290) - Closing
[0m08:50:03.991269 [debug] [Thread-5 (]: Using databricks connection "snapshot.walmart_project.dim_stores"
[0m08:50:03.992640 [debug] [Thread-5 (]: On snapshot.walmart_project.dim_stores: /* {"app": "dbt", "dbt_version": "1.12.5", "dbt_databricks_version": "1.10.9", "databricks_sql_connector_version": "4.5.0", "profile_name": "walmart_project", "target_name": "dev", "node_id": "snapshot.walmart_project.dim_stores"} */
select * from (
        
    
    with snapshot_query as (

        with __dbt__cte__eph_stores as (
SELECT 
    DISTINCT
    store_id,
    store_name,
    store_city,
    store_province,
    store_country,
    store_created_timestamp,
    store_updated_timestamp,
    store_is_active,
    store_processed_at,
    CURRENT_TIMESTAMP() AS store_gold_processed_at
FROM 
    `walmart`.`silver_b`.`obt_b`
) select * from __dbt__cte__eph_stores

    ),

    snapshotted_data as (

        select *, 
    
        store_id as dbt_unique_key
    

        from `walmart`.`gold`.`dim_stores`
        where
            
		
		

		
                ( (dbt_valid_to = to_date('9999-12-31'))
 or dbt_valid_to is null )
            

    ),

    insertions_source_data as (

        select *, 
    
        store_id as dbt_unique_key
    
,
            store_updated_timestamp as dbt_updated_at,
            store_updated_timestamp as dbt_valid_from,
            
  
  coalesce(nullif(store_updated_timestamp, store_updated_timestamp), to_date('9999-12-31'))
  as dbt_valid_to
,
            md5(coalesce(cast(store_id as string ), '')
         || '|' || coalesce(cast(store_updated_timestamp as string ), '')
        ) as dbt_scd_id

        from snapshot_query
    ),

    updates_source_data as (

        select *, 
    
        store_id as dbt_unique_key
    
,
            store_updated_timestamp as dbt_updated_at,
            store_updated_timestamp as dbt_valid_from,
            store_updated_timestamp as dbt_valid_to

        from snapshot_query
    ),

    insertions as (

        select
            'insert' as dbt_change_type,
            source_data.*

        from insertions_source_data as source_data
        left outer join snapshotted_data
            on 
    
        snapshotted_data.dbt_unique_key = source_data.dbt_unique_key
    

            where 
    
        snapshotted_data.dbt_unique_key is null
    

            or (
    
        snapshotted_data.dbt_unique_key is not null
    
 and (
               (snapshotted_data.dbt_valid_from < source_data.store_updated_timestamp)
            )

        )

    ),

    updates as (

        select
            'update' as dbt_change_type,
            source_data.*,
            snapshotted_data.dbt_scd_id

        from updates_source_data as source_data
        join snapshotted_data
            on 
    
        snapshotted_data.dbt_unique_key = source_data.dbt_unique_key
    

        where (
            (snapshotted_data.dbt_valid_from < source_data.store_updated_timestamp)
        )
    )

    select * from insertions
    union all
    select * from updates

    ) as __dbt_sbq
    where false
    limit 0

[0m08:50:04.803050 [debug] [Thread-5 (]: SQL status: OK in 0.810 seconds
[0m08:50:04.806423 [debug] [Thread-5 (]: Using databricks connection "snapshot.walmart_project.dim_stores"
[0m08:50:04.808242 [debug] [Thread-5 (]: On snapshot.walmart_project.dim_stores: /* {"app": "dbt", "dbt_version": "1.12.5", "dbt_databricks_version": "1.10.9", "databricks_sql_connector_version": "4.5.0", "profile_name": "walmart_project", "target_name": "dev", "node_id": "snapshot.walmart_project.dim_stores"} */
select * from (
        select 
    current_timestamp()
 as dbt_snapshot_time
    ) as __dbt_sbq
    where false
    limit 0

[0m08:50:04.809634 [debug] [Thread-5 (]: Databricks adapter: Cursor(session-id=01f1b7f4-ec25-1bf1-955f-28620c981305, command-id=01f1b7f4-eeb3-12fe-8fce-07f9e6319a8d) - Closing
[0m08:50:05.165422 [debug] [Thread-5 (]: SQL status: OK in 0.360 seconds
[0m08:50:05.167766 [debug] [Thread-5 (]: Writing runtime sql for node "snapshot.walmart_project.dim_stores"
[0m08:50:05.178286 [debug] [Thread-5 (]: Using databricks connection "snapshot.walmart_project.dim_stores"
[0m08:50:05.179530 [debug] [Thread-5 (]: On snapshot.walmart_project.dim_stores: /* {"app": "dbt", "dbt_version": "1.12.5", "dbt_databricks_version": "1.10.9", "databricks_sql_connector_version": "4.5.0", "profile_name": "walmart_project", "target_name": "dev", "node_id": "snapshot.walmart_project.dim_stores"} */

      merge into `walmart`.`gold`.`dim_stores` as DBT_INTERNAL_DEST
    
      using `dim_stores__dbt_tmp` as DBT_INTERNAL_SOURCE
    
    on DBT_INTERNAL_SOURCE.dbt_scd_id = DBT_INTERNAL_DEST.dbt_scd_id
    when matched
     
       and ( DBT_INTERNAL_DEST.dbt_valid_to = to_date('9999-12-31') or
             DBT_INTERNAL_DEST.dbt_valid_to is null )
     
     and DBT_INTERNAL_SOURCE.dbt_change_type in ('update', 'delete')
        then update
        set dbt_valid_to = DBT_INTERNAL_SOURCE.dbt_valid_to

    when not matched
     and DBT_INTERNAL_SOURCE.dbt_change_type = 'insert'
        then insert *
    ;

  
[0m08:50:05.180491 [debug] [Thread-5 (]: Databricks adapter: Cursor(session-id=01f1b7f4-ec25-1bf1-955f-28620c981305, command-id=01f1b7f4-ef30-1005-914c-ff2ffdec9570) - Closing
[0m08:50:08.259575 [debug] [Thread-5 (]: SQL status: OK in 3.080 seconds
[0m08:50:08.262826 [debug] [Thread-5 (]: Databricks adapter: Cursor(session-id=01f1b7f4-ec25-1bf1-955f-28620c981305, command-id=01f1b7f4-ef67-1da6-82c9-332c7f6d7b90) - Closing
[0m08:50:08.274236 [debug] [Thread-5 (]: Applying DROP to: `dim_stores__dbt_tmp`
[0m08:50:08.276377 [debug] [Thread-5 (]: Using databricks connection "snapshot.walmart_project.dim_stores"
[0m08:50:08.277966 [debug] [Thread-5 (]: On snapshot.walmart_project.dim_stores: /* {"app": "dbt", "dbt_version": "1.12.5", "dbt_databricks_version": "1.10.9", "databricks_sql_connector_version": "4.5.0", "profile_name": "walmart_project", "target_name": "dev", "node_id": "snapshot.walmart_project.dim_stores"} */
DROP VIEW IF EXISTS `dim_stores__dbt_tmp`
[0m08:50:08.676287 [debug] [Thread-5 (]: SQL status: OK in 0.400 seconds
[0m08:50:08.679251 [debug] [Thread-5 (]: Databricks adapter: Cursor(session-id=01f1b7f4-ec25-1bf1-955f-28620c981305, command-id=01f1b7f4-f140-1562-b489-73a41cb3cd30) - Closing
[0m08:50:08.682051 [debug] [Thread-5 (]: On snapshot.walmart_project.dim_stores: Close
[0m08:50:08.683272 [debug] [Thread-5 (]: Databricks adapter: Connection(session-id=01f1b7f4-ec25-1bf1-955f-28620c981305) - Closing
[0m08:50:09.012037 [debug] [Thread-5 (]: Sending event: {'category': 'dbt', 'action': 'run_model', 'label': '387bccf8-c1cf-4aa7-8ba8-4d2c23949f24', 'context': [<snowplow_tracker.self_describing_json.SelfDescribingJson object at 0x74d8e13809f0>]}
[0m08:50:09.021413 [info ] [Thread-5 (]: 5 of 5 OK snapshotted gold.dim_stores .......................................... [[32mOK[0m in 10.30s]
[0m08:50:09.024570 [debug] [Thread-5 (]: Finished running node snapshot.walmart_project.dim_stores
[0m08:50:09.051595 [debug] [MainThread]: Databricks adapter: DatabricksDBTConnection(session-id=None, name=master) - Creating connection
[0m08:50:09.053341 [debug] [MainThread]: Acquiring new databricks connection 'master'
[0m08:50:09.056354 [info ] [MainThread]: 
[0m08:50:09.065320 [info ] [MainThread]: Finished running 5 snapshots in 0 hours 1 minutes and 1.67 seconds (61.67s).
[0m08:50:09.069594 [debug] [MainThread]: Command end result
[0m08:50:09.335468 [debug] [MainThread]: Wrote artifact WritableManifest to /opt/airflow/walmart_project/target/manifest.json
[0m08:50:09.364949 [debug] [MainThread]: Wrote artifact SemanticManifest to /opt/airflow/walmart_project/target/semantic_manifest.json
[0m08:50:09.381074 [debug] [MainThread]: Wrote artifact OsiDocument to /opt/airflow/walmart_project/target/osi_document.json
[0m08:50:09.428361 [debug] [MainThread]: Wrote artifact RunExecutionResult to /opt/airflow/walmart_project/target/run_results.json
[0m08:50:09.429502 [info ] [MainThread]: 
[0m08:50:09.431372 [info ] [MainThread]: [32mCompleted successfully[0m
[0m08:50:09.432405 [info ] [MainThread]: 
[0m08:50:09.436188 [info ] [MainThread]: Done. PASS=5 WARN=0 ERROR=0 SKIP=0 NO-OP=0 REUSED=0 TOTAL=5
[0m08:50:09.460178 [debug] [MainThread]: Resource report: {"command_name": "snapshot", "command_success": true, "command_wall_clock_time": 65.7876, "process_in_blocks": "0", "process_kernel_time": 0.664426, "process_mem_max_rss": "284104", "process_out_blocks": "0", "process_user_time": 9.134844}
[0m08:50:09.465538 [debug] [MainThread]: Command `dbt snapshot` succeeded at 08:50:09.464984 after 65.79 seconds
[0m08:50:09.470307 [debug] [MainThread]: Sending event: {'category': 'dbt', 'action': 'invocation', 'label': 'end', 'context': [<snowplow_tracker.self_describing_json.SelfDescribingJson object at 0x74d8c3e9a090>, <snowplow_tracker.self_describing_json.SelfDescribingJson object at 0x74d8e08e0890>, <snowplow_tracker.self_describing_json.SelfDescribingJson object at 0x74d8c87885f0>]}
[0m08:50:09.472350 [debug] [MainThread]: Flushing usage events
[0m08:50:11.529219 [debug] [MainThread]: An error was encountered while trying to flush usage events
[0m08:50:21.346911 [debug] [MainThread]: Sending event: {'category': 'dbt', 'action': 'invocation', 'label': 'start', 'context': [<snowplow_tracker.self_describing_json.SelfDescribingJson object at 0x6ffdfe7bb770>, <snowplow_tracker.self_describing_json.SelfDescribingJson object at 0x6ffdfd07bed0>, <snowplow_tracker.self_describing_json.SelfDescribingJson object at 0x6ffdfd07bb10>]}


============================== 08:50:21.356239 | 67b45cda-b79d-4d56-8ce5-a16dcd7864ca ==============================
[0m08:50:21.356239 [info ] [MainThread]: Running with dbt=1.12.5
[0m08:50:21.357778 [debug] [MainThread]: running dbt with arguments {'log_path': '/opt/airflow/walmart_project/logs', 'invocation_command': 'dbt run --select gold/fact', 'fail_fast': 'False', 'version_check': 'True', 'warn_error_options': 'WarnErrorOptionsV2(error=[], warn=[], silence=[])', 'warn_error': 'None', 'maximum_seed_size_mib': '1', 'quiet': 'False', 'use_experimental_parser': 'False', 'log_format': 'default', 'cache_selected_only': 'False', 'profiles_dir': '/opt/airflow/walmart_project', 'static_parser': 'True', 'send_anonymous_usage_stats': 'True', 'hints_enabled': 'True', 'empty': 'False', 'target_path': 'None', 'printer_width': '80', 'indirect_selection': 'eager', 'introspect': 'True', 'no_print': 'None', 'write_json': 'True', 'debug': 'False', 'partial_parse': 'True', 'log_cache_events': 'False', 'use_colors': 'True'}
[0m08:50:22.513494 [debug] [MainThread]: Spark adapter: Setting pyhive.hive logging to ERROR
[0m08:50:22.521493 [debug] [MainThread]: Spark adapter: Setting thrift.transport logging to ERROR
[0m08:50:22.522407 [debug] [MainThread]: Spark adapter: Setting thrift.protocol logging to ERROR
[0m08:50:23.812537 [debug] [MainThread]: Sending event: {'category': 'dbt', 'action': 'project_id', 'label': '67b45cda-b79d-4d56-8ce5-a16dcd7864ca', 'context': [<snowplow_tracker.self_describing_json.SelfDescribingJson object at 0x6ffdfe2f5a70>]}
[0m08:50:23.888597 [debug] [MainThread]: Sending event: {'category': 'dbt', 'action': 'adapter_info', 'label': '67b45cda-b79d-4d56-8ce5-a16dcd7864ca', 'context': [<snowplow_tracker.self_describing_json.SelfDescribingJson object at 0x6ffdfe754e20>]}
[0m08:50:23.890543 [info ] [MainThread]: Registered adapter: databricks=1.10.9
[0m08:50:24.031565 [debug] [MainThread]: checksum: c6692066af086a4208ee6a2d343b9da3ce9763b98f9383873b954800d1e1f71c, vars: {}, profile: walmart_project, target: dev, version: 1.12.5
[0m08:50:24.618751 [debug] [MainThread]: Partial parsing enabled: 0 files deleted, 0 files added, 0 files changed.
[0m08:50:24.620004 [debug] [MainThread]: Nothing changed, skipping partial parsing.
[0m08:50:24.620965 [debug] [MainThread]: Partial parsing enabled, no changes found, skipping parsing
[0m08:50:24.643149 [debug] [MainThread]: Sending event: {'category': 'dbt', 'action': 'load_project', 'label': '67b45cda-b79d-4d56-8ce5-a16dcd7864ca', 'context': [<snowplow_tracker.self_describing_json.SelfDescribingJson object at 0x6ffde123db50>]}
[0m08:50:24.939505 [debug] [MainThread]: Wrote artifact WritableManifest to /opt/airflow/walmart_project/target/manifest.json
[0m08:50:24.946259 [debug] [MainThread]: Wrote artifact SemanticManifest to /opt/airflow/walmart_project/target/semantic_manifest.json
[0m08:50:24.977159 [debug] [MainThread]: Wrote artifact OsiDocument to /opt/airflow/walmart_project/target/osi_document.json
[0m08:50:25.002079 [debug] [MainThread]: Sending event: {'category': 'dbt', 'action': 'resource_counts', 'label': '67b45cda-b79d-4d56-8ce5-a16dcd7864ca', 'context': [<snowplow_tracker.self_describing_json.SelfDescribingJson object at 0x6ffde1127980>]}
[0m08:50:25.003684 [info ] [MainThread]: Found 13 models, 1 analysis, 5 data tests, 5 snapshots, 6 sources, 727 macros
[0m08:50:25.004682 [debug] [MainThread]: Sending event: {'category': 'dbt', 'action': 'runnable_timing', 'label': '67b45cda-b79d-4d56-8ce5-a16dcd7864ca', 'context': [<snowplow_tracker.self_describing_json.SelfDescribingJson object at 0x6ffde1175470>]}
[0m08:50:25.007252 [warn ] [MainThread]: [[33mWARNING[0m]: The selection criterion 'gold/fact' does not match any enabled nodes
[0m08:50:25.009554 [warn ] [MainThread]: [[33mWARNING[0m]: Nothing to do. Try checking your model configs and model specification args
[0m08:50:25.012630 [debug] [MainThread]: Command end result
[0m08:50:25.090006 [debug] [MainThread]: Wrote artifact WritableManifest to /opt/airflow/walmart_project/target/manifest.json
[0m08:50:25.097639 [debug] [MainThread]: Wrote artifact SemanticManifest to /opt/airflow/walmart_project/target/semantic_manifest.json
[0m08:50:25.105232 [debug] [MainThread]: Wrote artifact OsiDocument to /opt/airflow/walmart_project/target/osi_document.json
[0m08:50:25.112997 [debug] [MainThread]: Wrote artifact RunExecutionResult to /opt/airflow/walmart_project/target/run_results.json
[0m08:50:25.115107 [debug] [MainThread]: Resource report: {"command_name": "run", "command_success": true, "command_wall_clock_time": 4.013632, "process_in_blocks": "0", "process_kernel_time": 1.594531, "process_mem_max_rss": "253696", "process_out_blocks": "0", "process_user_time": 5.072011}
[0m08:50:25.116400 [debug] [MainThread]: Command `dbt run` succeeded at 08:50:25.116221 after 4.02 seconds
[0m08:50:25.117422 [debug] [MainThread]: Sending event: {'category': 'dbt', 'action': 'invocation', 'label': 'end', 'context': [<snowplow_tracker.self_describing_json.SelfDescribingJson object at 0x6ffde11a87a0>, <snowplow_tracker.self_describing_json.SelfDescribingJson object at 0x6ffdfd2dd490>, <snowplow_tracker.self_describing_json.SelfDescribingJson object at 0x6ffde1472150>]}
[0m08:50:25.118845 [debug] [MainThread]: Flushing usage events
[0m08:50:26.461488 [debug] [MainThread]: An error was encountered while trying to flush usage events
