[0m21:29:18.806938 [debug] [MainThread]: Sending event: {'category': 'dbt', 'action': 'invocation', 'label': 'start', 'context': [<snowplow_tracker.self_describing_json.SelfDescribingJson object at 0x0000026B16BED640>, <snowplow_tracker.self_describing_json.SelfDescribingJson object at 0x0000026B1A086240>, <snowplow_tracker.self_describing_json.SelfDescribingJson object at 0x0000026B19E16BD0>]}


============================== 21:29:18.806938 | 21664b6d-3885-43ef-b0f1-6bb86f634a8b ==============================
[0m21:29:18.806938 [info ] [MainThread]: Running with dbt=1.12.5
[0m21:29:18.806938 [debug] [MainThread]: running dbt with arguments {'maximum_seed_size_mib': '1', 'no_print': 'None', 'static_parser': 'True', 'warn_error_options': 'WarnErrorOptionsV2(error=[], warn=[], silence=[])', 'target_path': 'None', 'version_check': 'True', 'printer_width': '80', 'write_json': 'True', 'empty': 'None', 'log_cache_events': 'False', 'introspect': 'True', 'cache_selected_only': 'False', 'fail_fast': 'False', 'debug': 'False', 'log_format': 'default', 'partial_parse': 'True', 'send_anonymous_usage_stats': 'True', 'quiet': 'False', 'warn_error': 'None', 'profiles_dir': 'C:\\Users\\user\\.dbt', 'use_colors': 'True', 'hints_enabled': 'True', 'invocation_command': 'dbt debug', 'use_experimental_parser': 'False', 'indirect_selection': 'eager', 'log_path': 'D:\\Data-Engineering-Projects\\Walmart_Project\\data_project_dbt\\walmart_project\\logs'}
[0m21:29:18.886612 [info ] [MainThread]: dbt version: 1.12.5
[0m21:29:18.886612 [info ] [MainThread]: python version: 3.12.12
[0m21:29:18.886612 [info ] [MainThread]: python path: D:\Data-Engineering-Projects\Walmart_Project\data_project_dbt\.venv\Scripts\python.exe
[0m21:29:18.886612 [info ] [MainThread]: os info: Windows-11-10.0.26200-SP0
[0m21:29:20.767685 [debug] [MainThread]: Spark adapter: Setting pyhive.hive logging to ERROR
[0m21:29:20.767685 [debug] [MainThread]: Spark adapter: Setting thrift.transport logging to ERROR
[0m21:29:20.767685 [debug] [MainThread]: Spark adapter: Setting thrift.protocol logging to ERROR
[0m21:29:25.904721 [info ] [MainThread]: Using profiles dir at C:\Users\user\.dbt
[0m21:29:25.904721 [info ] [MainThread]: Using profiles.yml file at C:\Users\user\.dbt\profiles.yml
[0m21:29:25.904721 [info ] [MainThread]: Using dbt_project.yml file at D:\Data-Engineering-Projects\Walmart_Project\data_project_dbt\walmart_project\dbt_project.yml
[0m21:29:25.904721 [info ] [MainThread]: adapter type: databricks
[0m21:29:25.904721 [info ] [MainThread]: adapter version: 1.10.9
[0m21:29:26.016394 [info ] [MainThread]: Configuration:
[0m21:29:26.016394 [info ] [MainThread]:   profiles.yml file [[32mOK found and valid[0m]
[0m21:29:26.016394 [info ] [MainThread]:   dbt_project.yml file [[32mOK found and valid[0m]
[0m21:29:26.016394 [info ] [MainThread]: Required dependencies:
[0m21:29:26.016394 [debug] [MainThread]: Executing "git --help"
[0m21:29:26.178835 [debug] [MainThread]: STDOUT: "b"usage: git [-v | --version] [-h | --help] [-C <path>] [-c <name>=<value>]\n           [--exec-path[=<path>]] [--html-path] [--man-path] [--info-path]\n           [-p | --paginate | -P | --no-pager] [--no-replace-objects] [--no-lazy-fetch]\n           [--no-optional-locks] [--no-advice] [--bare] [--git-dir=<path>]\n           [--work-tree=<path>] [--namespace=<name>] [--config-env=<name>=<envvar>]\n           <command> [<args>]\n\nThese are common Git commands used in various situations:\n\nstart a working area (see also: git help tutorial)\n   clone      Clone a repository into a new directory\n   init       Create an empty Git repository or reinitialize an existing one\n\nwork on the current change (see also: git help everyday)\n   add        Add file contents to the index\n   mv         Move or rename a file, a directory, or a symlink\n   restore    Restore working tree files\n   rm         Remove files from the working tree and from the index\n\nexamine the history and state (see also: git help revisions)\n   bisect     Use binary search to find the commit that introduced a bug\n   diff       Show changes between commits, commit and working tree, etc\n   grep       Print lines matching a pattern\n   log        Show commit logs\n   show       Show various types of objects\n   status     Show the working tree status\n\ngrow, mark and tweak your common history\n   backfill   Download missing objects in a partial clone\n   branch     List, create, or delete branches\n   commit     Record changes to the repository\n   merge      Join two or more development histories together\n   rebase     Reapply commits on top of another base tip\n   reset      Reset current HEAD to the specified state\n   switch     Switch branches\n   tag        Create, list, delete or verify a tag object signed with GPG\n\ncollaborate (see also: git help workflows)\n   fetch      Download objects and refs from another repository\n   pull       Fetch from and integrate with another repository or a local branch\n   push       Update remote refs along with associated objects\n\n'git help -a' and 'git help -g' list available subcommands and some\nconcept guides. See 'git help <command>' or 'git help <concept>'\nto read about a specific subcommand or concept.\nSee 'git help git' for an overview of the system.\n""
[0m21:29:26.178835 [debug] [MainThread]: STDERR: "b''"
[0m21:29:26.178835 [info ] [MainThread]:  - git [[32mOK found[0m]

[0m21:29:26.178835 [info ] [MainThread]: Connection:
[0m21:29:26.178835 [info ] [MainThread]:   host: dbc-d63b24fa-ab2e.cloud.databricks.com
[0m21:29:26.178835 [info ] [MainThread]:   http_path: /sql/1.0/warehouses/fad6d64f1a7c7161
[0m21:29:26.178835 [info ] [MainThread]:   catalog: walmart
[0m21:29:26.178835 [info ] [MainThread]:   schema: dbt_schema
[0m21:29:26.178835 [info ] [MainThread]: Registered adapter: databricks=1.10.9
[0m21:29:28.052123 [debug] [MainThread]: Databricks adapter: DatabricksDBTConnection(session-id=None, name=debug) - Creating connection
[0m21:29:28.052123 [debug] [MainThread]: Acquiring new databricks connection 'debug'
[0m21:29:28.052123 [debug] [MainThread]: Using databricks connection "debug"
[0m21:29:28.052123 [debug] [MainThread]: On debug: select 1 as id
[0m21:29:28.052123 [debug] [MainThread]: Opening a new connection, currently in state init
[0m21:29:30.727786 [debug] [MainThread]: Databricks adapter: Connection(session-id=01f1b5d5-6cb2-1dc9-ab5a-c697e73a6ee2) - Created
[0m21:29:40.082608 [debug] [MainThread]: SQL status: OK in 12.030 seconds
[0m21:29:40.082608 [debug] [MainThread]: Databricks adapter: Cursor(session-id=01f1b5d5-6cb2-1dc9-ab5a-c697e73a6ee2, command-id=01f1b5d5-6da2-190d-84c2-2a6aec40da6d) - Closing
[0m21:29:40.536470 [debug] [MainThread]: On debug: Close
[0m21:29:40.536470 [debug] [MainThread]: Databricks adapter: Connection(session-id=01f1b5d5-6cb2-1dc9-ab5a-c697e73a6ee2) - Closing
[0m21:29:40.853214 [info ] [MainThread]:   Connection test: [[32mOK connection ok[0m]

[0m21:29:40.853214 [info ] [MainThread]: [32mAll checks passed![0m
[0m21:29:40.853214 [debug] [MainThread]: Command `dbt debug` succeeded at 21:29:40.853214 after 22.28 seconds
[0m21:29:40.853214 [debug] [MainThread]: Sending event: {'category': 'dbt', 'action': 'invocation', 'label': 'end', 'context': [<snowplow_tracker.self_describing_json.SelfDescribingJson object at 0x0000026B19DE5D60>, <snowplow_tracker.self_describing_json.SelfDescribingJson object at 0x0000026B1BF76960>, <snowplow_tracker.self_describing_json.SelfDescribingJson object at 0x0000026B165B2F60>]}
[0m21:29:40.853214 [debug] [MainThread]: Flushing usage events
[0m21:29:41.905108 [debug] [MainThread]: An error was encountered while trying to flush usage events
[0m21:43:55.873489 [debug] [MainThread]: Sending event: {'category': 'dbt', 'action': 'invocation', 'label': 'start', 'context': [<snowplow_tracker.self_describing_json.SelfDescribingJson object at 0x000001DAF1BA16A0>, <snowplow_tracker.self_describing_json.SelfDescribingJson object at 0x000001DAF3BA2660>, <snowplow_tracker.self_describing_json.SelfDescribingJson object at 0x000001DAF3BA3B00>]}


============================== 21:43:55.881287 | 61a6de5c-ede5-49ba-a062-62be3e363aac ==============================
[0m21:43:55.881287 [info ] [MainThread]: Running with dbt=1.12.5
[0m21:43:55.882295 [debug] [MainThread]: running dbt with arguments {'static_parser': 'True', 'no_print': 'None', 'maximum_seed_size_mib': '1', 'target_path': 'None', 'warn_error_options': 'WarnErrorOptionsV2(error=[], warn=[], silence=[])', 'version_check': 'True', 'printer_width': '80', 'write_json': 'True', 'empty': 'None', 'log_cache_events': 'False', 'introspect': 'True', 'cache_selected_only': 'False', 'fail_fast': 'False', 'debug': 'False', 'log_format': 'default', 'profiles_dir': 'd:\\Data-Engineering-Projects\\Walmart_Project\\data_project_dbt\\walmart_project', 'send_anonymous_usage_stats': 'True', 'quiet': 'False', 'warn_error': 'None', 'partial_parse': 'True', 'use_colors': 'True', 'hints_enabled': 'True', 'indirect_selection': 'eager', 'use_experimental_parser': 'False', 'invocation_command': 'dbt ', 'log_path': 'd:\\Data-Engineering-Projects\\Walmart_Project\\data_project_dbt\\walmart_project\\logs'}
[0m21:43:56.021502 [debug] [MainThread]: Sending event: {'category': 'dbt', 'action': 'project_id', 'label': '61a6de5c-ede5-49ba-a062-62be3e363aac', 'context': [<snowplow_tracker.self_describing_json.SelfDescribingJson object at 0x000001DAF5995640>]}
[0m21:43:56.212356 [info ] [MainThread]: Warning: No packages were found in packages.yml
[0m21:43:56.227615 [info ] [MainThread]: Warning: No packages were found in packages.yml
[0m21:43:56.233257 [debug] [MainThread]: Command `cli deps` succeeded at 21:43:56.233257 after 0.52 seconds
[0m21:43:56.233257 [debug] [MainThread]: Sending event: {'category': 'dbt', 'action': 'invocation', 'label': 'end', 'context': [<snowplow_tracker.self_describing_json.SelfDescribingJson object at 0x000001DAF1BA16A0>, <snowplow_tracker.self_describing_json.SelfDescribingJson object at 0x000001DAF5C348F0>, <snowplow_tracker.self_describing_json.SelfDescribingJson object at 0x000001DAF5C34AD0>]}
[0m21:43:56.234256 [debug] [MainThread]: Flushing usage events
[0m21:43:57.329027 [debug] [MainThread]: An error was encountered while trying to flush usage events
[0m21:44:00.752609 [debug] [MainThread]: Sending event: {'category': 'dbt', 'action': 'invocation', 'label': 'start', 'context': [<snowplow_tracker.self_describing_json.SelfDescribingJson object at 0x000002722AB3B9E0>, <snowplow_tracker.self_describing_json.SelfDescribingJson object at 0x000002722C96AED0>, <snowplow_tracker.self_describing_json.SelfDescribingJson object at 0x000002722CDDB470>]}


============================== 21:44:00.756706 | b79f84f6-7f3d-4bf2-91fb-871f7cb68e7b ==============================
[0m21:44:00.756706 [info ] [MainThread]: Running with dbt=1.12.5
[0m21:44:00.757720 [debug] [MainThread]: running dbt with arguments {'version_check': 'True', 'no_print': 'None', 'static_parser': 'True', 'warn_error_options': 'WarnErrorOptionsV2(error=[], warn=[], silence=[])', 'maximum_seed_size_mib': '1', 'target_path': 'None', 'printer_width': '80', 'write_json': 'True', 'empty': 'None', 'log_cache_events': 'False', 'introspect': 'True', 'cache_selected_only': 'False', 'fail_fast': 'False', 'debug': 'False', 'log_format': 'default', 'profiles_dir': 'd:\\Data-Engineering-Projects\\Walmart_Project\\data_project_dbt\\walmart_project', 'send_anonymous_usage_stats': 'True', 'quiet': 'False', 'warn_error': 'None', 'partial_parse': 'True', 'use_colors': 'True', 'hints_enabled': 'True', 'invocation_command': 'dbt ', 'use_experimental_parser': 'False', 'indirect_selection': 'eager', 'log_path': 'd:\\Data-Engineering-Projects\\Walmart_Project\\data_project_dbt\\walmart_project\\logs'}
[0m21:44:00.814263 [info ] [MainThread]: dbt version: 1.12.5
[0m21:44:00.815257 [info ] [MainThread]: python version: 3.12.12
[0m21:44:00.815257 [info ] [MainThread]: python path: d:\Data-Engineering-Projects\Walmart_Project\data_project_dbt\.venv\Scripts\python.exe
[0m21:44:00.816251 [info ] [MainThread]: os info: Windows-11-10.0.26200-SP0
[0m21:44:01.809200 [debug] [MainThread]: Spark adapter: Setting pyhive.hive logging to ERROR
[0m21:44:01.809200 [debug] [MainThread]: Spark adapter: Setting thrift.transport logging to ERROR
[0m21:44:01.809200 [debug] [MainThread]: Spark adapter: Setting thrift.protocol logging to ERROR
[0m21:44:02.528948 [info ] [MainThread]: Using profiles dir at d:\Data-Engineering-Projects\Walmart_Project\data_project_dbt\walmart_project
[0m21:44:02.528948 [info ] [MainThread]: Using profiles.yml file at d:\Data-Engineering-Projects\Walmart_Project\data_project_dbt\walmart_project\profiles.yml
[0m21:44:02.529853 [info ] [MainThread]: Using dbt_project.yml file at d:\Data-Engineering-Projects\Walmart_Project\data_project_dbt\walmart_project\dbt_project.yml
[0m21:44:02.530858 [info ] [MainThread]: adapter type: databricks
[0m21:44:02.534143 [info ] [MainThread]: adapter version: 1.10.9
[0m21:44:02.686340 [info ] [MainThread]: Configuration:
[0m21:44:02.686340 [info ] [MainThread]:   profiles.yml file [[32mOK found and valid[0m]
[0m21:44:02.686340 [info ] [MainThread]:   dbt_project.yml file [[32mOK found and valid[0m]
[0m21:44:02.687803 [info ] [MainThread]: Required dependencies:
[0m21:44:02.687803 [debug] [MainThread]: Executing "git --help"
[0m21:44:02.835495 [debug] [MainThread]: STDOUT: "b"usage: git [-v | --version] [-h | --help] [-C <path>] [-c <name>=<value>]\n           [--exec-path[=<path>]] [--html-path] [--man-path] [--info-path]\n           [-p | --paginate | -P | --no-pager] [--no-replace-objects] [--no-lazy-fetch]\n           [--no-optional-locks] [--no-advice] [--bare] [--git-dir=<path>]\n           [--work-tree=<path>] [--namespace=<name>] [--config-env=<name>=<envvar>]\n           <command> [<args>]\n\nThese are common Git commands used in various situations:\n\nstart a working area (see also: git help tutorial)\n   clone      Clone a repository into a new directory\n   init       Create an empty Git repository or reinitialize an existing one\n\nwork on the current change (see also: git help everyday)\n   add        Add file contents to the index\n   mv         Move or rename a file, a directory, or a symlink\n   restore    Restore working tree files\n   rm         Remove files from the working tree and from the index\n\nexamine the history and state (see also: git help revisions)\n   bisect     Use binary search to find the commit that introduced a bug\n   diff       Show changes between commits, commit and working tree, etc\n   grep       Print lines matching a pattern\n   log        Show commit logs\n   show       Show various types of objects\n   status     Show the working tree status\n\ngrow, mark and tweak your common history\n   backfill   Download missing objects in a partial clone\n   branch     List, create, or delete branches\n   commit     Record changes to the repository\n   merge      Join two or more development histories together\n   rebase     Reapply commits on top of another base tip\n   reset      Reset current HEAD to the specified state\n   switch     Switch branches\n   tag        Create, list, delete or verify a tag object signed with GPG\n\ncollaborate (see also: git help workflows)\n   fetch      Download objects and refs from another repository\n   pull       Fetch from and integrate with another repository or a local branch\n   push       Update remote refs along with associated objects\n\n'git help -a' and 'git help -g' list available subcommands and some\nconcept guides. See 'git help <command>' or 'git help <concept>'\nto read about a specific subcommand or concept.\nSee 'git help git' for an overview of the system.\n""
[0m21:44:02.835495 [debug] [MainThread]: STDERR: "b''"
[0m21:44:02.836582 [info ] [MainThread]:  - git [[32mOK found[0m]

[0m21:44:02.836582 [info ] [MainThread]: Connection:
[0m21:44:02.836582 [info ] [MainThread]:   host: dbc-d63b24fa-ab2e.cloud.databricks.com
[0m21:44:02.836582 [info ] [MainThread]:   http_path: /sql/1.0/warehouses/fad6d64f1a7c7161
[0m21:44:02.837955 [info ] [MainThread]:   catalog: walmart
[0m21:44:02.838963 [info ] [MainThread]:   schema: dbt_schema
[0m21:44:02.839964 [info ] [MainThread]: Registered adapter: databricks=1.10.9
[0m21:44:03.197943 [debug] [MainThread]: Databricks adapter: DatabricksDBTConnection(session-id=None, name=debug) - Creating connection
[0m21:44:03.198955 [debug] [MainThread]: Acquiring new databricks connection 'debug'
[0m21:44:03.198955 [debug] [MainThread]: Using databricks connection "debug"
[0m21:44:03.200348 [debug] [MainThread]: On debug: select 1 as id
[0m21:44:03.200348 [debug] [MainThread]: Opening a new connection, currently in state init
[0m21:44:05.851196 [debug] [MainThread]: Databricks adapter: Connection(session-id=01f1b5d7-7658-15a1-98ca-61de209b259c) - Created
[0m21:44:14.968743 [debug] [MainThread]: SQL status: OK in 11.770 seconds
[0m21:44:14.974219 [debug] [MainThread]: Databricks adapter: Cursor(session-id=01f1b5d7-7658-15a1-98ca-61de209b259c, command-id=01f1b5d7-7740-13b1-bbd2-66ee7949d04a) - Closing
[0m21:44:15.352376 [debug] [MainThread]: On debug: Close
[0m21:44:15.354382 [debug] [MainThread]: Databricks adapter: Connection(session-id=01f1b5d7-7658-15a1-98ca-61de209b259c) - Closing
[0m21:44:15.718650 [info ] [MainThread]:   Connection test: [[32mOK connection ok[0m]

[0m21:44:15.720913 [info ] [MainThread]: [32mAll checks passed![0m
[0m21:44:15.722901 [debug] [MainThread]: Command `cli debug` succeeded at 21:44:15.722901 after 15.17 seconds
[0m21:44:15.724252 [debug] [MainThread]: Sending event: {'category': 'dbt', 'action': 'invocation', 'label': 'end', 'context': [<snowplow_tracker.self_describing_json.SelfDescribingJson object at 0x00000272392107A0>, <snowplow_tracker.self_describing_json.SelfDescribingJson object at 0x000002722D67FCE0>, <snowplow_tracker.self_describing_json.SelfDescribingJson object at 0x000002722D67CB90>]}
[0m21:44:15.724252 [debug] [MainThread]: Flushing usage events
[0m21:44:16.718475 [debug] [MainThread]: An error was encountered while trying to flush usage events
[0m12:30:24.126488 [debug] [MainThread]: Sending event: {'category': 'dbt', 'action': 'invocation', 'label': 'start', 'context': [<snowplow_tracker.self_describing_json.SelfDescribingJson object at 0x000001B91EC8B950>, <snowplow_tracker.self_describing_json.SelfDescribingJson object at 0x000001B91F482930>, <snowplow_tracker.self_describing_json.SelfDescribingJson object at 0x000001B91F481820>]}


============================== 12:30:24.131183 | d245f12d-53a3-4854-809b-0d1dcf390ac8 ==============================
[0m12:30:24.131183 [info ] [MainThread]: Running with dbt=1.12.5
[0m12:30:24.131183 [debug] [MainThread]: running dbt with arguments {'maximum_seed_size_mib': '1', 'no_print': 'None', 'static_parser': 'True', 'warn_error_options': 'WarnErrorOptionsV2(error=[], warn=[], silence=[])', 'target_path': 'None', 'version_check': 'True', 'printer_width': '80', 'write_json': 'True', 'empty': 'None', 'log_cache_events': 'False', 'introspect': 'True', 'cache_selected_only': 'False', 'fail_fast': 'False', 'debug': 'False', 'log_format': 'default', 'partial_parse': 'True', 'send_anonymous_usage_stats': 'True', 'quiet': 'False', 'warn_error': 'None', 'profiles_dir': 'd:\\Data-Engineering-Projects\\Walmart_Project\\data_project_dbt\\walmart_project', 'use_colors': 'True', 'hints_enabled': 'True', 'indirect_selection': 'eager', 'use_experimental_parser': 'False', 'invocation_command': 'dbt ', 'log_path': 'd:\\Data-Engineering-Projects\\Walmart_Project\\data_project_dbt\\walmart_project\\logs'}
[0m12:30:24.335777 [debug] [MainThread]: Sending event: {'category': 'dbt', 'action': 'project_id', 'label': 'd245f12d-53a3-4854-809b-0d1dcf390ac8', 'context': [<snowplow_tracker.self_describing_json.SelfDescribingJson object at 0x000001B9230FD8E0>]}
[0m12:30:24.461003 [info ] [MainThread]: Warning: No packages were found in packages.yml
[0m12:30:24.462002 [info ] [MainThread]: Warning: No packages were found in packages.yml
[0m12:30:24.463006 [debug] [MainThread]: Command `cli deps` succeeded at 12:30:24.463006 after 0.52 seconds
[0m12:30:24.464308 [debug] [MainThread]: Sending event: {'category': 'dbt', 'action': 'invocation', 'label': 'end', 'context': [<snowplow_tracker.self_describing_json.SelfDescribingJson object at 0x000001B91EC8B950>, <snowplow_tracker.self_describing_json.SelfDescribingJson object at 0x000001B9235F4680>, <snowplow_tracker.self_describing_json.SelfDescribingJson object at 0x000001B923623AD0>]}
[0m12:30:24.464308 [debug] [MainThread]: Flushing usage events
[0m12:30:25.623924 [debug] [MainThread]: An error was encountered while trying to flush usage events
[0m12:54:25.892820 [debug] [MainThread]: Sending event: {'category': 'dbt', 'action': 'invocation', 'label': 'start', 'context': [<snowplow_tracker.self_describing_json.SelfDescribingJson object at 0x0000027D3984D640>, <snowplow_tracker.self_describing_json.SelfDescribingJson object at 0x0000027D3D284410>, <snowplow_tracker.self_describing_json.SelfDescribingJson object at 0x0000027D3D287350>]}


============================== 12:54:25.904851 | 7352e7d9-5428-42ed-9601-5e81498f0995 ==============================
[0m12:54:25.904851 [info ] [MainThread]: Running with dbt=1.12.5
[0m12:54:25.905863 [debug] [MainThread]: running dbt with arguments {'maximum_seed_size_mib': '1', 'no_print': 'None', 'version_check': 'True', 'warn_error_options': 'WarnErrorOptionsV2(error=[], warn=[], silence=[])', 'target_path': 'None', 'static_parser': 'True', 'printer_width': '80', 'write_json': 'True', 'empty': 'None', 'log_cache_events': 'False', 'introspect': 'True', 'cache_selected_only': 'False', 'fail_fast': 'False', 'debug': 'False', 'log_format': 'default', 'partial_parse': 'True', 'send_anonymous_usage_stats': 'True', 'quiet': 'False', 'warn_error': 'None', 'profiles_dir': 'D:\\Data-Engineering-Projects\\Walmart_Project\\data_project_dbt\\walmart_project', 'invocation_command': 'dbt debug', 'hints_enabled': 'True', 'use_colors': 'True', 'use_experimental_parser': 'False', 'indirect_selection': 'eager', 'log_path': 'D:\\Data-Engineering-Projects\\Walmart_Project\\data_project_dbt\\walmart_project\\logs'}
[0m12:54:26.000092 [info ] [MainThread]: dbt version: 1.12.5
[0m12:54:26.000092 [info ] [MainThread]: python version: 3.12.12
[0m12:54:26.001077 [info ] [MainThread]: python path: D:\Data-Engineering-Projects\Walmart_Project\data_project_dbt\.venv\Scripts\python.exe
[0m12:54:26.001077 [info ] [MainThread]: os info: Windows-11-10.0.26200-SP0
[0m12:54:27.485293 [debug] [MainThread]: Spark adapter: Setting pyhive.hive logging to ERROR
[0m12:54:27.485293 [debug] [MainThread]: Spark adapter: Setting thrift.transport logging to ERROR
[0m12:54:27.485293 [debug] [MainThread]: Spark adapter: Setting thrift.protocol logging to ERROR
[0m12:54:30.669962 [info ] [MainThread]: Using profiles dir at D:\Data-Engineering-Projects\Walmart_Project\data_project_dbt\walmart_project
[0m12:54:30.669962 [info ] [MainThread]: Using profiles.yml file at D:\Data-Engineering-Projects\Walmart_Project\data_project_dbt\walmart_project\profiles.yml
[0m12:54:30.669962 [info ] [MainThread]: Using dbt_project.yml file at D:\Data-Engineering-Projects\Walmart_Project\data_project_dbt\walmart_project\dbt_project.yml
[0m12:54:30.685825 [info ] [MainThread]: adapter type: databricks
[0m12:54:30.687833 [info ] [MainThread]: adapter version: 1.10.9
[0m12:54:30.789433 [info ] [MainThread]: Configuration:
[0m12:54:30.790432 [info ] [MainThread]:   profiles.yml file [[32mOK found and valid[0m]
[0m12:54:30.790432 [info ] [MainThread]:   dbt_project.yml file [[32mOK found and valid[0m]
[0m12:54:30.791430 [info ] [MainThread]: Required dependencies:
[0m12:54:30.791430 [debug] [MainThread]: Executing "git --help"
[0m12:54:30.924228 [debug] [MainThread]: STDOUT: "b"usage: git [-v | --version] [-h | --help] [-C <path>] [-c <name>=<value>]\n           [--exec-path[=<path>]] [--html-path] [--man-path] [--info-path]\n           [-p | --paginate | -P | --no-pager] [--no-replace-objects] [--no-lazy-fetch]\n           [--no-optional-locks] [--no-advice] [--bare] [--git-dir=<path>]\n           [--work-tree=<path>] [--namespace=<name>] [--config-env=<name>=<envvar>]\n           <command> [<args>]\n\nThese are common Git commands used in various situations:\n\nstart a working area (see also: git help tutorial)\n   clone      Clone a repository into a new directory\n   init       Create an empty Git repository or reinitialize an existing one\n\nwork on the current change (see also: git help everyday)\n   add        Add file contents to the index\n   mv         Move or rename a file, a directory, or a symlink\n   restore    Restore working tree files\n   rm         Remove files from the working tree and from the index\n\nexamine the history and state (see also: git help revisions)\n   bisect     Use binary search to find the commit that introduced a bug\n   diff       Show changes between commits, commit and working tree, etc\n   grep       Print lines matching a pattern\n   log        Show commit logs\n   show       Show various types of objects\n   status     Show the working tree status\n\ngrow, mark and tweak your common history\n   backfill   Download missing objects in a partial clone\n   branch     List, create, or delete branches\n   commit     Record changes to the repository\n   merge      Join two or more development histories together\n   rebase     Reapply commits on top of another base tip\n   reset      Reset current HEAD to the specified state\n   switch     Switch branches\n   tag        Create, list, delete or verify a tag object signed with GPG\n\ncollaborate (see also: git help workflows)\n   fetch      Download objects and refs from another repository\n   pull       Fetch from and integrate with another repository or a local branch\n   push       Update remote refs along with associated objects\n\n'git help -a' and 'git help -g' list available subcommands and some\nconcept guides. See 'git help <command>' or 'git help <concept>'\nto read about a specific subcommand or concept.\nSee 'git help git' for an overview of the system.\n""
[0m12:54:30.925229 [debug] [MainThread]: STDERR: "b''"
[0m12:54:30.925229 [info ] [MainThread]:  - git [[32mOK found[0m]

[0m12:54:30.926232 [info ] [MainThread]: Connection:
[0m12:54:30.926232 [info ] [MainThread]:   host: dbc-d63b24fa-ab2e.cloud.databricks.com
[0m12:54:30.927272 [info ] [MainThread]:   http_path: /sql/1.0/warehouses/fad6d64f1a7c7161
[0m12:54:30.927272 [info ] [MainThread]:   catalog: walmart
[0m12:54:30.928227 [info ] [MainThread]:   schema: dbt_schema
[0m12:54:30.928227 [info ] [MainThread]: Registered adapter: databricks=1.10.9
[0m12:54:31.489436 [debug] [MainThread]: Databricks adapter: DatabricksDBTConnection(session-id=None, name=debug) - Creating connection
[0m12:54:31.489436 [debug] [MainThread]: Acquiring new databricks connection 'debug'
[0m12:54:31.489436 [debug] [MainThread]: Using databricks connection "debug"
[0m12:54:31.489436 [debug] [MainThread]: On debug: select 1 as id
[0m12:54:31.490435 [debug] [MainThread]: Opening a new connection, currently in state init
[0m12:54:34.216817 [debug] [MainThread]: Databricks adapter: Connection(session-id=01f1b656-a823-1ceb-a833-7782eec3965b) - Created
[0m12:54:44.511500 [debug] [MainThread]: SQL status: OK in 13.020 seconds
[0m12:54:44.513591 [debug] [MainThread]: Databricks adapter: Cursor(session-id=01f1b656-a823-1ceb-a833-7782eec3965b, command-id=01f1b656-a901-1b5c-888a-5ab2353e68ff) - Closing
[0m12:54:44.878410 [debug] [MainThread]: On debug: Close
[0m12:54:44.878410 [debug] [MainThread]: Databricks adapter: Connection(session-id=01f1b656-a823-1ceb-a833-7782eec3965b) - Closing
[0m12:54:45.178621 [info ] [MainThread]:   Connection test: [[32mOK connection ok[0m]

[0m12:54:45.179604 [info ] [MainThread]: [32mAll checks passed![0m
[0m12:54:45.189228 [debug] [MainThread]: Command `dbt debug` succeeded at 12:54:45.188178 after 19.58 seconds
[0m12:54:45.190023 [debug] [MainThread]: Sending event: {'category': 'dbt', 'action': 'invocation', 'label': 'end', 'context': [<snowplow_tracker.self_describing_json.SelfDescribingJson object at 0x0000027D3CA31580>, <snowplow_tracker.self_describing_json.SelfDescribingJson object at 0x0000027D3EBE7C50>, <snowplow_tracker.self_describing_json.SelfDescribingJson object at 0x0000027D3D000440>]}
[0m12:54:45.191266 [debug] [MainThread]: Flushing usage events
[0m12:54:46.207142 [debug] [MainThread]: An error was encountered while trying to flush usage events
[0m13:09:30.503907 [debug] [MainThread]: Sending event: {'category': 'dbt', 'action': 'invocation', 'label': 'start', 'context': [<snowplow_tracker.self_describing_json.SelfDescribingJson object at 0x000001B19D2FA540>, <snowplow_tracker.self_describing_json.SelfDescribingJson object at 0x000001B19BE82330>, <snowplow_tracker.self_describing_json.SelfDescribingJson object at 0x000001B1A0CA8E30>]}


============================== 13:09:30.503907 | 40c369d0-5db5-4499-bf89-1f820b49b8c3 ==============================
[0m13:09:30.503907 [info ] [MainThread]: Running with dbt=1.12.5
[0m13:09:30.503907 [debug] [MainThread]: running dbt with arguments {'maximum_seed_size_mib': '1', 'no_print': 'None', 'static_parser': 'True', 'warn_error_options': 'WarnErrorOptionsV2(error=[], warn=[], silence=[])', 'version_check': 'True', 'target_path': 'None', 'printer_width': '80', 'write_json': 'True', 'empty': 'False', 'log_cache_events': 'False', 'introspect': 'True', 'cache_selected_only': 'False', 'log_format': 'default', 'debug': 'False', 'fail_fast': 'False', 'partial_parse': 'True', 'send_anonymous_usage_stats': 'True', 'quiet': 'False', 'warn_error': 'None', 'profiles_dir': 'D:\\Data-Engineering-Projects\\Walmart_Project\\data_project_dbt\\walmart_project', 'use_colors': 'True', 'hints_enabled': 'True', 'indirect_selection': 'eager', 'use_experimental_parser': 'False', 'invocation_command': 'dbt run', 'log_path': 'D:\\Data-Engineering-Projects\\Walmart_Project\\data_project_dbt\\walmart_project\\logs'}
[0m13:09:31.282079 [debug] [MainThread]: Spark adapter: Setting pyhive.hive logging to ERROR
[0m13:09:31.282079 [debug] [MainThread]: Spark adapter: Setting thrift.transport logging to ERROR
[0m13:09:31.282079 [debug] [MainThread]: Spark adapter: Setting thrift.protocol logging to ERROR
[0m13:09:32.189926 [debug] [MainThread]: Sending event: {'category': 'dbt', 'action': 'project_id', 'label': '40c369d0-5db5-4499-bf89-1f820b49b8c3', 'context': [<snowplow_tracker.self_describing_json.SelfDescribingJson object at 0x000001B1AAD7BB00>]}
[0m13:09:32.237293 [debug] [MainThread]: Sending event: {'category': 'dbt', 'action': 'adapter_info', 'label': '40c369d0-5db5-4499-bf89-1f820b49b8c3', 'context': [<snowplow_tracker.self_describing_json.SelfDescribingJson object at 0x000001B1AA91CBC0>]}
[0m13:09:32.237293 [info ] [MainThread]: Registered adapter: databricks=1.10.9
[0m13:09:32.531130 [debug] [MainThread]: checksum: c6692066af086a4208ee6a2d343b9da3ce9763b98f9383873b954800d1e1f71c, vars: {}, profile: walmart_project, target: dev, version: 1.12.5
[0m13:09:33.708040 [debug] [MainThread]: Partial parsing enabled: 0 files deleted, 0 files added, 0 files changed.
[0m13:09:33.708040 [debug] [MainThread]: Nothing changed, skipping partial parsing.
[0m13:09:33.708040 [debug] [MainThread]: Partial parsing enabled, no changes found, skipping parsing
[0m13:09:33.723209 [debug] [MainThread]: Sending event: {'category': 'dbt', 'action': 'load_project', 'label': '40c369d0-5db5-4499-bf89-1f820b49b8c3', 'context': [<snowplow_tracker.self_describing_json.SelfDescribingJson object at 0x000001B19C93F5C0>]}
[0m13:09:33.939984 [debug] [MainThread]: Wrote artifact WritableManifest to D:\Data-Engineering-Projects\Walmart_Project\data_project_dbt\walmart_project\target\manifest.json
[0m13:09:34.024042 [debug] [MainThread]: Wrote artifact SemanticManifest to D:\Data-Engineering-Projects\Walmart_Project\data_project_dbt\walmart_project\target\semantic_manifest.json
[0m13:09:34.677241 [debug] [MainThread]: Wrote artifact OsiDocument to D:\Data-Engineering-Projects\Walmart_Project\data_project_dbt\walmart_project\target\osi_document.json
[0m13:09:34.827715 [debug] [MainThread]: Sending event: {'category': 'dbt', 'action': 'resource_counts', 'label': '40c369d0-5db5-4499-bf89-1f820b49b8c3', 'context': [<snowplow_tracker.self_describing_json.SelfDescribingJson object at 0x000001B1AB223C50>]}
[0m13:09:34.827715 [info ] [MainThread]: Found 1 analysis, 1 model, 6 sources, 726 macros
[0m13:09:34.827715 [debug] [MainThread]: Sending event: {'category': 'dbt', 'action': 'runnable_timing', 'label': '40c369d0-5db5-4499-bf89-1f820b49b8c3', 'context': [<snowplow_tracker.self_describing_json.SelfDescribingJson object at 0x000001B1AC685F40>]}
[0m13:09:34.832387 [info ] [MainThread]: 
[0m13:09:34.832387 [info ] [MainThread]: Concurrency: 1 threads (target='dev')
[0m13:09:34.832387 [info ] [MainThread]: 
[0m13:09:34.834394 [debug] [MainThread]: Databricks adapter: DatabricksDBTConnection(session-id=None, name=master) - Creating connection
[0m13:09:34.834394 [debug] [MainThread]: Acquiring new databricks connection 'master'
[0m13:09:34.835966 [debug] [ThreadPool]: Databricks adapter: DatabricksDBTConnection(session-id=None, name=list_walmart) - Creating connection
[0m13:09:34.835966 [debug] [ThreadPool]: Acquiring new databricks connection 'list_walmart'
[0m13:09:34.835966 [debug] [ThreadPool]: Using databricks connection "list_walmart"
[0m13:09:34.835966 [debug] [ThreadPool]: On list_walmart: GetSchemas(database=walmart, schema=None)
[0m13:09:34.835966 [debug] [ThreadPool]: Opening a new connection, currently in state init
[0m13:09:37.837183 [debug] [ThreadPool]: Databricks adapter: Connection(session-id=01f1b658-c270-177b-ad0c-fb827445d7c1) - Created
[0m13:10:40.032523 [debug] [ThreadPool]: SQL status: OK in 65.200 seconds
[0m13:10:40.032523 [debug] [ThreadPool]: Databricks adapter: Cursor(session-id=01f1b658-c270-177b-ad0c-fb827445d7c1, command-id=01f1b658-e789-1203-b704-cd2f6ba3e651) - Closing
[0m13:10:40.032523 [debug] [ThreadPool]: On list_walmart: Close
[0m13:10:40.032523 [debug] [ThreadPool]: Databricks adapter: Connection(session-id=01f1b658-c270-177b-ad0c-fb827445d7c1) - Closing
[0m13:10:40.348217 [debug] [ThreadPool]: Databricks adapter: DatabricksDBTConnection(session-id=None, name=create_walmart_dbt_schema) - Creating connection
[0m13:10:40.348217 [debug] [ThreadPool]: Acquiring new databricks connection 'create_walmart_dbt_schema'
[0m13:10:40.362301 [debug] [ThreadPool]: Creating schema "database: "walmart"
schema: "dbt_schema"
"
[0m13:10:40.362301 [debug] [ThreadPool]: Using databricks connection "create_walmart_dbt_schema"
[0m13:10:40.362301 [debug] [ThreadPool]: On create_walmart_dbt_schema: /* {"app": "dbt", "dbt_version": "1.12.5", "dbt_databricks_version": "1.10.9", "databricks_sql_connector_version": "4.5.0", "profile_name": "walmart_project", "target_name": "dev", "connection_name": "create_walmart_dbt_schema"} */
create schema if not exists `walmart`.`dbt_schema`
  
[0m13:10:40.362301 [debug] [ThreadPool]: Opening a new connection, currently in state init
[0m13:10:41.457804 [debug] [ThreadPool]: Databricks adapter: Connection(session-id=01f1b658-e957-1d0f-be92-04f45076f901) - Created
[0m13:10:43.253294 [debug] [ThreadPool]: SQL status: OK in 2.890 seconds
[0m13:10:43.253294 [debug] [ThreadPool]: Databricks adapter: Cursor(session-id=01f1b658-e957-1d0f-be92-04f45076f901, command-id=01f1b658-e987-1243-b93f-1e0daf8fb0b8) - Closing
[0m13:10:43.255301 [debug] [ThreadPool]: On create_walmart_dbt_schema: Close
[0m13:10:43.255301 [debug] [ThreadPool]: Databricks adapter: Connection(session-id=01f1b658-e957-1d0f-be92-04f45076f901) - Closing
[0m13:10:43.567087 [debug] [ThreadPool]: Databricks adapter: DatabricksDBTConnection(session-id=None, name=list_walmart_dbt_schema) - Creating connection
[0m13:10:43.567087 [debug] [ThreadPool]: Acquiring new databricks connection 'list_walmart_dbt_schema'
[0m13:10:43.579901 [debug] [ThreadPool]: Using databricks connection "list_walmart_dbt_schema"
[0m13:10:43.579901 [debug] [ThreadPool]: On list_walmart_dbt_schema: /* {"app": "dbt", "dbt_version": "1.12.5", "dbt_databricks_version": "1.10.9", "databricks_sql_connector_version": "4.5.0", "profile_name": "walmart_project", "target_name": "dev", "connection_name": "list_walmart_dbt_schema"} */

    
SELECT
  table_name,
  if(table_type IN ('EXTERNAL', 'MANAGED', 'MANAGED_SHALLOW_CLONE', 'EXTERNAL_SHALLOW_CLONE'), 'table', lower(table_type)) AS table_type,
  lower(data_source_format) AS file_format,
  table_owner,
  if(
    table_type IN (
      'EXTERNAL',
      'MANAGED',
      'MANAGED_SHALLOW_CLONE',
      'EXTERNAL_SHALLOW_CLONE'
    ),
    lower(table_type),
    NULL
  ) AS databricks_table_type
FROM `system`.`information_schema`.`tables`
WHERE table_catalog = 'walmart' 
  AND table_schema = 'dbt_schema'

  
[0m13:10:43.579901 [debug] [ThreadPool]: Opening a new connection, currently in state init
[0m13:10:44.652150 [debug] [ThreadPool]: Databricks adapter: Connection(session-id=01f1b658-eb3f-198e-87ef-c91ee1232c50) - Created
[0m13:10:46.400425 [debug] [ThreadPool]: SQL status: OK in 2.820 seconds
[0m13:10:47.135348 [debug] [ThreadPool]: Databricks adapter: Cursor(session-id=01f1b658-eb3f-198e-87ef-c91ee1232c50, command-id=01f1b658-eb6f-132a-99b6-64b5db6e234f) - Closing
[0m13:10:47.135348 [debug] [ThreadPool]: On list_walmart_dbt_schema: Close
[0m13:10:47.135348 [debug] [ThreadPool]: Databricks adapter: Connection(session-id=01f1b658-eb3f-198e-87ef-c91ee1232c50) - Closing
[0m13:10:47.762108 [debug] [MainThread]: Sending event: {'category': 'dbt', 'action': 'runnable_timing', 'label': '40c369d0-5db5-4499-bf89-1f820b49b8c3', 'context': [<snowplow_tracker.self_describing_json.SelfDescribingJson object at 0x000001B19F2E83E0>]}
[0m13:10:47.778164 [debug] [Thread-4 (]: Began running node model.walmart_project.orders_t
[0m13:10:47.778164 [info ] [Thread-4 (]: 1 of 1 START sql incremental model dbt_schema.orders_t ......................... [RUN]
[0m13:10:47.778164 [debug] [Thread-4 (]: Databricks adapter: DatabricksDBTConnection(session-id=None, name=model.walmart_project.orders_t) - Creating connection
[0m13:10:47.780172 [debug] [Thread-4 (]: Acquiring new databricks connection 'model.walmart_project.orders_t'
[0m13:10:47.780172 [debug] [Thread-4 (]: Began compiling node model.walmart_project.orders_t
[0m13:10:47.780172 [debug] [Thread-4 (]: Writing injected SQL for node "model.walmart_project.orders_t"
[0m13:10:47.790861 [debug] [Thread-4 (]: Began executing node model.walmart_project.orders_t
[0m13:10:47.811655 [debug] [Thread-4 (]: MATERIALIZING INCREMENTAL
[0m13:10:47.837612 [warn ] [Thread-4 (]: [[33mWARNING[0m]: Use revamped materializations based on separating create and insert.  This allows more performant column comments, as well as new column features.
You may opt into the new behavior sooner by setting `flags.use_materialization_v2` to `True` in `dbt_project.yml`.
Visit https://docs.getdbt.com/reference/global-configs/behavior-changes for more information.
[0m13:10:47.841644 [debug] [Thread-4 (]: Sending event: {'category': 'dbt', 'action': 'BehaviorChangeEvent', 'label': '40c369d0-5db5-4499-bf89-1f820b49b8c3', 'context': [<snowplow_tracker.self_describing_json.SelfDescribingJson object at 0x000001B1A0CCF980>]}
[0m13:10:47.874693 [debug] [Thread-4 (]: Writing runtime sql for node "model.walmart_project.orders_t"
[0m13:10:47.889441 [debug] [Thread-4 (]: Using databricks connection "model.walmart_project.orders_t"
[0m13:10:47.889441 [debug] [Thread-4 (]: On model.walmart_project.orders_t: /* {"app": "dbt", "dbt_version": "1.12.5", "dbt_databricks_version": "1.10.9", "databricks_sql_connector_version": "4.5.0", "profile_name": "walmart_project", "target_name": "dev", "node_id": "model.walmart_project.orders_t"} */

  
    
        create or replace table `walmart`.`dbt_schema`.`orders_t`
      
      
  using delta
      
      
      
      
      
      
      
      as
      SELECT 
    *,
    current_timestamp() AS processed_at
FROM 
    `walmart`.`bronze`.`orders`
  
[0m13:10:47.889441 [debug] [Thread-4 (]: Opening a new connection, currently in state init
[0m13:10:48.978455 [debug] [Thread-4 (]: Databricks adapter: Connection(session-id=01f1b658-edd5-1378-bb84-8bdace3ccdcc) - Created
[0m13:11:03.424178 [debug] [Thread-4 (]: SQL status: OK in 15.530 seconds
[0m13:11:03.426196 [debug] [Thread-4 (]: Databricks adapter: Cursor(session-id=01f1b658-edd5-1378-bb84-8bdace3ccdcc, command-id=01f1b658-ee03-1fa0-afcd-88df28359d08) - Closing
[0m13:11:03.779622 [debug] [Thread-4 (]: Applying tags to relation None
[0m13:11:03.797411 [debug] [Thread-4 (]: On model.walmart_project.orders_t: Close
[0m13:11:03.797411 [debug] [Thread-4 (]: Databricks adapter: Connection(session-id=01f1b658-edd5-1378-bb84-8bdace3ccdcc) - Closing
[0m13:11:04.622400 [debug] [Thread-4 (]: Sending event: {'category': 'dbt', 'action': 'run_model', 'label': '40c369d0-5db5-4499-bf89-1f820b49b8c3', 'context': [<snowplow_tracker.self_describing_json.SelfDescribingJson object at 0x000001B19C86F140>]}
[0m13:11:04.622400 [info ] [Thread-4 (]: 1 of 1 OK created sql incremental model dbt_schema.orders_t .................... [[32mOK[0m in 16.83s]
[0m13:11:04.630956 [debug] [Thread-4 (]: Finished running node model.walmart_project.orders_t
[0m13:11:04.630956 [debug] [MainThread]: Databricks adapter: DatabricksDBTConnection(session-id=None, name=master) - Creating connection
[0m13:11:04.630956 [debug] [MainThread]: Acquiring new databricks connection 'master'
[0m13:11:04.630956 [info ] [MainThread]: 
[0m13:11:04.630956 [info ] [MainThread]: Finished running 1 incremental model in 0 hours 1 minutes and 29.80 seconds (89.80s).
[0m13:11:04.630956 [debug] [MainThread]: Command end result
[0m13:11:04.671479 [debug] [MainThread]: Wrote artifact WritableManifest to D:\Data-Engineering-Projects\Walmart_Project\data_project_dbt\walmart_project\target\manifest.json
[0m13:11:04.671479 [debug] [MainThread]: Wrote artifact SemanticManifest to D:\Data-Engineering-Projects\Walmart_Project\data_project_dbt\walmart_project\target\semantic_manifest.json
[0m13:11:04.678214 [debug] [MainThread]: Wrote artifact OsiDocument to D:\Data-Engineering-Projects\Walmart_Project\data_project_dbt\walmart_project\target\osi_document.json
[0m13:11:04.685535 [debug] [MainThread]: Wrote artifact RunExecutionResult to D:\Data-Engineering-Projects\Walmart_Project\data_project_dbt\walmart_project\target\run_results.json
[0m13:11:04.687897 [info ] [MainThread]: 
[0m13:11:04.688964 [info ] [MainThread]: [32mCompleted successfully[0m
[0m13:11:04.688964 [info ] [MainThread]: 
[0m13:11:04.690123 [info ] [MainThread]: Done. PASS=1 WARN=0 ERROR=0 SKIP=0 NO-OP=0 REUSED=0 TOTAL=1
[0m13:11:04.690702 [debug] [MainThread]: Command `dbt run` succeeded at 13:11:04.690702 after 94.35 seconds
[0m13:11:04.690702 [debug] [MainThread]: Sending event: {'category': 'dbt', 'action': 'invocation', 'label': 'end', 'context': [<snowplow_tracker.self_describing_json.SelfDescribingJson object at 0x000001B1A0C84AA0>, <snowplow_tracker.self_describing_json.SelfDescribingJson object at 0x000001B1A2821130>, <snowplow_tracker.self_describing_json.SelfDescribingJson object at 0x000001B1A0E25280>]}
[0m13:11:04.690702 [debug] [MainThread]: Flushing usage events
[0m13:11:05.644142 [debug] [MainThread]: An error was encountered while trying to flush usage events
[0m13:20:36.136039 [debug] [MainThread]: Sending event: {'category': 'dbt', 'action': 'invocation', 'label': 'start', 'context': [<snowplow_tracker.self_describing_json.SelfDescribingJson object at 0x00000283ED1D38C0>, <snowplow_tracker.self_describing_json.SelfDescribingJson object at 0x00000283EB55AED0>, <snowplow_tracker.self_describing_json.SelfDescribingJson object at 0x00000283ED1D2A50>]}


============================== 13:20:36.138744 | 12d98e63-5106-42f1-90bf-ebd07e1b9df8 ==============================
[0m13:20:36.138744 [info ] [MainThread]: Running with dbt=1.12.5
[0m13:20:36.138744 [debug] [MainThread]: running dbt with arguments {'version_check': 'True', 'no_print': 'None', 'static_parser': 'True', 'target_path': 'None', 'maximum_seed_size_mib': '1', 'warn_error_options': 'WarnErrorOptionsV2(error=[], warn=[], silence=[])', 'printer_width': '80', 'write_json': 'True', 'empty': 'False', 'log_cache_events': 'False', 'introspect': 'True', 'cache_selected_only': 'False', 'log_format': 'default', 'debug': 'False', 'fail_fast': 'False', 'partial_parse': 'True', 'send_anonymous_usage_stats': 'True', 'quiet': 'False', 'warn_error': 'None', 'profiles_dir': 'D:\\Data-Engineering-Projects\\Walmart_Project\\data_project_dbt\\walmart_project', 'use_colors': 'True', 'hints_enabled': 'True', 'indirect_selection': 'eager', 'use_experimental_parser': 'False', 'invocation_command': 'dbt run', 'log_path': 'D:\\Data-Engineering-Projects\\Walmart_Project\\data_project_dbt\\walmart_project\\logs'}
[0m13:20:36.909152 [debug] [MainThread]: Spark adapter: Setting pyhive.hive logging to ERROR
[0m13:20:36.909152 [debug] [MainThread]: Spark adapter: Setting thrift.transport logging to ERROR
[0m13:20:36.911161 [debug] [MainThread]: Spark adapter: Setting thrift.protocol logging to ERROR
[0m13:20:37.563368 [debug] [MainThread]: Sending event: {'category': 'dbt', 'action': 'project_id', 'label': '12d98e63-5106-42f1-90bf-ebd07e1b9df8', 'context': [<snowplow_tracker.self_describing_json.SelfDescribingJson object at 0x00000283EAEE9B20>]}
[0m13:20:37.622811 [debug] [MainThread]: Sending event: {'category': 'dbt', 'action': 'adapter_info', 'label': '12d98e63-5106-42f1-90bf-ebd07e1b9df8', 'context': [<snowplow_tracker.self_describing_json.SelfDescribingJson object at 0x00000283F6CF0AD0>]}
[0m13:20:37.624817 [info ] [MainThread]: Registered adapter: databricks=1.10.9
[0m13:20:37.863819 [debug] [MainThread]: checksum: c6692066af086a4208ee6a2d343b9da3ce9763b98f9383873b954800d1e1f71c, vars: {}, profile: walmart_project, target: dev, version: 1.12.5
[0m13:20:37.991464 [debug] [MainThread]: Partial parsing enabled: 0 files deleted, 0 files added, 0 files changed.
[0m13:20:37.991464 [debug] [MainThread]: Nothing changed, skipping partial parsing.
[0m13:20:37.991464 [debug] [MainThread]: Partial parsing enabled, no changes found, skipping parsing
[0m13:20:38.007283 [debug] [MainThread]: Sending event: {'category': 'dbt', 'action': 'load_project', 'label': '12d98e63-5106-42f1-90bf-ebd07e1b9df8', 'context': [<snowplow_tracker.self_describing_json.SelfDescribingJson object at 0x00000283F70CBA70>]}
[0m13:20:38.219902 [debug] [MainThread]: Wrote artifact WritableManifest to D:\Data-Engineering-Projects\Walmart_Project\data_project_dbt\walmart_project\target\manifest.json
[0m13:20:38.226958 [debug] [MainThread]: Wrote artifact SemanticManifest to D:\Data-Engineering-Projects\Walmart_Project\data_project_dbt\walmart_project\target\semantic_manifest.json
[0m13:20:38.254918 [debug] [MainThread]: Wrote artifact OsiDocument to D:\Data-Engineering-Projects\Walmart_Project\data_project_dbt\walmart_project\target\osi_document.json
[0m13:20:38.267197 [debug] [MainThread]: Sending event: {'category': 'dbt', 'action': 'resource_counts', 'label': '12d98e63-5106-42f1-90bf-ebd07e1b9df8', 'context': [<snowplow_tracker.self_describing_json.SelfDescribingJson object at 0x00000283F759E840>]}
[0m13:20:38.267197 [info ] [MainThread]: Found 1 model, 1 analysis, 6 sources, 727 macros
[0m13:20:38.267197 [debug] [MainThread]: Sending event: {'category': 'dbt', 'action': 'runnable_timing', 'label': '12d98e63-5106-42f1-90bf-ebd07e1b9df8', 'context': [<snowplow_tracker.self_describing_json.SelfDescribingJson object at 0x00000283F8A30DA0>]}
[0m13:20:38.267197 [info ] [MainThread]: 
[0m13:20:38.267197 [info ] [MainThread]: Concurrency: 1 threads (target='dev')
[0m13:20:38.267197 [info ] [MainThread]: 
[0m13:20:38.267197 [debug] [MainThread]: Databricks adapter: DatabricksDBTConnection(session-id=None, name=master) - Creating connection
[0m13:20:38.267197 [debug] [MainThread]: Acquiring new databricks connection 'master'
[0m13:20:38.267197 [debug] [ThreadPool]: Databricks adapter: DatabricksDBTConnection(session-id=None, name=list_walmart) - Creating connection
[0m13:20:38.267197 [debug] [ThreadPool]: Acquiring new databricks connection 'list_walmart'
[0m13:20:38.267197 [debug] [ThreadPool]: Using databricks connection "list_walmart"
[0m13:20:38.267197 [debug] [ThreadPool]: On list_walmart: GetSchemas(database=walmart, schema=None)
[0m13:20:38.267197 [debug] [ThreadPool]: Opening a new connection, currently in state init
[0m13:20:41.343004 [debug] [ThreadPool]: Databricks adapter: Connection(session-id=01f1b65a-4ddc-1e2c-886e-2db1733dd0b2) - Created
[0m13:20:41.882660 [debug] [ThreadPool]: SQL status: OK in 3.620 seconds
[0m13:20:41.882660 [debug] [ThreadPool]: Databricks adapter: Cursor(session-id=01f1b65a-4ddc-1e2c-886e-2db1733dd0b2, command-id=01f1b65a-4f16-1063-adaf-d5a073abf401) - Closing
[0m13:20:41.882660 [debug] [ThreadPool]: On list_walmart: Close
[0m13:20:41.882660 [debug] [ThreadPool]: Databricks adapter: Connection(session-id=01f1b65a-4ddc-1e2c-886e-2db1733dd0b2) - Closing
[0m13:20:42.193280 [debug] [ThreadPool]: Databricks adapter: DatabricksDBTConnection(session-id=None, name=create_walmart_silver_t) - Creating connection
[0m13:20:42.193280 [debug] [ThreadPool]: Acquiring new databricks connection 'create_walmart_silver_t'
[0m13:20:42.193280 [debug] [ThreadPool]: Creating schema "database: "walmart"
schema: "silver_t"
"
[0m13:20:42.201728 [debug] [ThreadPool]: Using databricks connection "create_walmart_silver_t"
[0m13:20:42.201728 [debug] [ThreadPool]: On create_walmart_silver_t: /* {"app": "dbt", "dbt_version": "1.12.5", "dbt_databricks_version": "1.10.9", "databricks_sql_connector_version": "4.5.0", "profile_name": "walmart_project", "target_name": "dev", "connection_name": "create_walmart_silver_t"} */
create schema if not exists `walmart`.`silver_t`
  
[0m13:20:42.201728 [debug] [ThreadPool]: Opening a new connection, currently in state init
[0m13:20:44.088471 [debug] [ThreadPool]: Databricks adapter: Connection(session-id=01f1b65a-5088-1d1d-9a0f-4ce63e97e1c2) - Created
[0m13:20:44.819224 [debug] [ThreadPool]: SQL status: OK in 2.620 seconds
[0m13:20:44.819224 [debug] [ThreadPool]: Databricks adapter: Cursor(session-id=01f1b65a-5088-1d1d-9a0f-4ce63e97e1c2, command-id=01f1b65a-50b9-1f3c-a628-99562ab209df) - Closing
[0m13:20:44.819224 [debug] [ThreadPool]: On create_walmart_silver_t: Close
[0m13:20:44.819224 [debug] [ThreadPool]: Databricks adapter: Connection(session-id=01f1b65a-5088-1d1d-9a0f-4ce63e97e1c2) - Closing
[0m13:20:45.139227 [debug] [ThreadPool]: Databricks adapter: DatabricksDBTConnection(session-id=None, name=list_walmart_silver_t) - Creating connection
[0m13:20:45.139227 [debug] [ThreadPool]: Acquiring new databricks connection 'list_walmart_silver_t'
[0m13:20:45.146799 [debug] [ThreadPool]: Using databricks connection "list_walmart_silver_t"
[0m13:20:45.146799 [debug] [ThreadPool]: On list_walmart_silver_t: /* {"app": "dbt", "dbt_version": "1.12.5", "dbt_databricks_version": "1.10.9", "databricks_sql_connector_version": "4.5.0", "profile_name": "walmart_project", "target_name": "dev", "connection_name": "list_walmart_silver_t"} */

    
SELECT
  table_name,
  if(table_type IN ('EXTERNAL', 'MANAGED', 'MANAGED_SHALLOW_CLONE', 'EXTERNAL_SHALLOW_CLONE'), 'table', lower(table_type)) AS table_type,
  lower(data_source_format) AS file_format,
  table_owner,
  if(
    table_type IN (
      'EXTERNAL',
      'MANAGED',
      'MANAGED_SHALLOW_CLONE',
      'EXTERNAL_SHALLOW_CLONE'
    ),
    lower(table_type),
    NULL
  ) AS databricks_table_type
FROM `system`.`information_schema`.`tables`
WHERE table_catalog = 'walmart' 
  AND table_schema = 'silver_t'

  
[0m13:20:45.146799 [debug] [ThreadPool]: Opening a new connection, currently in state init
[0m13:20:46.987806 [debug] [ThreadPool]: Databricks adapter: Connection(session-id=01f1b65a-5242-1f47-90e3-15a514db69ed) - Created
[0m13:20:47.722693 [debug] [ThreadPool]: SQL status: OK in 2.580 seconds
[0m13:20:47.741814 [debug] [ThreadPool]: Databricks adapter: Cursor(session-id=01f1b65a-5242-1f47-90e3-15a514db69ed, command-id=01f1b65a-5273-15c1-bb59-ba3e482a4990) - Closing
[0m13:20:47.741814 [debug] [ThreadPool]: On list_walmart_silver_t: Close
[0m13:20:47.741814 [debug] [ThreadPool]: Databricks adapter: Connection(session-id=01f1b65a-5242-1f47-90e3-15a514db69ed) - Closing
[0m13:20:48.046785 [debug] [MainThread]: Sending event: {'category': 'dbt', 'action': 'runnable_timing', 'label': '12d98e63-5106-42f1-90bf-ebd07e1b9df8', 'context': [<snowplow_tracker.self_describing_json.SelfDescribingJson object at 0x00000283F74868A0>]}
[0m13:20:48.046785 [debug] [Thread-4 (]: Began running node model.walmart_project.orders_t
[0m13:20:48.046785 [info ] [Thread-4 (]: 1 of 1 START sql incremental model silver_t.orders_t ........................... [RUN]
[0m13:20:48.046785 [debug] [Thread-4 (]: Databricks adapter: DatabricksDBTConnection(session-id=None, name=model.walmart_project.orders_t) - Creating connection
[0m13:20:48.046785 [debug] [Thread-4 (]: Acquiring new databricks connection 'model.walmart_project.orders_t'
[0m13:20:48.046785 [debug] [Thread-4 (]: Began compiling node model.walmart_project.orders_t
[0m13:20:48.062898 [debug] [Thread-4 (]: Writing injected SQL for node "model.walmart_project.orders_t"
[0m13:20:48.062898 [debug] [Thread-4 (]: Began executing node model.walmart_project.orders_t
[0m13:20:48.094648 [debug] [Thread-4 (]: MATERIALIZING INCREMENTAL
[0m13:20:48.110334 [warn ] [Thread-4 (]: [[33mWARNING[0m]: Use revamped materializations based on separating create and insert.  This allows more performant column comments, as well as new column features.
You may opt into the new behavior sooner by setting `flags.use_materialization_v2` to `True` in `dbt_project.yml`.
Visit https://docs.getdbt.com/reference/global-configs/behavior-changes for more information.
[0m13:20:48.110334 [debug] [Thread-4 (]: Sending event: {'category': 'dbt', 'action': 'BehaviorChangeEvent', 'label': '12d98e63-5106-42f1-90bf-ebd07e1b9df8', 'context': [<snowplow_tracker.self_describing_json.SelfDescribingJson object at 0x00000283EBB3A4B0>]}
[0m13:20:48.161358 [debug] [Thread-4 (]: Writing runtime sql for node "model.walmart_project.orders_t"
[0m13:20:48.161358 [debug] [Thread-4 (]: Using databricks connection "model.walmart_project.orders_t"
[0m13:20:48.161358 [debug] [Thread-4 (]: On model.walmart_project.orders_t: /* {"app": "dbt", "dbt_version": "1.12.5", "dbt_databricks_version": "1.10.9", "databricks_sql_connector_version": "4.5.0", "profile_name": "walmart_project", "target_name": "dev", "node_id": "model.walmart_project.orders_t"} */

  
    
        create or replace table `walmart`.`silver_t`.`orders_t`
      
      
  using delta
      
      
      
      
      
      
      
      as
      SELECT 
    *,
    current_timestamp() AS processed_at
FROM 
    `walmart`.`bronze`.`orders`
  
[0m13:20:48.161358 [debug] [Thread-4 (]: Opening a new connection, currently in state init
[0m13:20:49.213380 [debug] [Thread-4 (]: Databricks adapter: Connection(session-id=01f1b65a-5397-1fab-8f2e-b3d382f4554c) - Created
[0m13:20:53.252970 [debug] [Thread-4 (]: SQL status: OK in 5.090 seconds
[0m13:20:53.252970 [debug] [Thread-4 (]: Databricks adapter: Cursor(session-id=01f1b65a-5397-1fab-8f2e-b3d382f4554c, command-id=01f1b65a-53c6-1548-9b74-5b160d505fcd) - Closing
[0m13:20:53.264852 [debug] [Thread-4 (]: Applying tags to relation None
[0m13:20:53.280898 [debug] [Thread-4 (]: On model.walmart_project.orders_t: Close
[0m13:20:53.280898 [debug] [Thread-4 (]: Databricks adapter: Connection(session-id=01f1b65a-5397-1fab-8f2e-b3d382f4554c) - Closing
[0m13:20:53.572783 [debug] [Thread-4 (]: Sending event: {'category': 'dbt', 'action': 'run_model', 'label': '12d98e63-5106-42f1-90bf-ebd07e1b9df8', 'context': [<snowplow_tracker.self_describing_json.SelfDescribingJson object at 0x00000283EAE98C80>]}
[0m13:20:53.572783 [info ] [Thread-4 (]: 1 of 1 OK created sql incremental model silver_t.orders_t ...................... [[32mOK[0m in 5.53s]
[0m13:20:53.572783 [debug] [Thread-4 (]: Finished running node model.walmart_project.orders_t
[0m13:20:53.572783 [debug] [MainThread]: Databricks adapter: DatabricksDBTConnection(session-id=None, name=master) - Creating connection
[0m13:20:53.572783 [debug] [MainThread]: Acquiring new databricks connection 'master'
[0m13:20:53.572783 [info ] [MainThread]: 
[0m13:20:53.581924 [info ] [MainThread]: Finished running 1 incremental model in 0 hours 0 minutes and 15.31 seconds (15.31s).
[0m13:20:53.581924 [debug] [MainThread]: Command end result
[0m13:20:53.613113 [debug] [MainThread]: Wrote artifact WritableManifest to D:\Data-Engineering-Projects\Walmart_Project\data_project_dbt\walmart_project\target\manifest.json
[0m13:20:53.724740 [debug] [MainThread]: Wrote artifact SemanticManifest to D:\Data-Engineering-Projects\Walmart_Project\data_project_dbt\walmart_project\target\semantic_manifest.json
[0m13:20:53.744563 [debug] [MainThread]: Wrote artifact OsiDocument to D:\Data-Engineering-Projects\Walmart_Project\data_project_dbt\walmart_project\target\osi_document.json
[0m13:20:53.751067 [debug] [MainThread]: Wrote artifact RunExecutionResult to D:\Data-Engineering-Projects\Walmart_Project\data_project_dbt\walmart_project\target\run_results.json
[0m13:20:53.751067 [info ] [MainThread]: 
[0m13:20:53.753597 [info ] [MainThread]: [32mCompleted successfully[0m
[0m13:20:53.753597 [info ] [MainThread]: 
[0m13:20:53.753597 [info ] [MainThread]: Done. PASS=1 WARN=0 ERROR=0 SKIP=0 NO-OP=0 REUSED=0 TOTAL=1
[0m13:20:53.755557 [debug] [MainThread]: Command `dbt run` succeeded at 13:20:53.755557 after 17.86 seconds
[0m13:20:53.756563 [debug] [MainThread]: Sending event: {'category': 'dbt', 'action': 'invocation', 'label': 'end', 'context': [<snowplow_tracker.self_describing_json.SelfDescribingJson object at 0x00000283EB3632C0>, <snowplow_tracker.self_describing_json.SelfDescribingJson object at 0x00000283EB4DA810>, <snowplow_tracker.self_describing_json.SelfDescribingJson object at 0x00000283EB4DA000>]}
[0m13:20:53.756563 [debug] [MainThread]: Flushing usage events
[0m13:20:54.699787 [debug] [MainThread]: An error was encountered while trying to flush usage events
[0m13:42:17.491266 [debug] [MainThread]: Sending event: {'category': 'dbt', 'action': 'invocation', 'label': 'start', 'context': [<snowplow_tracker.self_describing_json.SelfDescribingJson object at 0x0000014E111B3080>, <snowplow_tracker.self_describing_json.SelfDescribingJson object at 0x0000014E138DB440>, <snowplow_tracker.self_describing_json.SelfDescribingJson object at 0x0000014E138D9DC0>]}


============================== 13:42:17.494266 | be69e482-1fc6-4c31-a417-e41bb3817bee ==============================
[0m13:42:17.494266 [info ] [MainThread]: Running with dbt=1.12.5
[0m13:42:17.495265 [debug] [MainThread]: running dbt with arguments {'maximum_seed_size_mib': '1', 'no_print': 'None', 'static_parser': 'True', 'target_path': 'None', 'version_check': 'True', 'warn_error_options': 'WarnErrorOptionsV2(error=[], warn=[], silence=[])', 'printer_width': '80', 'write_json': 'True', 'empty': 'False', 'log_cache_events': 'False', 'introspect': 'True', 'cache_selected_only': 'False', 'fail_fast': 'False', 'debug': 'False', 'log_format': 'default', 'partial_parse': 'True', 'send_anonymous_usage_stats': 'True', 'quiet': 'False', 'warn_error': 'None', 'profiles_dir': 'D:\\Data-Engineering-Projects\\Walmart_Project\\data_project_dbt\\walmart_project', 'use_colors': 'True', 'hints_enabled': 'True', 'indirect_selection': 'eager', 'use_experimental_parser': 'False', 'invocation_command': 'dbt run', 'log_path': 'D:\\Data-Engineering-Projects\\Walmart_Project\\data_project_dbt\\walmart_project\\logs'}
[0m13:42:18.293306 [debug] [MainThread]: Spark adapter: Setting pyhive.hive logging to ERROR
[0m13:42:18.294390 [debug] [MainThread]: Spark adapter: Setting thrift.transport logging to ERROR
[0m13:42:18.294390 [debug] [MainThread]: Spark adapter: Setting thrift.protocol logging to ERROR
[0m13:42:18.961926 [debug] [MainThread]: Sending event: {'category': 'dbt', 'action': 'project_id', 'label': 'be69e482-1fc6-4c31-a417-e41bb3817bee', 'context': [<snowplow_tracker.self_describing_json.SelfDescribingJson object at 0x0000014E12F7C3E0>]}
[0m13:42:19.016855 [debug] [MainThread]: Sending event: {'category': 'dbt', 'action': 'adapter_info', 'label': 'be69e482-1fc6-4c31-a417-e41bb3817bee', 'context': [<snowplow_tracker.self_describing_json.SelfDescribingJson object at 0x0000014E1F420920>]}
[0m13:42:19.017848 [info ] [MainThread]: Registered adapter: databricks=1.10.9
[0m13:42:19.259389 [debug] [MainThread]: checksum: c6692066af086a4208ee6a2d343b9da3ce9763b98f9383873b954800d1e1f71c, vars: {}, profile: walmart_project, target: dev, version: 1.12.5
[0m13:42:19.459025 [debug] [MainThread]: Partial parsing enabled: 0 files deleted, 0 files added, 0 files changed.
[0m13:42:19.460025 [debug] [MainThread]: Nothing changed, skipping partial parsing.
[0m13:42:19.460025 [debug] [MainThread]: Partial parsing enabled, no changes found, skipping parsing
[0m13:42:19.470335 [debug] [MainThread]: Sending event: {'category': 'dbt', 'action': 'load_project', 'label': 'be69e482-1fc6-4c31-a417-e41bb3817bee', 'context': [<snowplow_tracker.self_describing_json.SelfDescribingJson object at 0x0000014E1FD6EA80>]}
[0m13:42:19.704723 [debug] [MainThread]: Wrote artifact WritableManifest to D:\Data-Engineering-Projects\Walmart_Project\data_project_dbt\walmart_project\target\manifest.json
[0m13:42:19.708718 [debug] [MainThread]: Wrote artifact SemanticManifest to D:\Data-Engineering-Projects\Walmart_Project\data_project_dbt\walmart_project\target\semantic_manifest.json
[0m13:42:19.732603 [debug] [MainThread]: Wrote artifact OsiDocument to D:\Data-Engineering-Projects\Walmart_Project\data_project_dbt\walmart_project\target\osi_document.json
[0m13:42:19.743776 [debug] [MainThread]: Sending event: {'category': 'dbt', 'action': 'resource_counts', 'label': 'be69e482-1fc6-4c31-a417-e41bb3817bee', 'context': [<snowplow_tracker.self_describing_json.SelfDescribingJson object at 0x0000014E1FD60080>]}
[0m13:42:19.744776 [info ] [MainThread]: Found 2 models, 1 analysis, 4 data tests, 6 sources, 727 macros
[0m13:42:19.744776 [debug] [MainThread]: Sending event: {'category': 'dbt', 'action': 'runnable_timing', 'label': 'be69e482-1fc6-4c31-a417-e41bb3817bee', 'context': [<snowplow_tracker.self_describing_json.SelfDescribingJson object at 0x0000014E1FD9B2C0>]}
[0m13:42:19.747014 [info ] [MainThread]: 
[0m13:42:19.748011 [info ] [MainThread]: Concurrency: 1 threads (target='dev')
[0m13:42:19.748011 [info ] [MainThread]: 
[0m13:42:19.749010 [debug] [MainThread]: Databricks adapter: DatabricksDBTConnection(session-id=None, name=master) - Creating connection
[0m13:42:19.749010 [debug] [MainThread]: Acquiring new databricks connection 'master'
[0m13:42:19.757068 [debug] [ThreadPool]: Databricks adapter: DatabricksDBTConnection(session-id=None, name=list_walmart) - Creating connection
[0m13:42:19.758010 [debug] [ThreadPool]: Acquiring new databricks connection 'list_walmart'
[0m13:42:19.758010 [debug] [ThreadPool]: Using databricks connection "list_walmart"
[0m13:42:19.759012 [debug] [ThreadPool]: On list_walmart: GetSchemas(database=walmart, schema=None)
[0m13:42:19.759012 [debug] [ThreadPool]: Opening a new connection, currently in state init
[0m13:42:22.168387 [debug] [ThreadPool]: Databricks adapter: Connection(session-id=01f1b65d-5596-117c-8053-5cd81159275d) - Created
[0m13:43:24.172142 [debug] [ThreadPool]: SQL status: OK in 64.410 seconds
[0m13:43:24.175767 [debug] [ThreadPool]: Databricks adapter: Cursor(session-id=01f1b65d-5596-117c-8053-5cd81159275d, command-id=01f1b65d-7a5c-1c2b-a425-982044fc3951) - Closing
[0m13:43:24.176762 [debug] [ThreadPool]: On list_walmart: Close
[0m13:43:24.177650 [debug] [ThreadPool]: Databricks adapter: Connection(session-id=01f1b65d-5596-117c-8053-5cd81159275d) - Closing
[0m13:43:24.477342 [debug] [ThreadPool]: Databricks adapter: DatabricksDBTConnection(session-id=None, name=list_walmart_silver_t) - Creating connection
[0m13:43:24.478348 [debug] [ThreadPool]: Acquiring new databricks connection 'list_walmart_silver_t'
[0m13:43:24.497707 [debug] [ThreadPool]: Using databricks connection "list_walmart_silver_t"
[0m13:43:24.499715 [debug] [ThreadPool]: On list_walmart_silver_t: /* {"app": "dbt", "dbt_version": "1.12.5", "dbt_databricks_version": "1.10.9", "databricks_sql_connector_version": "4.5.0", "profile_name": "walmart_project", "target_name": "dev", "connection_name": "list_walmart_silver_t"} */

    
SELECT
  table_name,
  if(table_type IN ('EXTERNAL', 'MANAGED', 'MANAGED_SHALLOW_CLONE', 'EXTERNAL_SHALLOW_CLONE'), 'table', lower(table_type)) AS table_type,
  lower(data_source_format) AS file_format,
  table_owner,
  if(
    table_type IN (
      'EXTERNAL',
      'MANAGED',
      'MANAGED_SHALLOW_CLONE',
      'EXTERNAL_SHALLOW_CLONE'
    ),
    lower(table_type),
    NULL
  ) AS databricks_table_type
FROM `system`.`information_schema`.`tables`
WHERE table_catalog = 'walmart' 
  AND table_schema = 'silver_t'

  
[0m13:43:24.499715 [debug] [ThreadPool]: Opening a new connection, currently in state init
[0m13:43:25.551456 [debug] [ThreadPool]: Databricks adapter: Connection(session-id=01f1b65d-7c04-1d99-9f2b-5c8d912b6e17) - Created
[0m13:43:28.824206 [debug] [ThreadPool]: SQL status: OK in 4.320 seconds
[0m13:43:28.912769 [debug] [ThreadPool]: Databricks adapter: Cursor(session-id=01f1b65d-7c04-1d99-9f2b-5c8d912b6e17, command-id=01f1b65d-7c35-19bd-9fe1-68db83613c07) - Closing
[0m13:43:28.913800 [debug] [ThreadPool]: On list_walmart_silver_t: Close
[0m13:43:28.914801 [debug] [ThreadPool]: Databricks adapter: Connection(session-id=01f1b65d-7c04-1d99-9f2b-5c8d912b6e17) - Closing
[0m13:43:29.224038 [debug] [MainThread]: Sending event: {'category': 'dbt', 'action': 'runnable_timing', 'label': 'be69e482-1fc6-4c31-a417-e41bb3817bee', 'context': [<snowplow_tracker.self_describing_json.SelfDescribingJson object at 0x0000014E1EA5D2B0>]}
[0m13:43:29.232056 [debug] [Thread-3 (]: Began running node model.walmart_project.orders_t
[0m13:43:29.233724 [info ] [Thread-3 (]: 1 of 2 START sql incremental model silver_t.orders_t ........................... [RUN]
[0m13:43:29.235845 [debug] [Thread-3 (]: Databricks adapter: DatabricksDBTConnection(session-id=None, name=model.walmart_project.orders_t) - Creating connection
[0m13:43:29.236763 [debug] [Thread-3 (]: Acquiring new databricks connection 'model.walmart_project.orders_t'
[0m13:43:29.237727 [debug] [Thread-3 (]: Began compiling node model.walmart_project.orders_t
[0m13:43:29.260448 [debug] [Thread-3 (]: Writing injected SQL for node "model.walmart_project.orders_t"
[0m13:43:29.262596 [debug] [Thread-3 (]: Began executing node model.walmart_project.orders_t
[0m13:43:29.296807 [debug] [Thread-3 (]: MATERIALIZING INCREMENTAL
[0m13:43:29.306316 [warn ] [Thread-3 (]: [[33mWARNING[0m]: Use revamped materializations based on separating create and insert.  This allows more performant column comments, as well as new column features.
You may opt into the new behavior sooner by setting `flags.use_materialization_v2` to `True` in `dbt_project.yml`.
Visit https://docs.getdbt.com/reference/global-configs/behavior-changes for more information.
[0m13:43:29.307315 [debug] [Thread-3 (]: Sending event: {'category': 'dbt', 'action': 'BehaviorChangeEvent', 'label': 'be69e482-1fc6-4c31-a417-e41bb3817bee', 'context': [<snowplow_tracker.self_describing_json.SelfDescribingJson object at 0x0000014E21475CD0>]}
[0m13:43:29.328879 [debug] [Thread-3 (]: Using databricks connection "model.walmart_project.orders_t"
[0m13:43:29.329781 [debug] [Thread-3 (]: On model.walmart_project.orders_t: /* {"app": "dbt", "dbt_version": "1.12.5", "dbt_databricks_version": "1.10.9", "databricks_sql_connector_version": "4.5.0", "profile_name": "walmart_project", "target_name": "dev", "node_id": "model.walmart_project.orders_t"} */
SELECT tag_name, tag_value
  FROM `system`.`information_schema`.`table_tags`
  WHERE catalog_name = 'walmart' 
    AND schema_name = 'silver_t'
    AND table_name = 'orders_t'
  
[0m13:43:29.329781 [debug] [Thread-3 (]: Opening a new connection, currently in state init
[0m13:43:30.448463 [debug] [Thread-3 (]: Databricks adapter: Connection(session-id=01f1b65d-7ef0-115e-9a52-de212f1b2caa) - Created
[0m13:43:31.135669 [debug] [Thread-3 (]: SQL status: OK in 1.800 seconds
[0m13:43:31.141059 [debug] [Thread-3 (]: Databricks adapter: Cursor(session-id=01f1b65d-7ef0-115e-9a52-de212f1b2caa, command-id=01f1b65d-7f20-1d31-a71f-44da59ea70bd) - Closing
[0m13:43:31.153717 [debug] [Thread-3 (]: Using databricks connection "model.walmart_project.orders_t"
[0m13:43:31.154730 [debug] [Thread-3 (]: On model.walmart_project.orders_t: /* {"app": "dbt", "dbt_version": "1.12.5", "dbt_databricks_version": "1.10.9", "databricks_sql_connector_version": "4.5.0", "profile_name": "walmart_project", "target_name": "dev", "node_id": "model.walmart_project.orders_t"} */
SELECT 
    column_name,
    tag_name,
    tag_value
  FROM `system`.`information_schema`.`column_tags`
  WHERE catalog_name = 'walmart'
    AND schema_name = 'silver_t'
    AND table_name = 'orders_t';
  
[0m13:43:31.731223 [debug] [Thread-3 (]: SQL status: OK in 0.580 seconds
[0m13:43:31.736608 [debug] [Thread-3 (]: Databricks adapter: Cursor(session-id=01f1b65d-7ef0-115e-9a52-de212f1b2caa, command-id=01f1b65d-7f8c-19eb-aa2a-2b309f5f19cc) - Closing
[0m13:43:31.748902 [debug] [Thread-3 (]: Using databricks connection "model.walmart_project.orders_t"
[0m13:43:31.749900 [debug] [Thread-3 (]: On model.walmart_project.orders_t: /* {"app": "dbt", "dbt_version": "1.12.5", "dbt_databricks_version": "1.10.9", "databricks_sql_connector_version": "4.5.0", "profile_name": "walmart_project", "target_name": "dev", "node_id": "model.walmart_project.orders_t"} */
SELECT column_name
  FROM `walmart`.`information_schema`.`columns`
  WHERE table_catalog = 'walmart' 
    AND table_schema = 'silver_t'
    AND table_name = 'orders_t'
    AND is_nullable = 'NO';
  
[0m13:43:32.565603 [debug] [Thread-3 (]: SQL status: OK in 0.820 seconds
[0m13:43:32.569832 [debug] [Thread-3 (]: Databricks adapter: Cursor(session-id=01f1b65d-7ef0-115e-9a52-de212f1b2caa, command-id=01f1b65d-7fe7-18e5-a92d-5f9cffb25d85) - Closing
[0m13:43:32.577358 [debug] [Thread-3 (]: Using databricks connection "model.walmart_project.orders_t"
[0m13:43:32.577358 [debug] [Thread-3 (]: On model.walmart_project.orders_t: /* {"app": "dbt", "dbt_version": "1.12.5", "dbt_databricks_version": "1.10.9", "databricks_sql_connector_version": "4.5.0", "profile_name": "walmart_project", "target_name": "dev", "node_id": "model.walmart_project.orders_t"} */
SELECT kcu.constraint_name, kcu.column_name
  FROM `walmart`.information_schema.key_column_usage kcu
  WHERE kcu.table_catalog = 'walmart' 
    AND kcu.table_schema = 'silver_t'
    AND kcu.table_name = 'orders_t' 
    AND kcu.constraint_name = (
      SELECT constraint_name
      FROM `walmart`.information_schema.table_constraints
      WHERE table_catalog = 'walmart'
        AND table_schema = 'silver_t'
        AND table_name = 'orders_t' 
        AND constraint_type = 'PRIMARY KEY'
    )
  ORDER BY kcu.ordinal_position;
  
[0m13:43:33.978646 [debug] [Thread-3 (]: SQL status: OK in 1.400 seconds
[0m13:43:33.983087 [debug] [Thread-3 (]: Databricks adapter: Cursor(session-id=01f1b65d-7ef0-115e-9a52-de212f1b2caa, command-id=01f1b65d-8066-1015-8c7c-cc7cf8c6e6bb) - Closing
[0m13:43:33.991423 [debug] [Thread-3 (]: Using databricks connection "model.walmart_project.orders_t"
[0m13:43:33.992427 [debug] [Thread-3 (]: On model.walmart_project.orders_t: /* {"app": "dbt", "dbt_version": "1.12.5", "dbt_databricks_version": "1.10.9", "databricks_sql_connector_version": "4.5.0", "profile_name": "walmart_project", "target_name": "dev", "node_id": "model.walmart_project.orders_t"} */
SELECT
    kcu.constraint_name,
    kcu.column_name AS from_column,
    ukcu.table_catalog AS to_catalog,
    ukcu.table_schema AS to_schema,
    ukcu.table_name AS to_table,
    ukcu.column_name AS to_column
  FROM `walmart`.information_schema.key_column_usage kcu
  JOIN `walmart`.information_schema.referential_constraints rc
    ON kcu.constraint_name = rc.constraint_name
  JOIN `walmart`.information_schema.key_column_usage ukcu
    ON rc.unique_constraint_name = ukcu.constraint_name
    AND kcu.ordinal_position = ukcu.ordinal_position
  WHERE kcu.table_catalog = 'walmart'
    AND kcu.table_schema = 'silver_t'
    AND kcu.table_name = 'orders_t'
    AND kcu.constraint_name IN (
      SELECT constraint_name
      FROM `walmart`.information_schema.table_constraints
      WHERE table_catalog = 'walmart'
        AND table_schema = 'silver_t'
        AND table_name = 'orders_t'
        AND constraint_type = 'FOREIGN KEY'
    )
  ORDER BY kcu.ordinal_position;
  
[0m13:43:35.614620 [debug] [Thread-3 (]: SQL status: OK in 1.620 seconds
[0m13:43:35.616870 [debug] [Thread-3 (]: Databricks adapter: Cursor(session-id=01f1b65d-7ef0-115e-9a52-de212f1b2caa, command-id=01f1b65d-813d-1983-b479-71ff30583d8b) - Closing
[0m13:43:35.622200 [debug] [Thread-3 (]: Using databricks connection "model.walmart_project.orders_t"
[0m13:43:35.622200 [debug] [Thread-3 (]: On model.walmart_project.orders_t: /* {"app": "dbt", "dbt_version": "1.12.5", "dbt_databricks_version": "1.10.9", "databricks_sql_connector_version": "4.5.0", "profile_name": "walmart_project", "target_name": "dev", "node_id": "model.walmart_project.orders_t"} */
SELECT 
    column_name,
    mask_name,
    using_columns
  FROM `system`.`information_schema`.`column_masks`
  WHERE table_catalog = 'walmart'
    AND table_schema = 'silver_t'
    AND table_name = 'orders_t';
  
[0m13:43:36.237774 [debug] [Thread-3 (]: SQL status: OK in 0.610 seconds
[0m13:43:36.239768 [debug] [Thread-3 (]: Databricks adapter: Cursor(session-id=01f1b65d-7ef0-115e-9a52-de212f1b2caa, command-id=01f1b65d-8236-13ba-a7ae-684570f0bd9f) - Closing
[0m13:43:36.244447 [debug] [Thread-3 (]: Using databricks connection "model.walmart_project.orders_t"
[0m13:43:36.245452 [debug] [Thread-3 (]: On model.walmart_project.orders_t: /* {"app": "dbt", "dbt_version": "1.12.5", "dbt_databricks_version": "1.10.9", "databricks_sql_connector_version": "4.5.0", "profile_name": "walmart_project", "target_name": "dev", "node_id": "model.walmart_project.orders_t"} */
SHOW TBLPROPERTIES `walmart`.`silver_t`.`orders_t`
  
[0m13:43:40.309689 [debug] [Thread-3 (]: SQL status: OK in 4.060 seconds
[0m13:43:40.311681 [debug] [Thread-3 (]: Databricks adapter: Cursor(session-id=01f1b65d-7ef0-115e-9a52-de212f1b2caa, command-id=01f1b65d-8296-1f70-bd68-4f5fdc617aaf) - Closing
[0m13:43:40.314957 [debug] [Thread-3 (]: Using databricks connection "model.walmart_project.orders_t"
[0m13:43:40.314957 [debug] [Thread-3 (]: On model.walmart_project.orders_t: /* {"app": "dbt", "dbt_version": "1.12.5", "dbt_databricks_version": "1.10.9", "databricks_sql_connector_version": "4.5.0", "profile_name": "walmart_project", "target_name": "dev", "node_id": "model.walmart_project.orders_t"} */
describe extended `walmart`.`silver_t`.`orders_t`
  
[0m13:43:41.083624 [debug] [Thread-3 (]: SQL status: OK in 0.770 seconds
[0m13:43:41.395982 [debug] [Thread-3 (]: Databricks adapter: Cursor(session-id=01f1b65d-7ef0-115e-9a52-de212f1b2caa, command-id=01f1b65d-8502-1e6a-8f46-8300737d4e24) - Closing
[0m13:43:41.565625 [debug] [Thread-3 (]: Databricks adapter: Getting diff for ColumnCommentsConfig: comments={'order_id': ''} quoted={'order_id': False} persist=False and comments={'order_id': '', 'customer_id': '', 'store_id': '', 'order_timestamp': '', 'payment_method': '', 'order_status': '', 'total_amount': '', 'created_timestamp': '', 'updated_timestamp': '', 'is_active': '', 'processed_at': '', '': ''} quoted={} persist=False
[0m13:43:41.579982 [debug] [Thread-3 (]: Using databricks connection "model.walmart_project.orders_t"
[0m13:43:41.580982 [debug] [Thread-3 (]: On model.walmart_project.orders_t: /* {"app": "dbt", "dbt_version": "1.12.5", "dbt_databricks_version": "1.10.9", "databricks_sql_connector_version": "4.5.0", "profile_name": "walmart_project", "target_name": "dev", "node_id": "model.walmart_project.orders_t"} */

  
    create or replace temporary view `orders_t__dbt_tmp` as
      SELECT 
    *,
    current_timestamp() AS processed_at
FROM 
    `walmart`.`bronze`.`orders`



    WHERE updated_timestamp > (SELECT COALESCE(MAX(updated_timestamp), '1900-01-01') FROM `walmart`.`silver_t`.`orders_t`)
  
[0m13:43:43.696677 [debug] [Thread-3 (]: SQL status: OK in 2.120 seconds
[0m13:43:43.697671 [debug] [Thread-3 (]: Databricks adapter: Cursor(session-id=01f1b65d-7ef0-115e-9a52-de212f1b2caa, command-id=01f1b65d-85c3-1cda-bb79-8c201467b22c) - Closing
[0m13:43:43.719878 [debug] [Thread-3 (]: Using databricks connection "model.walmart_project.orders_t"
[0m13:43:43.719878 [debug] [Thread-3 (]: On model.walmart_project.orders_t: /* {"app": "dbt", "dbt_version": "1.12.5", "dbt_databricks_version": "1.10.9", "databricks_sql_connector_version": "4.5.0", "profile_name": "walmart_project", "target_name": "dev", "node_id": "model.walmart_project.orders_t"} */

    
  DESCRIBE TABLE EXTENDED `walmart`.`silver_t`.`orders_t` AS JSON

  
[0m13:43:44.425719 [debug] [Thread-3 (]: SQL status: OK in 0.700 seconds
[0m13:43:44.429714 [debug] [Thread-3 (]: Databricks adapter: Cursor(session-id=01f1b65d-7ef0-115e-9a52-de212f1b2caa, command-id=01f1b65d-870a-133b-a1bc-1d43830782e7) - Closing
[0m13:43:44.432714 [debug] [Thread-3 (]: Using databricks connection "model.walmart_project.orders_t"
[0m13:43:44.432714 [debug] [Thread-3 (]: On model.walmart_project.orders_t: /* {"app": "dbt", "dbt_version": "1.12.5", "dbt_databricks_version": "1.10.9", "databricks_sql_connector_version": "4.5.0", "profile_name": "walmart_project", "target_name": "dev", "node_id": "model.walmart_project.orders_t"} */

    
  DESCRIBE TABLE EXTENDED `orders_t__dbt_tmp` AS JSON

  
[0m13:43:44.847933 [debug] [Thread-3 (]: SQL status: OK in 0.410 seconds
[0m13:43:44.849917 [debug] [Thread-3 (]: Databricks adapter: Cursor(session-id=01f1b65d-7ef0-115e-9a52-de212f1b2caa, command-id=01f1b65d-8776-1be7-a9f3-3cbdb1137468) - Closing
[0m13:43:44.860912 [debug] [Thread-3 (]: Writing runtime sql for node "model.walmart_project.orders_t"
[0m13:43:44.861913 [debug] [Thread-3 (]: Using databricks connection "model.walmart_project.orders_t"
[0m13:43:44.862916 [debug] [Thread-3 (]: On model.walmart_project.orders_t: /* {"app": "dbt", "dbt_version": "1.12.5", "dbt_databricks_version": "1.10.9", "databricks_sql_connector_version": "4.5.0", "profile_name": "walmart_project", "target_name": "dev", "node_id": "model.walmart_project.orders_t"} */
-- back compat for old kwarg name
  
  
  
  
  
  
      
          
          
      
  

    merge
    into
        `walmart`.`silver_t`.`orders_t` as DBT_INTERNAL_DEST
    using
        `orders_t__dbt_tmp` as DBT_INTERNAL_SOURCE
    on
        
              DBT_INTERNAL_SOURCE.order_id <=> DBT_INTERNAL_DEST.order_id
          
    when matched
        then update set
            *
    when not matched
        then insert
            *

[0m13:43:58.620211 [debug] [Thread-3 (]: SQL status: OK in 13.760 seconds
[0m13:43:58.623301 [debug] [Thread-3 (]: Databricks adapter: Cursor(session-id=01f1b65d-7ef0-115e-9a52-de212f1b2caa, command-id=01f1b65d-87b8-1595-80d6-18f519323ce2) - Closing
[0m13:43:58.967183 [debug] [Thread-3 (]: On model.walmart_project.orders_t: Close
[0m13:43:58.967183 [debug] [Thread-3 (]: Databricks adapter: Connection(session-id=01f1b65d-7ef0-115e-9a52-de212f1b2caa) - Closing
[0m13:43:59.284539 [debug] [Thread-3 (]: Sending event: {'category': 'dbt', 'action': 'run_model', 'label': 'be69e482-1fc6-4c31-a417-e41bb3817bee', 'context': [<snowplow_tracker.self_describing_json.SelfDescribingJson object at 0x0000014E112BF1D0>]}
[0m13:43:59.285543 [info ] [Thread-3 (]: 1 of 2 OK created sql incremental model silver_t.orders_t ...................... [[32mOK[0m in 30.05s]
[0m13:43:59.286540 [debug] [Thread-3 (]: Finished running node model.walmart_project.orders_t
[0m13:43:59.286540 [debug] [Thread-3 (]: Began running node model.walmart_project.products_t
[0m13:43:59.287540 [info ] [Thread-3 (]: 2 of 2 START sql incremental model silver_t.products_t ......................... [RUN]
[0m13:43:59.288543 [debug] [Thread-3 (]: Databricks adapter: DatabricksDBTConnection(session-id=None, name=model.walmart_project.products_t) - Creating connection
[0m13:43:59.288543 [debug] [Thread-3 (]: Acquiring new databricks connection 'model.walmart_project.products_t'
[0m13:43:59.288543 [debug] [Thread-3 (]: Began compiling node model.walmart_project.products_t
[0m13:43:59.292737 [debug] [Thread-3 (]: Writing injected SQL for node "model.walmart_project.products_t"
[0m13:43:59.293700 [debug] [Thread-3 (]: Began executing node model.walmart_project.products_t
[0m13:43:59.296013 [debug] [Thread-3 (]: MATERIALIZING INCREMENTAL
[0m13:43:59.324728 [debug] [Thread-3 (]: Writing runtime sql for node "model.walmart_project.products_t"
[0m13:43:59.325728 [debug] [Thread-3 (]: Using databricks connection "model.walmart_project.products_t"
[0m13:43:59.326727 [debug] [Thread-3 (]: On model.walmart_project.products_t: /* {"app": "dbt", "dbt_version": "1.12.5", "dbt_databricks_version": "1.10.9", "databricks_sql_connector_version": "4.5.0", "profile_name": "walmart_project", "target_name": "dev", "node_id": "model.walmart_project.products_t"} */

  
    
        create or replace table `walmart`.`silver_t`.`products_t`
      
      
  using delta
      
      
      
      
      
      
      
      as
      SELECT 
    *,
    current_timestamp() AS processed_at
FROM 
    `walmart`.`bronze`.`products`
  
[0m13:43:59.326727 [debug] [Thread-3 (]: Opening a new connection, currently in state init
[0m13:44:00.420018 [debug] [Thread-3 (]: Databricks adapter: Connection(session-id=01f1b65d-90d2-1d6c-9848-3fb834af02ee) - Created
[0m13:44:06.724611 [debug] [Thread-3 (]: SQL status: OK in 7.400 seconds
[0m13:44:06.726602 [debug] [Thread-3 (]: Databricks adapter: Cursor(session-id=01f1b65d-90d2-1d6c-9848-3fb834af02ee, command-id=01f1b65d-9102-13e4-bbad-abecc4dae2bd) - Closing
[0m13:44:07.100297 [debug] [Thread-3 (]: Applying tags to relation None
[0m13:44:07.101297 [debug] [Thread-3 (]: On model.walmart_project.products_t: Close
[0m13:44:07.102293 [debug] [Thread-3 (]: Databricks adapter: Connection(session-id=01f1b65d-90d2-1d6c-9848-3fb834af02ee) - Closing
[0m13:44:07.417233 [debug] [Thread-3 (]: Sending event: {'category': 'dbt', 'action': 'run_model', 'label': 'be69e482-1fc6-4c31-a417-e41bb3817bee', 'context': [<snowplow_tracker.self_describing_json.SelfDescribingJson object at 0x0000014E20FFB200>]}
[0m13:44:07.419232 [info ] [Thread-3 (]: 2 of 2 OK created sql incremental model silver_t.products_t .................... [[32mOK[0m in 8.13s]
[0m13:44:07.420223 [debug] [Thread-3 (]: Finished running node model.walmart_project.products_t
[0m13:44:07.423454 [debug] [MainThread]: Databricks adapter: DatabricksDBTConnection(session-id=None, name=master) - Creating connection
[0m13:44:07.423454 [debug] [MainThread]: Acquiring new databricks connection 'master'
[0m13:44:07.424457 [info ] [MainThread]: 
[0m13:44:07.425545 [info ] [MainThread]: Finished running 2 incremental models in 0 hours 1 minutes and 47.68 seconds (107.68s).
[0m13:44:07.426453 [debug] [MainThread]: Command end result
[0m13:44:07.468179 [debug] [MainThread]: Wrote artifact WritableManifest to D:\Data-Engineering-Projects\Walmart_Project\data_project_dbt\walmart_project\target\manifest.json
[0m13:44:07.470328 [debug] [MainThread]: Wrote artifact SemanticManifest to D:\Data-Engineering-Projects\Walmart_Project\data_project_dbt\walmart_project\target\semantic_manifest.json
[0m13:44:07.470328 [debug] [MainThread]: Wrote artifact OsiDocument to D:\Data-Engineering-Projects\Walmart_Project\data_project_dbt\walmart_project\target\osi_document.json
[0m13:44:07.470328 [debug] [MainThread]: Wrote artifact RunExecutionResult to D:\Data-Engineering-Projects\Walmart_Project\data_project_dbt\walmart_project\target\run_results.json
[0m13:44:07.470328 [info ] [MainThread]: 
[0m13:44:07.470328 [info ] [MainThread]: [32mCompleted successfully[0m
[0m13:44:07.484510 [info ] [MainThread]: 
[0m13:44:07.484510 [info ] [MainThread]: Done. PASS=2 WARN=0 ERROR=0 SKIP=0 NO-OP=0 REUSED=0 TOTAL=2
[0m13:44:07.486557 [debug] [MainThread]: Command `dbt run` succeeded at 13:44:07.485553 after 110.22 seconds
[0m13:44:07.486557 [debug] [MainThread]: Sending event: {'category': 'dbt', 'action': 'invocation', 'label': 'end', 'context': [<snowplow_tracker.self_describing_json.SelfDescribingJson object at 0x0000014E15886990>, <snowplow_tracker.self_describing_json.SelfDescribingJson object at 0x0000014E1FD6C500>, <snowplow_tracker.self_describing_json.SelfDescribingJson object at 0x0000014E1FD6D0D0>]}
[0m13:44:07.486557 [debug] [MainThread]: Flushing usage events
[0m13:44:08.495623 [debug] [MainThread]: An error was encountered while trying to flush usage events
[0m13:58:32.891531 [debug] [MainThread]: Sending event: {'category': 'dbt', 'action': 'invocation', 'label': 'start', 'context': [<snowplow_tracker.self_describing_json.SelfDescribingJson object at 0x000001BEBA1FD640>, <snowplow_tracker.self_describing_json.SelfDescribingJson object at 0x000001BEBDBCDF10>, <snowplow_tracker.self_describing_json.SelfDescribingJson object at 0x000001BEBD058740>]}


============================== 13:58:32.894624 | 990f0f31-bbc7-4589-914e-b3f8071b045c ==============================
[0m13:58:32.894624 [info ] [MainThread]: Running with dbt=1.12.5
[0m13:58:32.894624 [debug] [MainThread]: running dbt with arguments {'version_check': 'True', 'no_print': 'None', 'static_parser': 'True', 'warn_error_options': 'WarnErrorOptionsV2(error=[], warn=[], silence=[])', 'target_path': 'None', 'maximum_seed_size_mib': '1', 'printer_width': '80', 'write_json': 'True', 'introspect': 'True', 'log_cache_events': 'False', 'empty': 'None', 'cache_selected_only': 'False', 'fail_fast': 'False', 'debug': 'False', 'log_format': 'default', 'profiles_dir': 'D:\\Data-Engineering-Projects\\Walmart_Project\\data_project_dbt\\walmart_project', 'send_anonymous_usage_stats': 'True', 'quiet': 'False', 'warn_error': 'None', 'partial_parse': 'True', 'indirect_selection': 'eager', 'hints_enabled': 'True', 'use_colors': 'True', 'use_experimental_parser': 'False', 'invocation_command': 'dbt test', 'log_path': 'D:\\Data-Engineering-Projects\\Walmart_Project\\data_project_dbt\\walmart_project\\logs'}
[0m13:58:33.669488 [debug] [MainThread]: Spark adapter: Setting pyhive.hive logging to ERROR
[0m13:58:33.669488 [debug] [MainThread]: Spark adapter: Setting thrift.transport logging to ERROR
[0m13:58:33.669488 [debug] [MainThread]: Spark adapter: Setting thrift.protocol logging to ERROR
[0m13:58:34.392469 [debug] [MainThread]: Sending event: {'category': 'dbt', 'action': 'project_id', 'label': '990f0f31-bbc7-4589-914e-b3f8071b045c', 'context': [<snowplow_tracker.self_describing_json.SelfDescribingJson object at 0x000001BEC9B4BF50>]}
[0m13:58:34.450129 [debug] [MainThread]: Sending event: {'category': 'dbt', 'action': 'adapter_info', 'label': '990f0f31-bbc7-4589-914e-b3f8071b045c', 'context': [<snowplow_tracker.self_describing_json.SelfDescribingJson object at 0x000001BEC8A044D0>]}
[0m13:58:34.451129 [info ] [MainThread]: Registered adapter: databricks=1.10.9
[0m13:58:34.695723 [debug] [MainThread]: checksum: c6692066af086a4208ee6a2d343b9da3ce9763b98f9383873b954800d1e1f71c, vars: {}, profile: walmart_project, target: dev, version: 1.12.5
[0m13:58:34.852848 [debug] [MainThread]: Partial parsing enabled: 0 files deleted, 0 files added, 0 files changed.
[0m13:58:34.852848 [debug] [MainThread]: Nothing changed, skipping partial parsing.
[0m13:58:34.852848 [debug] [MainThread]: Partial parsing enabled, no changes found, skipping parsing
[0m13:58:34.863848 [debug] [MainThread]: Sending event: {'category': 'dbt', 'action': 'load_project', 'label': '990f0f31-bbc7-4589-914e-b3f8071b045c', 'context': [<snowplow_tracker.self_describing_json.SelfDescribingJson object at 0x000001BECAFAE510>]}
[0m13:58:35.109818 [debug] [MainThread]: Wrote artifact WritableManifest to D:\Data-Engineering-Projects\Walmart_Project\data_project_dbt\walmart_project\target\manifest.json
[0m13:58:35.114985 [debug] [MainThread]: Wrote artifact SemanticManifest to D:\Data-Engineering-Projects\Walmart_Project\data_project_dbt\walmart_project\target\semantic_manifest.json
[0m13:58:35.138911 [debug] [MainThread]: Wrote artifact OsiDocument to D:\Data-Engineering-Projects\Walmart_Project\data_project_dbt\walmart_project\target\osi_document.json
[0m13:58:35.573905 [debug] [MainThread]: Sending event: {'category': 'dbt', 'action': 'resource_counts', 'label': '990f0f31-bbc7-4589-914e-b3f8071b045c', 'context': [<snowplow_tracker.self_describing_json.SelfDescribingJson object at 0x000001BEC9B63230>]}
[0m13:58:35.575051 [info ] [MainThread]: Found 6 models, 1 analysis, 4 data tests, 6 sources, 727 macros
[0m13:58:35.575051 [debug] [MainThread]: Sending event: {'category': 'dbt', 'action': 'runnable_timing', 'label': '990f0f31-bbc7-4589-914e-b3f8071b045c', 'context': [<snowplow_tracker.self_describing_json.SelfDescribingJson object at 0x000001BECB1B5730>]}
[0m13:58:35.578147 [info ] [MainThread]: 
[0m13:58:35.578147 [info ] [MainThread]: Concurrency: 1 threads (target='dev')
[0m13:58:35.578147 [info ] [MainThread]: 
[0m13:58:35.579059 [debug] [MainThread]: Databricks adapter: DatabricksDBTConnection(session-id=None, name=master) - Creating connection
[0m13:58:35.579059 [debug] [MainThread]: Acquiring new databricks connection 'master'
[0m13:58:35.586099 [debug] [ThreadPool]: Databricks adapter: DatabricksDBTConnection(session-id=None, name=list_walmart_silver_t) - Creating connection
[0m13:58:35.586099 [debug] [ThreadPool]: Acquiring new databricks connection 'list_walmart_silver_t'
[0m13:58:35.597612 [debug] [ThreadPool]: Using databricks connection "list_walmart_silver_t"
[0m13:58:35.597612 [debug] [ThreadPool]: On list_walmart_silver_t: /* {"app": "dbt", "dbt_version": "1.12.5", "dbt_databricks_version": "1.10.9", "databricks_sql_connector_version": "4.5.0", "profile_name": "walmart_project", "target_name": "dev", "connection_name": "list_walmart_silver_t"} */

    
SELECT
  table_name,
  if(table_type IN ('EXTERNAL', 'MANAGED', 'MANAGED_SHALLOW_CLONE', 'EXTERNAL_SHALLOW_CLONE'), 'table', lower(table_type)) AS table_type,
  lower(data_source_format) AS file_format,
  table_owner,
  if(
    table_type IN (
      'EXTERNAL',
      'MANAGED',
      'MANAGED_SHALLOW_CLONE',
      'EXTERNAL_SHALLOW_CLONE'
    ),
    lower(table_type),
    NULL
  ) AS databricks_table_type
FROM `system`.`information_schema`.`tables`
WHERE table_catalog = 'walmart' 
  AND table_schema = 'silver_t'

  
[0m13:58:35.597612 [debug] [ThreadPool]: Opening a new connection, currently in state init
[0m13:58:40.137250 [debug] [ThreadPool]: Databricks adapter: Connection(session-id=01f1b65f-9c79-121b-ba92-28edad2ea6b6) - Created
[0m13:58:49.694760 [debug] [ThreadPool]: SQL status: OK in 14.100 seconds
[0m13:58:49.705980 [debug] [ThreadPool]: Databricks adapter: Cursor(session-id=01f1b65f-9c79-121b-ba92-28edad2ea6b6, command-id=01f1b65f-9d59-1f48-8417-2ae45e666169) - Closing
[0m13:58:50.049357 [debug] [ThreadPool]: On list_walmart_silver_t: Close
[0m13:58:50.050357 [debug] [ThreadPool]: Databricks adapter: Connection(session-id=01f1b65f-9c79-121b-ba92-28edad2ea6b6) - Closing
[0m13:58:50.352267 [debug] [MainThread]: Sending event: {'category': 'dbt', 'action': 'runnable_timing', 'label': '990f0f31-bbc7-4589-914e-b3f8071b045c', 'context': [<snowplow_tracker.self_describing_json.SelfDescribingJson object at 0x000001BECAE20B30>]}
[0m13:58:50.358258 [debug] [Thread-2 (]: Began running node test.walmart_project.not_null_orders_t_order_id.b12105be37
[0m13:58:50.358258 [info ] [Thread-2 (]: 1 of 4 START test not_null_orders_t_order_id ................................... [RUN]
[0m13:58:50.359258 [debug] [Thread-2 (]: Databricks adapter: DatabricksDBTConnection(session-id=None, name=test.walmart_project.not_null_orders_t_order_id.b12105be37) - Creating connection
[0m13:58:50.360257 [debug] [Thread-2 (]: Acquiring new databricks connection 'test.walmart_project.not_null_orders_t_order_id.b12105be37'
[0m13:58:50.360257 [debug] [Thread-2 (]: Began compiling node test.walmart_project.not_null_orders_t_order_id.b12105be37
[0m13:58:50.378016 [debug] [Thread-2 (]: Writing injected SQL for node "test.walmart_project.not_null_orders_t_order_id.b12105be37"
[0m13:58:50.379013 [debug] [Thread-2 (]: Began executing node test.walmart_project.not_null_orders_t_order_id.b12105be37
[0m13:58:50.394340 [debug] [Thread-2 (]: Writing runtime sql for node "test.walmart_project.not_null_orders_t_order_id.b12105be37"
[0m13:58:50.396383 [debug] [Thread-2 (]: Using databricks connection "test.walmart_project.not_null_orders_t_order_id.b12105be37"
[0m13:58:50.396383 [debug] [Thread-2 (]: On test.walmart_project.not_null_orders_t_order_id.b12105be37: /* {"app": "dbt", "dbt_version": "1.12.5", "dbt_databricks_version": "1.10.9", "databricks_sql_connector_version": "4.5.0", "profile_name": "walmart_project", "target_name": "dev", "node_id": "test.walmart_project.not_null_orders_t_order_id.b12105be37"} */

    
    select
      count(*) as failures,
      count(*) != 0 as should_warn,
      count(*) != 0 as should_error
    from (
      
    
  
    
    



select order_id
from `walmart`.`silver_t`.`orders_t`
where order_id is null



  
  
      
    ) dbt_internal_test
[0m13:58:50.397390 [debug] [Thread-2 (]: Opening a new connection, currently in state init
[0m13:58:51.504738 [debug] [Thread-2 (]: Databricks adapter: Connection(session-id=01f1b65f-a3ee-1a4f-9087-146d255285e8) - Created
[0m13:58:55.244720 [debug] [Thread-2 (]: SQL status: OK in 4.850 seconds
[0m13:58:55.712279 [debug] [Thread-2 (]: Databricks adapter: Cursor(session-id=01f1b65f-a3ee-1a4f-9087-146d255285e8, command-id=01f1b65f-a41e-1c0f-8b61-d440509d4c83) - Closing
[0m13:58:55.715602 [debug] [Thread-2 (]: On test.walmart_project.not_null_orders_t_order_id.b12105be37: Close
[0m13:58:55.716604 [debug] [Thread-2 (]: Databricks adapter: Connection(session-id=01f1b65f-a3ee-1a4f-9087-146d255285e8) - Closing
[0m13:58:58.479196 [info ] [Thread-2 (]: 1 of 4 PASS not_null_orders_t_order_id ......................................... [[32mPASS[0m in 8.12s]
[0m13:58:58.481109 [debug] [Thread-2 (]: Finished running node test.walmart_project.not_null_orders_t_order_id.b12105be37
[0m13:58:58.482155 [debug] [Thread-2 (]: Began running node test.walmart_project.not_null_products_t_product_id.ce54de85ec
[0m13:58:58.483103 [info ] [Thread-2 (]: 2 of 4 START test not_null_products_t_product_id ............................... [RUN]
[0m13:58:58.483103 [debug] [Thread-2 (]: Databricks adapter: DatabricksDBTConnection(session-id=None, name=test.walmart_project.not_null_products_t_product_id.ce54de85ec) - Creating connection
[0m13:58:58.484140 [debug] [Thread-2 (]: Acquiring new databricks connection 'test.walmart_project.not_null_products_t_product_id.ce54de85ec'
[0m13:58:58.484140 [debug] [Thread-2 (]: Began compiling node test.walmart_project.not_null_products_t_product_id.ce54de85ec
[0m13:58:58.493373 [debug] [Thread-2 (]: Writing injected SQL for node "test.walmart_project.not_null_products_t_product_id.ce54de85ec"
[0m13:58:58.494372 [debug] [Thread-2 (]: Began executing node test.walmart_project.not_null_products_t_product_id.ce54de85ec
[0m13:58:58.496614 [debug] [Thread-2 (]: Writing runtime sql for node "test.walmart_project.not_null_products_t_product_id.ce54de85ec"
[0m13:58:58.497614 [debug] [Thread-2 (]: Using databricks connection "test.walmart_project.not_null_products_t_product_id.ce54de85ec"
[0m13:58:58.497614 [debug] [Thread-2 (]: On test.walmart_project.not_null_products_t_product_id.ce54de85ec: /* {"app": "dbt", "dbt_version": "1.12.5", "dbt_databricks_version": "1.10.9", "databricks_sql_connector_version": "4.5.0", "profile_name": "walmart_project", "target_name": "dev", "node_id": "test.walmart_project.not_null_products_t_product_id.ce54de85ec"} */

    
    select
      count(*) as failures,
      count(*) != 0 as should_warn,
      count(*) != 0 as should_error
    from (
      
    
  
    
    



select product_id
from `walmart`.`silver_t`.`products_t`
where product_id is null



  
  
      
    ) dbt_internal_test
[0m13:58:58.498612 [debug] [Thread-2 (]: Opening a new connection, currently in state init
[0m13:58:59.622191 [debug] [Thread-2 (]: Databricks adapter: Connection(session-id=01f1b65f-a8c6-1527-89eb-a8f5f66be337) - Created
[0m13:59:01.051230 [debug] [Thread-2 (]: SQL status: OK in 2.550 seconds
[0m13:59:01.053120 [debug] [Thread-2 (]: Databricks adapter: Cursor(session-id=01f1b65f-a8c6-1527-89eb-a8f5f66be337, command-id=01f1b65f-a8f7-1069-bee5-cc56be58494a) - Closing
[0m13:59:01.054120 [debug] [Thread-2 (]: On test.walmart_project.not_null_products_t_product_id.ce54de85ec: Close
[0m13:59:01.054120 [debug] [Thread-2 (]: Databricks adapter: Connection(session-id=01f1b65f-a8c6-1527-89eb-a8f5f66be337) - Closing
[0m13:59:01.370845 [info ] [Thread-2 (]: 2 of 4 PASS not_null_products_t_product_id ..................................... [[32mPASS[0m in 2.89s]
[0m13:59:01.372850 [debug] [Thread-2 (]: Finished running node test.walmart_project.not_null_products_t_product_id.ce54de85ec
[0m13:59:01.374851 [debug] [Thread-2 (]: Began running node test.walmart_project.unique_orders_t_order_id.2d8d10a28b
[0m13:59:01.375844 [info ] [Thread-2 (]: 3 of 4 START test unique_orders_t_order_id ..................................... [RUN]
[0m13:59:01.376889 [debug] [Thread-2 (]: Databricks adapter: DatabricksDBTConnection(session-id=None, name=test.walmart_project.unique_orders_t_order_id.2d8d10a28b) - Creating connection
[0m13:59:01.376889 [debug] [Thread-2 (]: Acquiring new databricks connection 'test.walmart_project.unique_orders_t_order_id.2d8d10a28b'
[0m13:59:01.377968 [debug] [Thread-2 (]: Began compiling node test.walmart_project.unique_orders_t_order_id.2d8d10a28b
[0m13:59:01.388926 [debug] [Thread-2 (]: Writing injected SQL for node "test.walmart_project.unique_orders_t_order_id.2d8d10a28b"
[0m13:59:01.390137 [debug] [Thread-2 (]: Began executing node test.walmart_project.unique_orders_t_order_id.2d8d10a28b
[0m13:59:01.392276 [debug] [Thread-2 (]: Writing runtime sql for node "test.walmart_project.unique_orders_t_order_id.2d8d10a28b"
[0m13:59:01.393188 [debug] [Thread-2 (]: Using databricks connection "test.walmart_project.unique_orders_t_order_id.2d8d10a28b"
[0m13:59:01.393188 [debug] [Thread-2 (]: On test.walmart_project.unique_orders_t_order_id.2d8d10a28b: /* {"app": "dbt", "dbt_version": "1.12.5", "dbt_databricks_version": "1.10.9", "databricks_sql_connector_version": "4.5.0", "profile_name": "walmart_project", "target_name": "dev", "node_id": "test.walmart_project.unique_orders_t_order_id.2d8d10a28b"} */

    
    select
      count(*) as failures,
      count(*) != 0 as should_warn,
      count(*) != 0 as should_error
    from (
      
    
  
    
    

select
    order_id as unique_field,
    count(*) as n_records

from `walmart`.`silver_t`.`orders_t`
where order_id is not null
group by order_id
having count(*) > 1



  
  
      
    ) dbt_internal_test
[0m13:59:01.393188 [debug] [Thread-2 (]: Opening a new connection, currently in state init
[0m13:59:02.469893 [debug] [Thread-2 (]: Databricks adapter: Connection(session-id=01f1b65f-aa7c-1636-9976-4e56d723e0da) - Created
[0m13:59:09.333942 [debug] [Thread-2 (]: SQL status: OK in 7.940 seconds
[0m13:59:09.335934 [debug] [Thread-2 (]: Databricks adapter: Cursor(session-id=01f1b65f-aa7c-1636-9976-4e56d723e0da, command-id=01f1b65f-aaa9-1917-a0d0-5148ed53633d) - Closing
[0m13:59:09.689174 [debug] [Thread-2 (]: On test.walmart_project.unique_orders_t_order_id.2d8d10a28b: Close
[0m13:59:09.690523 [debug] [Thread-2 (]: Databricks adapter: Connection(session-id=01f1b65f-aa7c-1636-9976-4e56d723e0da) - Closing
[0m13:59:10.000502 [info ] [Thread-2 (]: 3 of 4 PASS unique_orders_t_order_id ........................................... [[32mPASS[0m in 8.62s]
[0m13:59:10.002414 [debug] [Thread-2 (]: Finished running node test.walmart_project.unique_orders_t_order_id.2d8d10a28b
[0m13:59:10.003522 [debug] [Thread-2 (]: Began running node test.walmart_project.unique_products_t_product_id.df1897612f
[0m13:59:10.004412 [info ] [Thread-2 (]: 4 of 4 START test unique_products_t_product_id ................................. [RUN]
[0m13:59:10.005412 [debug] [Thread-2 (]: Databricks adapter: DatabricksDBTConnection(session-id=None, name=test.walmart_project.unique_products_t_product_id.df1897612f) - Creating connection
[0m13:59:10.006411 [debug] [Thread-2 (]: Acquiring new databricks connection 'test.walmart_project.unique_products_t_product_id.df1897612f'
[0m13:59:10.007413 [debug] [Thread-2 (]: Began compiling node test.walmart_project.unique_products_t_product_id.df1897612f
[0m13:59:10.015649 [debug] [Thread-2 (]: Writing injected SQL for node "test.walmart_project.unique_products_t_product_id.df1897612f"
[0m13:59:10.016643 [debug] [Thread-2 (]: Began executing node test.walmart_project.unique_products_t_product_id.df1897612f
[0m13:59:10.018706 [debug] [Thread-2 (]: Writing runtime sql for node "test.walmart_project.unique_products_t_product_id.df1897612f"
[0m13:59:10.018706 [debug] [Thread-2 (]: Using databricks connection "test.walmart_project.unique_products_t_product_id.df1897612f"
[0m13:59:10.018706 [debug] [Thread-2 (]: On test.walmart_project.unique_products_t_product_id.df1897612f: /* {"app": "dbt", "dbt_version": "1.12.5", "dbt_databricks_version": "1.10.9", "databricks_sql_connector_version": "4.5.0", "profile_name": "walmart_project", "target_name": "dev", "node_id": "test.walmart_project.unique_products_t_product_id.df1897612f"} */

    
    select
      count(*) as failures,
      count(*) != 0 as should_warn,
      count(*) != 0 as should_error
    from (
      
    
  
    
    

select
    product_id as unique_field,
    count(*) as n_records

from (select * from `walmart`.`silver_t`.`products_t` where price > 0) dbt_subquery
where product_id is not null
group by product_id
having count(*) > 1



  
  
      
    ) dbt_internal_test
[0m13:59:10.019988 [debug] [Thread-2 (]: Opening a new connection, currently in state init
[0m13:59:11.089046 [debug] [Thread-2 (]: Databricks adapter: Connection(session-id=01f1b65f-af9f-1289-a5f8-fc2938ff7c83) - Created
[0m13:59:12.227670 [debug] [Thread-2 (]: SQL status: OK in 2.210 seconds
[0m13:59:12.229580 [debug] [Thread-2 (]: Databricks adapter: Cursor(session-id=01f1b65f-af9f-1289-a5f8-fc2938ff7c83, command-id=01f1b65f-afcb-163b-99dd-b607d5e6a3d5) - Closing
[0m13:59:12.230584 [debug] [Thread-2 (]: On test.walmart_project.unique_products_t_product_id.df1897612f: Close
[0m13:59:12.231584 [debug] [Thread-2 (]: Databricks adapter: Connection(session-id=01f1b65f-af9f-1289-a5f8-fc2938ff7c83) - Closing
[0m13:59:12.530630 [info ] [Thread-2 (]: 4 of 4 PASS unique_products_t_product_id ....................................... [[32mPASS[0m in 2.52s]
[0m13:59:12.532637 [debug] [Thread-2 (]: Finished running node test.walmart_project.unique_products_t_product_id.df1897612f
[0m13:59:12.536626 [debug] [MainThread]: Databricks adapter: DatabricksDBTConnection(session-id=None, name=master) - Creating connection
[0m13:59:12.536626 [debug] [MainThread]: Acquiring new databricks connection 'master'
[0m13:59:12.537624 [info ] [MainThread]: 
[0m13:59:12.537624 [info ] [MainThread]: Finished running 4 data tests in 0 hours 0 minutes and 36.96 seconds (36.96s).
[0m13:59:12.538630 [debug] [MainThread]: Command end result
[0m13:59:12.569497 [debug] [MainThread]: Wrote artifact WritableManifest to D:\Data-Engineering-Projects\Walmart_Project\data_project_dbt\walmart_project\target\manifest.json
[0m13:59:12.583997 [debug] [MainThread]: Wrote artifact SemanticManifest to D:\Data-Engineering-Projects\Walmart_Project\data_project_dbt\walmart_project\target\semantic_manifest.json
[0m13:59:12.587952 [debug] [MainThread]: Wrote artifact OsiDocument to D:\Data-Engineering-Projects\Walmart_Project\data_project_dbt\walmart_project\target\osi_document.json
[0m13:59:12.595096 [debug] [MainThread]: Wrote artifact RunExecutionResult to D:\Data-Engineering-Projects\Walmart_Project\data_project_dbt\walmart_project\target\run_results.json
[0m13:59:12.595096 [info ] [MainThread]: 
[0m13:59:12.596243 [info ] [MainThread]: [32mCompleted successfully[0m
[0m13:59:12.597249 [info ] [MainThread]: 
[0m13:59:12.597249 [info ] [MainThread]: Done. PASS=4 WARN=0 ERROR=0 SKIP=0 NO-OP=0 REUSED=0 TOTAL=4
[0m13:59:12.598257 [debug] [MainThread]: Command `dbt test` succeeded at 13:59:12.598257 after 39.95 seconds
[0m13:59:12.599265 [debug] [MainThread]: Sending event: {'category': 'dbt', 'action': 'invocation', 'label': 'end', 'context': [<snowplow_tracker.self_describing_json.SelfDescribingJson object at 0x000001BEBF5862A0>, <snowplow_tracker.self_describing_json.SelfDescribingJson object at 0x000001BEBF5868A0>, <snowplow_tracker.self_describing_json.SelfDescribingJson object at 0x000001BEBF586900>]}
[0m13:59:12.599265 [debug] [MainThread]: Flushing usage events
[0m13:59:13.598529 [debug] [MainThread]: An error was encountered while trying to flush usage events
[0m14:01:41.189012 [debug] [MainThread]: Sending event: {'category': 'dbt', 'action': 'invocation', 'label': 'start', 'context': [<snowplow_tracker.self_describing_json.SelfDescribingJson object at 0x000001EFDCBFD640>, <snowplow_tracker.self_describing_json.SelfDescribingJson object at 0x000001EFE032A060>, <snowplow_tracker.self_describing_json.SelfDescribingJson object at 0x000001EFE032B650>]}


============================== 14:01:41.193149 | e280adb8-c441-4ffa-b155-a2d291fde271 ==============================
[0m14:01:41.193149 [info ] [MainThread]: Running with dbt=1.12.5
[0m14:01:41.193149 [debug] [MainThread]: running dbt with arguments {'static_parser': 'True', 'no_print': 'None', 'maximum_seed_size_mib': '1', 'warn_error_options': 'WarnErrorOptionsV2(error=[], warn=[], silence=[])', 'version_check': 'True', 'target_path': 'None', 'printer_width': '80', 'write_json': 'True', 'empty': 'False', 'log_cache_events': 'False', 'introspect': 'True', 'cache_selected_only': 'False', 'fail_fast': 'False', 'debug': 'False', 'log_format': 'default', 'partial_parse': 'True', 'send_anonymous_usage_stats': 'True', 'quiet': 'False', 'warn_error': 'None', 'profiles_dir': 'D:\\Data-Engineering-Projects\\Walmart_Project\\data_project_dbt\\walmart_project', 'use_colors': 'True', 'hints_enabled': 'True', 'invocation_command': 'dbt run', 'use_experimental_parser': 'False', 'indirect_selection': 'eager', 'log_path': 'D:\\Data-Engineering-Projects\\Walmart_Project\\data_project_dbt\\walmart_project\\logs'}
[0m14:01:42.395662 [debug] [MainThread]: Spark adapter: Setting pyhive.hive logging to ERROR
[0m14:01:42.395662 [debug] [MainThread]: Spark adapter: Setting thrift.transport logging to ERROR
[0m14:01:42.396858 [debug] [MainThread]: Spark adapter: Setting thrift.protocol logging to ERROR
[0m14:01:43.567116 [debug] [MainThread]: Sending event: {'category': 'dbt', 'action': 'project_id', 'label': 'e280adb8-c441-4ffa-b155-a2d291fde271', 'context': [<snowplow_tracker.self_describing_json.SelfDescribingJson object at 0x000001EFEC1CBA40>]}
[0m14:01:43.683242 [debug] [MainThread]: Sending event: {'category': 'dbt', 'action': 'adapter_info', 'label': 'e280adb8-c441-4ffa-b155-a2d291fde271', 'context': [<snowplow_tracker.self_describing_json.SelfDescribingJson object at 0x000001EFEC51A3F0>]}
[0m14:01:43.685295 [info ] [MainThread]: Registered adapter: databricks=1.10.9
[0m14:01:44.097323 [debug] [MainThread]: checksum: c6692066af086a4208ee6a2d343b9da3ce9763b98f9383873b954800d1e1f71c, vars: {}, profile: walmart_project, target: dev, version: 1.12.5
[0m14:01:44.344821 [debug] [MainThread]: Partial parsing enabled: 0 files deleted, 0 files added, 0 files changed.
[0m14:01:44.344821 [debug] [MainThread]: Nothing changed, skipping partial parsing.
[0m14:01:44.345822 [debug] [MainThread]: Partial parsing enabled, no changes found, skipping parsing
[0m14:01:44.360555 [debug] [MainThread]: Sending event: {'category': 'dbt', 'action': 'load_project', 'label': 'e280adb8-c441-4ffa-b155-a2d291fde271', 'context': [<snowplow_tracker.self_describing_json.SelfDescribingJson object at 0x000001EFEDAC3F20>]}
[0m14:01:44.713116 [debug] [MainThread]: Wrote artifact WritableManifest to D:\Data-Engineering-Projects\Walmart_Project\data_project_dbt\walmart_project\target\manifest.json
[0m14:01:44.719211 [debug] [MainThread]: Wrote artifact SemanticManifest to D:\Data-Engineering-Projects\Walmart_Project\data_project_dbt\walmart_project\target\semantic_manifest.json
[0m14:01:44.746001 [debug] [MainThread]: Wrote artifact OsiDocument to D:\Data-Engineering-Projects\Walmart_Project\data_project_dbt\walmart_project\target\osi_document.json
[0m14:01:44.763552 [debug] [MainThread]: Sending event: {'category': 'dbt', 'action': 'resource_counts', 'label': 'e280adb8-c441-4ffa-b155-a2d291fde271', 'context': [<snowplow_tracker.self_describing_json.SelfDescribingJson object at 0x000001EFED890FB0>]}
[0m14:01:44.763552 [info ] [MainThread]: Found 6 models, 1 analysis, 4 data tests, 6 sources, 727 macros
[0m14:01:44.764553 [debug] [MainThread]: Sending event: {'category': 'dbt', 'action': 'runnable_timing', 'label': 'e280adb8-c441-4ffa-b155-a2d291fde271', 'context': [<snowplow_tracker.self_describing_json.SelfDescribingJson object at 0x000001EFE38493D0>]}
[0m14:01:44.768998 [info ] [MainThread]: 
[0m14:01:44.768998 [info ] [MainThread]: Concurrency: 1 threads (target='dev')
[0m14:01:44.770008 [info ] [MainThread]: 
[0m14:01:44.770008 [debug] [MainThread]: Databricks adapter: DatabricksDBTConnection(session-id=None, name=master) - Creating connection
[0m14:01:44.771093 [debug] [MainThread]: Acquiring new databricks connection 'master'
[0m14:01:44.778104 [debug] [ThreadPool]: Databricks adapter: DatabricksDBTConnection(session-id=None, name=list_walmart) - Creating connection
[0m14:01:44.779103 [debug] [ThreadPool]: Acquiring new databricks connection 'list_walmart'
[0m14:01:44.779103 [debug] [ThreadPool]: Using databricks connection "list_walmart"
[0m14:01:44.779699 [debug] [ThreadPool]: On list_walmart: GetSchemas(database=walmart, schema=None)
[0m14:01:44.779699 [debug] [ThreadPool]: Opening a new connection, currently in state init
[0m14:01:47.079519 [debug] [ThreadPool]: Databricks adapter: Connection(session-id=01f1b660-0beb-114d-85d6-55f08b21c4ab) - Created
[0m14:01:47.755110 [debug] [ThreadPool]: SQL status: OK in 2.980 seconds
[0m14:01:47.759112 [debug] [ThreadPool]: Databricks adapter: Cursor(session-id=01f1b660-0beb-114d-85d6-55f08b21c4ab, command-id=01f1b660-0cc5-14ce-a470-a3a1e3413774) - Closing
[0m14:01:47.759642 [debug] [ThreadPool]: On list_walmart: Close
[0m14:01:47.760658 [debug] [ThreadPool]: Databricks adapter: Connection(session-id=01f1b660-0beb-114d-85d6-55f08b21c4ab) - Closing
[0m14:01:48.065763 [debug] [ThreadPool]: Databricks adapter: DatabricksDBTConnection(session-id=None, name=list_walmart_silver_t) - Creating connection
[0m14:01:48.066764 [debug] [ThreadPool]: Acquiring new databricks connection 'list_walmart_silver_t'
[0m14:01:48.082896 [debug] [ThreadPool]: Using databricks connection "list_walmart_silver_t"
[0m14:01:48.083896 [debug] [ThreadPool]: On list_walmart_silver_t: /* {"app": "dbt", "dbt_version": "1.12.5", "dbt_databricks_version": "1.10.9", "databricks_sql_connector_version": "4.5.0", "profile_name": "walmart_project", "target_name": "dev", "connection_name": "list_walmart_silver_t"} */

    
SELECT
  table_name,
  if(table_type IN ('EXTERNAL', 'MANAGED', 'MANAGED_SHALLOW_CLONE', 'EXTERNAL_SHALLOW_CLONE'), 'table', lower(table_type)) AS table_type,
  lower(data_source_format) AS file_format,
  table_owner,
  if(
    table_type IN (
      'EXTERNAL',
      'MANAGED',
      'MANAGED_SHALLOW_CLONE',
      'EXTERNAL_SHALLOW_CLONE'
    ),
    lower(table_type),
    NULL
  ) AS databricks_table_type
FROM `system`.`information_schema`.`tables`
WHERE table_catalog = 'walmart' 
  AND table_schema = 'silver_t'

  
[0m14:01:48.083896 [debug] [ThreadPool]: Opening a new connection, currently in state init
[0m14:01:49.222932 [debug] [ThreadPool]: Databricks adapter: Connection(session-id=01f1b660-0ddb-110d-a704-25c91fc75cf3) - Created
[0m14:01:49.962063 [debug] [ThreadPool]: SQL status: OK in 1.880 seconds
[0m14:01:49.975153 [debug] [ThreadPool]: Databricks adapter: Cursor(session-id=01f1b660-0ddb-110d-a704-25c91fc75cf3, command-id=01f1b660-0e0c-1fc5-a649-72a193dca614) - Closing
[0m14:01:49.975153 [debug] [ThreadPool]: On list_walmart_silver_t: Close
[0m14:01:49.976224 [debug] [ThreadPool]: Databricks adapter: Connection(session-id=01f1b660-0ddb-110d-a704-25c91fc75cf3) - Closing
[0m14:01:50.291148 [debug] [MainThread]: Sending event: {'category': 'dbt', 'action': 'runnable_timing', 'label': 'e280adb8-c441-4ffa-b155-a2d291fde271', 'context': [<snowplow_tracker.self_describing_json.SelfDescribingJson object at 0x000001EFEC0ABCE0>]}
[0m14:01:50.296374 [debug] [Thread-3 (]: Began running node model.walmart_project.customers_t
[0m14:01:50.297398 [info ] [Thread-3 (]: 1 of 6 START sql incremental model silver_t.customers_t ........................ [RUN]
[0m14:01:50.299374 [debug] [Thread-3 (]: Databricks adapter: DatabricksDBTConnection(session-id=None, name=model.walmart_project.customers_t) - Creating connection
[0m14:01:50.301977 [debug] [Thread-3 (]: Acquiring new databricks connection 'model.walmart_project.customers_t'
[0m14:01:50.302911 [debug] [Thread-3 (]: Began compiling node model.walmart_project.customers_t
[0m14:01:50.314776 [debug] [Thread-3 (]: Writing injected SQL for node "model.walmart_project.customers_t"
[0m14:01:50.315768 [debug] [Thread-3 (]: Began executing node model.walmart_project.customers_t
[0m14:01:50.365077 [debug] [Thread-3 (]: MATERIALIZING INCREMENTAL
[0m14:01:50.381271 [warn ] [Thread-3 (]: [[33mWARNING[0m]: Use revamped materializations based on separating create and insert.  This allows more performant column comments, as well as new column features.
You may opt into the new behavior sooner by setting `flags.use_materialization_v2` to `True` in `dbt_project.yml`.
Visit https://docs.getdbt.com/reference/global-configs/behavior-changes for more information.
[0m14:01:50.383164 [debug] [Thread-3 (]: Sending event: {'category': 'dbt', 'action': 'BehaviorChangeEvent', 'label': 'e280adb8-c441-4ffa-b155-a2d291fde271', 'context': [<snowplow_tracker.self_describing_json.SelfDescribingJson object at 0x000001EFEDC9B9E0>]}
[0m14:01:50.460181 [debug] [Thread-3 (]: Writing runtime sql for node "model.walmart_project.customers_t"
[0m14:01:50.461277 [debug] [Thread-3 (]: Using databricks connection "model.walmart_project.customers_t"
[0m14:01:50.462178 [debug] [Thread-3 (]: On model.walmart_project.customers_t: /* {"app": "dbt", "dbt_version": "1.12.5", "dbt_databricks_version": "1.10.9", "databricks_sql_connector_version": "4.5.0", "profile_name": "walmart_project", "target_name": "dev", "node_id": "model.walmart_project.customers_t"} */

  
    
        create or replace table `walmart`.`silver_t`.`customers_t`
      
      
  using delta
      
      
      
      
      
      
      
      as
      SELECT 
    *,
    current_timestamp() AS processed_at
FROM 
    `walmart`.`bronze`.`customers`
  
[0m14:01:50.462178 [debug] [Thread-3 (]: Opening a new connection, currently in state init
[0m14:01:51.590356 [debug] [Thread-3 (]: Databricks adapter: Connection(session-id=01f1b660-0f46-19c9-8bed-d7da7f35e960) - Created
[0m14:02:00.276173 [debug] [Thread-3 (]: SQL status: OK in 9.810 seconds
[0m14:02:00.279161 [debug] [Thread-3 (]: Databricks adapter: Cursor(session-id=01f1b660-0f46-19c9-8bed-d7da7f35e960, command-id=01f1b660-0f76-119d-9dd4-9b63da2aa02c) - Closing
[0m14:02:00.642476 [debug] [Thread-3 (]: Applying tags to relation None
[0m14:02:00.674919 [debug] [Thread-3 (]: On model.walmart_project.customers_t: Close
[0m14:02:00.674919 [debug] [Thread-3 (]: Databricks adapter: Connection(session-id=01f1b660-0f46-19c9-8bed-d7da7f35e960) - Closing
[0m14:02:01.008981 [debug] [Thread-3 (]: Sending event: {'category': 'dbt', 'action': 'run_model', 'label': 'e280adb8-c441-4ffa-b155-a2d291fde271', 'context': [<snowplow_tracker.self_describing_json.SelfDescribingJson object at 0x000001EFDDC1EEA0>]}
[0m14:02:01.011101 [info ] [Thread-3 (]: 1 of 6 OK created sql incremental model silver_t.customers_t ................... [[32mOK[0m in 10.70s]
[0m14:02:01.014102 [debug] [Thread-3 (]: Finished running node model.walmart_project.customers_t
[0m14:02:01.015100 [debug] [Thread-3 (]: Began running node model.walmart_project.employees_t
[0m14:02:01.016182 [info ] [Thread-3 (]: 2 of 6 START sql incremental model silver_t.employees_t ........................ [RUN]
[0m14:02:01.018190 [debug] [Thread-3 (]: Databricks adapter: DatabricksDBTConnection(session-id=None, name=model.walmart_project.employees_t) - Creating connection
[0m14:02:01.019182 [debug] [Thread-3 (]: Acquiring new databricks connection 'model.walmart_project.employees_t'
[0m14:02:01.019789 [debug] [Thread-3 (]: Began compiling node model.walmart_project.employees_t
[0m14:02:01.034617 [debug] [Thread-3 (]: Writing injected SQL for node "model.walmart_project.employees_t"
[0m14:02:01.039285 [debug] [Thread-3 (]: Began executing node model.walmart_project.employees_t
[0m14:02:01.044248 [debug] [Thread-3 (]: MATERIALIZING INCREMENTAL
[0m14:02:01.050764 [debug] [Thread-3 (]: Writing runtime sql for node "model.walmart_project.employees_t"
[0m14:02:01.052780 [debug] [Thread-3 (]: Using databricks connection "model.walmart_project.employees_t"
[0m14:02:01.053772 [debug] [Thread-3 (]: On model.walmart_project.employees_t: /* {"app": "dbt", "dbt_version": "1.12.5", "dbt_databricks_version": "1.10.9", "databricks_sql_connector_version": "4.5.0", "profile_name": "walmart_project", "target_name": "dev", "node_id": "model.walmart_project.employees_t"} */

  
    
        create or replace table `walmart`.`silver_t`.`employees_t`
      
      
  using delta
      
      
      
      
      
      
      
      as
      SELECT 
    *,
    current_timestamp() AS processed_at
FROM 
    `walmart`.`bronze`.`employees`
  
[0m14:02:01.055776 [debug] [Thread-3 (]: Opening a new connection, currently in state init
[0m14:02:02.192184 [debug] [Thread-3 (]: Databricks adapter: Connection(session-id=01f1b660-1595-1f5e-88eb-21910126857c) - Created
[0m14:02:06.319147 [debug] [Thread-3 (]: SQL status: OK in 5.260 seconds
[0m14:02:06.320764 [debug] [Thread-3 (]: Databricks adapter: Cursor(session-id=01f1b660-1595-1f5e-88eb-21910126857c, command-id=01f1b660-15c7-1873-8991-8fed01ba1961) - Closing
[0m14:02:06.322772 [debug] [Thread-3 (]: Applying tags to relation None
[0m14:02:06.333309 [debug] [Thread-3 (]: On model.walmart_project.employees_t: Close
[0m14:02:06.334310 [debug] [Thread-3 (]: Databricks adapter: Connection(session-id=01f1b660-1595-1f5e-88eb-21910126857c) - Closing
[0m14:02:06.647175 [debug] [Thread-3 (]: Sending event: {'category': 'dbt', 'action': 'run_model', 'label': 'e280adb8-c441-4ffa-b155-a2d291fde271', 'context': [<snowplow_tracker.self_describing_json.SelfDescribingJson object at 0x000001EFEC6EB890>]}
[0m14:02:06.649119 [info ] [Thread-3 (]: 2 of 6 OK created sql incremental model silver_t.employees_t ................... [[32mOK[0m in 5.63s]
[0m14:02:06.650741 [debug] [Thread-3 (]: Finished running node model.walmart_project.employees_t
[0m14:02:06.651820 [debug] [Thread-3 (]: Began running node model.walmart_project.order_items_t
[0m14:02:06.652810 [info ] [Thread-3 (]: 3 of 6 START sql incremental model silver_t.order_items_t ...................... [RUN]
[0m14:02:06.654825 [debug] [Thread-3 (]: Databricks adapter: DatabricksDBTConnection(session-id=None, name=model.walmart_project.order_items_t) - Creating connection
[0m14:02:06.655838 [debug] [Thread-3 (]: Acquiring new databricks connection 'model.walmart_project.order_items_t'
[0m14:02:06.656733 [debug] [Thread-3 (]: Began compiling node model.walmart_project.order_items_t
[0m14:02:06.662100 [debug] [Thread-3 (]: Writing injected SQL for node "model.walmart_project.order_items_t"
[0m14:02:06.666597 [debug] [Thread-3 (]: Began executing node model.walmart_project.order_items_t
[0m14:02:06.669102 [debug] [Thread-3 (]: MATERIALIZING INCREMENTAL
[0m14:02:06.672319 [debug] [Thread-3 (]: Writing runtime sql for node "model.walmart_project.order_items_t"
[0m14:02:06.674316 [debug] [Thread-3 (]: Using databricks connection "model.walmart_project.order_items_t"
[0m14:02:06.675500 [debug] [Thread-3 (]: On model.walmart_project.order_items_t: /* {"app": "dbt", "dbt_version": "1.12.5", "dbt_databricks_version": "1.10.9", "databricks_sql_connector_version": "4.5.0", "profile_name": "walmart_project", "target_name": "dev", "node_id": "model.walmart_project.order_items_t"} */

  
    
        create or replace table `walmart`.`silver_t`.`order_items_t`
      
      
  using delta
      
      
      
      
      
      
      
      as
      SELECT 
    *,
    current_timestamp() AS processed_at
FROM 
    `walmart`.`bronze`.`order_items`
  
[0m14:02:06.675500 [debug] [Thread-3 (]: Opening a new connection, currently in state init
[0m14:02:07.738432 [debug] [Thread-3 (]: Databricks adapter: Connection(session-id=01f1b660-18e6-1d36-9990-01b89deda4cc) - Created
[0m14:02:12.698406 [debug] [Thread-3 (]: SQL status: OK in 6.020 seconds
[0m14:02:12.699372 [debug] [Thread-3 (]: Databricks adapter: Cursor(session-id=01f1b660-18e6-1d36-9990-01b89deda4cc, command-id=01f1b660-1915-1083-aa59-1a74d05a33fa) - Closing
[0m14:02:12.700860 [debug] [Thread-3 (]: Applying tags to relation None
[0m14:02:12.702838 [debug] [Thread-3 (]: On model.walmart_project.order_items_t: Close
[0m14:02:12.702838 [debug] [Thread-3 (]: Databricks adapter: Connection(session-id=01f1b660-18e6-1d36-9990-01b89deda4cc) - Closing
[0m14:02:13.010172 [debug] [Thread-3 (]: Sending event: {'category': 'dbt', 'action': 'run_model', 'label': 'e280adb8-c441-4ffa-b155-a2d291fde271', 'context': [<snowplow_tracker.self_describing_json.SelfDescribingJson object at 0x000001EFEDC9B9B0>]}
[0m14:02:13.012072 [info ] [Thread-3 (]: 3 of 6 OK created sql incremental model silver_t.order_items_t ................. [[32mOK[0m in 6.36s]
[0m14:02:13.019175 [debug] [Thread-3 (]: Finished running node model.walmart_project.order_items_t
[0m14:02:13.021232 [debug] [Thread-3 (]: Began running node model.walmart_project.orders_t
[0m14:02:13.022477 [info ] [Thread-3 (]: 4 of 6 START sql incremental model silver_t.orders_t ........................... [RUN]
[0m14:02:13.023429 [debug] [Thread-3 (]: Databricks adapter: DatabricksDBTConnection(session-id=None, name=model.walmart_project.orders_t) - Creating connection
[0m14:02:13.024471 [debug] [Thread-3 (]: Acquiring new databricks connection 'model.walmart_project.orders_t'
[0m14:02:13.026353 [debug] [Thread-3 (]: Began compiling node model.walmart_project.orders_t
[0m14:02:13.034081 [debug] [Thread-3 (]: Writing injected SQL for node "model.walmart_project.orders_t"
[0m14:02:13.035087 [debug] [Thread-3 (]: Began executing node model.walmart_project.orders_t
[0m14:02:13.037076 [debug] [Thread-3 (]: MATERIALIZING INCREMENTAL
[0m14:02:13.044618 [debug] [Thread-3 (]: Using databricks connection "model.walmart_project.orders_t"
[0m14:02:13.045620 [debug] [Thread-3 (]: On model.walmart_project.orders_t: /* {"app": "dbt", "dbt_version": "1.12.5", "dbt_databricks_version": "1.10.9", "databricks_sql_connector_version": "4.5.0", "profile_name": "walmart_project", "target_name": "dev", "node_id": "model.walmart_project.orders_t"} */
SELECT tag_name, tag_value
  FROM `system`.`information_schema`.`table_tags`
  WHERE catalog_name = 'walmart' 
    AND schema_name = 'silver_t'
    AND table_name = 'orders_t'
  
[0m14:02:13.045620 [debug] [Thread-3 (]: Opening a new connection, currently in state init
[0m14:02:16.681085 [debug] [Thread-3 (]: Databricks adapter: Connection(session-id=01f1b660-1dbf-1c6d-bcef-4258f25111f2) - Created
[0m14:02:17.242335 [debug] [Thread-3 (]: SQL status: OK in 4.200 seconds
[0m14:02:17.246626 [debug] [Thread-3 (]: Databricks adapter: Cursor(session-id=01f1b660-1dbf-1c6d-bcef-4258f25111f2, command-id=01f1b660-1e69-1ad6-be92-a5a644ed5b8c) - Closing
[0m14:02:17.255159 [debug] [Thread-3 (]: Using databricks connection "model.walmart_project.orders_t"
[0m14:02:17.256162 [debug] [Thread-3 (]: On model.walmart_project.orders_t: /* {"app": "dbt", "dbt_version": "1.12.5", "dbt_databricks_version": "1.10.9", "databricks_sql_connector_version": "4.5.0", "profile_name": "walmart_project", "target_name": "dev", "node_id": "model.walmart_project.orders_t"} */
SELECT 
    column_name,
    tag_name,
    tag_value
  FROM `system`.`information_schema`.`column_tags`
  WHERE catalog_name = 'walmart'
    AND schema_name = 'silver_t'
    AND table_name = 'orders_t';
  
[0m14:02:17.844265 [debug] [Thread-3 (]: SQL status: OK in 0.590 seconds
[0m14:02:17.863312 [debug] [Thread-3 (]: Databricks adapter: Cursor(session-id=01f1b660-1dbf-1c6d-bcef-4258f25111f2, command-id=01f1b660-1ec1-19f4-95ca-dc669ae716d5) - Closing
[0m14:02:17.889274 [debug] [Thread-3 (]: Using databricks connection "model.walmart_project.orders_t"
[0m14:02:17.889274 [debug] [Thread-3 (]: On model.walmart_project.orders_t: /* {"app": "dbt", "dbt_version": "1.12.5", "dbt_databricks_version": "1.10.9", "databricks_sql_connector_version": "4.5.0", "profile_name": "walmart_project", "target_name": "dev", "node_id": "model.walmart_project.orders_t"} */
SELECT column_name
  FROM `walmart`.`information_schema`.`columns`
  WHERE table_catalog = 'walmart' 
    AND table_schema = 'silver_t'
    AND table_name = 'orders_t'
    AND is_nullable = 'NO';
  
[0m14:02:18.599245 [debug] [Thread-3 (]: SQL status: OK in 0.710 seconds
[0m14:02:18.599245 [debug] [Thread-3 (]: Databricks adapter: Cursor(session-id=01f1b660-1dbf-1c6d-bcef-4258f25111f2, command-id=01f1b660-1f22-181f-8e8a-acc01141c4fe) - Closing
[0m14:02:18.620218 [debug] [Thread-3 (]: Using databricks connection "model.walmart_project.orders_t"
[0m14:02:18.621315 [debug] [Thread-3 (]: On model.walmart_project.orders_t: /* {"app": "dbt", "dbt_version": "1.12.5", "dbt_databricks_version": "1.10.9", "databricks_sql_connector_version": "4.5.0", "profile_name": "walmart_project", "target_name": "dev", "node_id": "model.walmart_project.orders_t"} */
SELECT kcu.constraint_name, kcu.column_name
  FROM `walmart`.information_schema.key_column_usage kcu
  WHERE kcu.table_catalog = 'walmart' 
    AND kcu.table_schema = 'silver_t'
    AND kcu.table_name = 'orders_t' 
    AND kcu.constraint_name = (
      SELECT constraint_name
      FROM `walmart`.information_schema.table_constraints
      WHERE table_catalog = 'walmart'
        AND table_schema = 'silver_t'
        AND table_name = 'orders_t' 
        AND constraint_type = 'PRIMARY KEY'
    )
  ORDER BY kcu.ordinal_position;
  
[0m14:02:19.710397 [debug] [Thread-3 (]: SQL status: OK in 1.090 seconds
[0m14:02:19.715910 [debug] [Thread-3 (]: Databricks adapter: Cursor(session-id=01f1b660-1dbf-1c6d-bcef-4258f25111f2, command-id=01f1b660-1f93-106e-9e4d-38bda527d047) - Closing
[0m14:02:19.729249 [debug] [Thread-3 (]: Using databricks connection "model.walmart_project.orders_t"
[0m14:02:19.729249 [debug] [Thread-3 (]: On model.walmart_project.orders_t: /* {"app": "dbt", "dbt_version": "1.12.5", "dbt_databricks_version": "1.10.9", "databricks_sql_connector_version": "4.5.0", "profile_name": "walmart_project", "target_name": "dev", "node_id": "model.walmart_project.orders_t"} */
SELECT
    kcu.constraint_name,
    kcu.column_name AS from_column,
    ukcu.table_catalog AS to_catalog,
    ukcu.table_schema AS to_schema,
    ukcu.table_name AS to_table,
    ukcu.column_name AS to_column
  FROM `walmart`.information_schema.key_column_usage kcu
  JOIN `walmart`.information_schema.referential_constraints rc
    ON kcu.constraint_name = rc.constraint_name
  JOIN `walmart`.information_schema.key_column_usage ukcu
    ON rc.unique_constraint_name = ukcu.constraint_name
    AND kcu.ordinal_position = ukcu.ordinal_position
  WHERE kcu.table_catalog = 'walmart'
    AND kcu.table_schema = 'silver_t'
    AND kcu.table_name = 'orders_t'
    AND kcu.constraint_name IN (
      SELECT constraint_name
      FROM `walmart`.information_schema.table_constraints
      WHERE table_catalog = 'walmart'
        AND table_schema = 'silver_t'
        AND table_name = 'orders_t'
        AND constraint_type = 'FOREIGN KEY'
    )
  ORDER BY kcu.ordinal_position;
  
[0m14:02:21.107777 [debug] [Thread-3 (]: SQL status: OK in 1.380 seconds
[0m14:02:21.110101 [debug] [Thread-3 (]: Databricks adapter: Cursor(session-id=01f1b660-1dbf-1c6d-bcef-4258f25111f2, command-id=01f1b660-203b-1798-ae1b-66c9de155a47) - Closing
[0m14:02:21.117219 [debug] [Thread-3 (]: Using databricks connection "model.walmart_project.orders_t"
[0m14:02:21.118219 [debug] [Thread-3 (]: On model.walmart_project.orders_t: /* {"app": "dbt", "dbt_version": "1.12.5", "dbt_databricks_version": "1.10.9", "databricks_sql_connector_version": "4.5.0", "profile_name": "walmart_project", "target_name": "dev", "node_id": "model.walmart_project.orders_t"} */
SELECT 
    column_name,
    mask_name,
    using_columns
  FROM `system`.`information_schema`.`column_masks`
  WHERE table_catalog = 'walmart'
    AND table_schema = 'silver_t'
    AND table_name = 'orders_t';
  
[0m14:02:21.669456 [debug] [Thread-3 (]: SQL status: OK in 0.550 seconds
[0m14:02:21.675024 [debug] [Thread-3 (]: Databricks adapter: Cursor(session-id=01f1b660-1dbf-1c6d-bcef-4258f25111f2, command-id=01f1b660-210e-189e-82ec-39438a91fc4a) - Closing
[0m14:02:21.691818 [debug] [Thread-3 (]: Using databricks connection "model.walmart_project.orders_t"
[0m14:02:21.692825 [debug] [Thread-3 (]: On model.walmart_project.orders_t: /* {"app": "dbt", "dbt_version": "1.12.5", "dbt_databricks_version": "1.10.9", "databricks_sql_connector_version": "4.5.0", "profile_name": "walmart_project", "target_name": "dev", "node_id": "model.walmart_project.orders_t"} */
SHOW TBLPROPERTIES `walmart`.`silver_t`.`orders_t`
  
[0m14:02:22.353543 [debug] [Thread-3 (]: SQL status: OK in 0.660 seconds
[0m14:02:22.357458 [debug] [Thread-3 (]: Databricks adapter: Cursor(session-id=01f1b660-1dbf-1c6d-bcef-4258f25111f2, command-id=01f1b660-2166-185b-8001-e1f55414d685) - Closing
[0m14:02:22.376347 [debug] [Thread-3 (]: Using databricks connection "model.walmart_project.orders_t"
[0m14:02:22.385492 [debug] [Thread-3 (]: On model.walmart_project.orders_t: /* {"app": "dbt", "dbt_version": "1.12.5", "dbt_databricks_version": "1.10.9", "databricks_sql_connector_version": "4.5.0", "profile_name": "walmart_project", "target_name": "dev", "node_id": "model.walmart_project.orders_t"} */
describe extended `walmart`.`silver_t`.`orders_t`
  
[0m14:02:23.324545 [debug] [Thread-3 (]: SQL status: OK in 0.930 seconds
[0m14:02:23.330194 [debug] [Thread-3 (]: Databricks adapter: Cursor(session-id=01f1b660-1dbf-1c6d-bcef-4258f25111f2, command-id=01f1b660-21d2-1246-b881-f1fd0e568c3a) - Closing
[0m14:02:23.333201 [debug] [Thread-3 (]: Databricks adapter: Getting diff for ColumnCommentsConfig: comments={'order_id': ''} quoted={'order_id': False} persist=False and comments={'order_id': '', 'customer_id': '', 'store_id': '', 'order_timestamp': '', 'payment_method': '', 'order_status': '', 'total_amount': '', 'created_timestamp': '', 'updated_timestamp': '', 'is_active': '', 'processed_at': '', '': ''} quoted={} persist=False
[0m14:02:23.338203 [debug] [Thread-3 (]: Using databricks connection "model.walmart_project.orders_t"
[0m14:02:23.339202 [debug] [Thread-3 (]: On model.walmart_project.orders_t: /* {"app": "dbt", "dbt_version": "1.12.5", "dbt_databricks_version": "1.10.9", "databricks_sql_connector_version": "4.5.0", "profile_name": "walmart_project", "target_name": "dev", "node_id": "model.walmart_project.orders_t"} */

  
    create or replace temporary view `orders_t__dbt_tmp` as
      SELECT 
    *,
    current_timestamp() AS processed_at
FROM 
    `walmart`.`bronze`.`orders`



    WHERE updated_timestamp > (SELECT COALESCE(MAX(updated_timestamp), '1900-01-01') FROM `walmart`.`silver_t`.`orders_t`)
  
[0m14:02:24.444014 [debug] [Thread-3 (]: SQL status: OK in 1.100 seconds
[0m14:02:24.446375 [debug] [Thread-3 (]: Databricks adapter: Cursor(session-id=01f1b660-1dbf-1c6d-bcef-4258f25111f2, command-id=01f1b660-2261-1a5b-8513-dde61a9d83b8) - Closing
[0m14:02:24.475109 [debug] [Thread-3 (]: Using databricks connection "model.walmart_project.orders_t"
[0m14:02:24.475109 [debug] [Thread-3 (]: On model.walmart_project.orders_t: /* {"app": "dbt", "dbt_version": "1.12.5", "dbt_databricks_version": "1.10.9", "databricks_sql_connector_version": "4.5.0", "profile_name": "walmart_project", "target_name": "dev", "node_id": "model.walmart_project.orders_t"} */

    
  DESCRIBE TABLE EXTENDED `walmart`.`silver_t`.`orders_t` AS JSON

  
[0m14:02:25.082956 [debug] [Thread-3 (]: SQL status: OK in 0.610 seconds
[0m14:02:25.086956 [debug] [Thread-3 (]: Databricks adapter: Cursor(session-id=01f1b660-1dbf-1c6d-bcef-4258f25111f2, command-id=01f1b660-230f-1dab-acca-0424dfa1f8ac) - Closing
[0m14:02:25.087960 [debug] [Thread-3 (]: Using databricks connection "model.walmart_project.orders_t"
[0m14:02:25.087960 [debug] [Thread-3 (]: On model.walmart_project.orders_t: /* {"app": "dbt", "dbt_version": "1.12.5", "dbt_databricks_version": "1.10.9", "databricks_sql_connector_version": "4.5.0", "profile_name": "walmart_project", "target_name": "dev", "node_id": "model.walmart_project.orders_t"} */

    
  DESCRIBE TABLE EXTENDED `orders_t__dbt_tmp` AS JSON

  
[0m14:02:25.482113 [debug] [Thread-3 (]: SQL status: OK in 0.390 seconds
[0m14:02:25.487126 [debug] [Thread-3 (]: Databricks adapter: Cursor(session-id=01f1b660-1dbf-1c6d-bcef-4258f25111f2, command-id=01f1b660-236d-1419-a1e1-8f7a00c33ef2) - Closing
[0m14:02:25.496243 [debug] [Thread-3 (]: Writing runtime sql for node "model.walmart_project.orders_t"
[0m14:02:25.497233 [debug] [Thread-3 (]: Using databricks connection "model.walmart_project.orders_t"
[0m14:02:25.498156 [debug] [Thread-3 (]: On model.walmart_project.orders_t: /* {"app": "dbt", "dbt_version": "1.12.5", "dbt_databricks_version": "1.10.9", "databricks_sql_connector_version": "4.5.0", "profile_name": "walmart_project", "target_name": "dev", "node_id": "model.walmart_project.orders_t"} */
-- back compat for old kwarg name
  
  
  
  
  
  
      
          
          
      
  

    merge
    into
        `walmart`.`silver_t`.`orders_t` as DBT_INTERNAL_DEST
    using
        `orders_t__dbt_tmp` as DBT_INTERNAL_SOURCE
    on
        
              DBT_INTERNAL_SOURCE.order_id <=> DBT_INTERNAL_DEST.order_id
          
    when matched
        then update set
            *
    when not matched
        then insert
            *

[0m14:02:30.040722 [debug] [Thread-3 (]: SQL status: OK in 4.540 seconds
[0m14:02:30.043722 [debug] [Thread-3 (]: Databricks adapter: Cursor(session-id=01f1b660-1dbf-1c6d-bcef-4258f25111f2, command-id=01f1b660-23ab-1a7b-95fe-98323f6bf94d) - Closing
[0m14:02:30.046958 [debug] [Thread-3 (]: On model.walmart_project.orders_t: Close
[0m14:02:30.046958 [debug] [Thread-3 (]: Databricks adapter: Connection(session-id=01f1b660-1dbf-1c6d-bcef-4258f25111f2) - Closing
[0m14:02:30.355997 [debug] [Thread-3 (]: Sending event: {'category': 'dbt', 'action': 'run_model', 'label': 'e280adb8-c441-4ffa-b155-a2d291fde271', 'context': [<snowplow_tracker.self_describing_json.SelfDescribingJson object at 0x000001EFEDC66780>]}
[0m14:02:30.357010 [info ] [Thread-3 (]: 4 of 6 OK created sql incremental model silver_t.orders_t ...................... [[32mOK[0m in 17.33s]
[0m14:02:30.358060 [debug] [Thread-3 (]: Finished running node model.walmart_project.orders_t
[0m14:02:30.358060 [debug] [Thread-3 (]: Began running node model.walmart_project.products_t
[0m14:02:30.359568 [info ] [Thread-3 (]: 5 of 6 START sql incremental model silver_t.products_t ......................... [RUN]
[0m14:02:30.360576 [debug] [Thread-3 (]: Databricks adapter: DatabricksDBTConnection(session-id=None, name=model.walmart_project.products_t) - Creating connection
[0m14:02:30.360576 [debug] [Thread-3 (]: Acquiring new databricks connection 'model.walmart_project.products_t'
[0m14:02:30.360576 [debug] [Thread-3 (]: Began compiling node model.walmart_project.products_t
[0m14:02:30.363879 [debug] [Thread-3 (]: Writing injected SQL for node "model.walmart_project.products_t"
[0m14:02:30.364882 [debug] [Thread-3 (]: Began executing node model.walmart_project.products_t
[0m14:02:30.367883 [debug] [Thread-3 (]: MATERIALIZING INCREMENTAL
[0m14:02:30.369393 [debug] [Thread-3 (]: Using databricks connection "model.walmart_project.products_t"
[0m14:02:30.370402 [debug] [Thread-3 (]: On model.walmart_project.products_t: /* {"app": "dbt", "dbt_version": "1.12.5", "dbt_databricks_version": "1.10.9", "databricks_sql_connector_version": "4.5.0", "profile_name": "walmart_project", "target_name": "dev", "node_id": "model.walmart_project.products_t"} */
SELECT tag_name, tag_value
  FROM `system`.`information_schema`.`table_tags`
  WHERE catalog_name = 'walmart' 
    AND schema_name = 'silver_t'
    AND table_name = 'products_t'
  
[0m14:02:30.370402 [debug] [Thread-3 (]: Opening a new connection, currently in state init
[0m14:02:31.482723 [debug] [Thread-3 (]: Databricks adapter: Connection(session-id=01f1b660-270e-15e9-9b77-94abe1889e5c) - Created
[0m14:02:32.081785 [debug] [Thread-3 (]: SQL status: OK in 1.710 seconds
[0m14:02:32.083695 [debug] [Thread-3 (]: Databricks adapter: Cursor(session-id=01f1b660-270e-15e9-9b77-94abe1889e5c, command-id=01f1b660-273c-1d19-bdc5-d61c9b81f52f) - Closing
[0m14:02:32.084694 [debug] [Thread-3 (]: Using databricks connection "model.walmart_project.products_t"
[0m14:02:32.085694 [debug] [Thread-3 (]: On model.walmart_project.products_t: /* {"app": "dbt", "dbt_version": "1.12.5", "dbt_databricks_version": "1.10.9", "databricks_sql_connector_version": "4.5.0", "profile_name": "walmart_project", "target_name": "dev", "node_id": "model.walmart_project.products_t"} */
SELECT 
    column_name,
    tag_name,
    tag_value
  FROM `system`.`information_schema`.`column_tags`
  WHERE catalog_name = 'walmart'
    AND schema_name = 'silver_t'
    AND table_name = 'products_t';
  
[0m14:02:32.645227 [debug] [Thread-3 (]: SQL status: OK in 0.560 seconds
[0m14:02:32.647328 [debug] [Thread-3 (]: Databricks adapter: Cursor(session-id=01f1b660-270e-15e9-9b77-94abe1889e5c, command-id=01f1b660-2799-1f19-a3e7-5071df2907e3) - Closing
[0m14:02:32.648322 [debug] [Thread-3 (]: Using databricks connection "model.walmart_project.products_t"
[0m14:02:32.648322 [debug] [Thread-3 (]: On model.walmart_project.products_t: /* {"app": "dbt", "dbt_version": "1.12.5", "dbt_databricks_version": "1.10.9", "databricks_sql_connector_version": "4.5.0", "profile_name": "walmart_project", "target_name": "dev", "node_id": "model.walmart_project.products_t"} */
SELECT column_name
  FROM `walmart`.`information_schema`.`columns`
  WHERE table_catalog = 'walmart' 
    AND table_schema = 'silver_t'
    AND table_name = 'products_t'
    AND is_nullable = 'NO';
  
[0m14:02:33.255050 [debug] [Thread-3 (]: SQL status: OK in 0.610 seconds
[0m14:02:33.257093 [debug] [Thread-3 (]: Databricks adapter: Cursor(session-id=01f1b660-270e-15e9-9b77-94abe1889e5c, command-id=01f1b660-27ee-14ca-a8d2-9353cf4ccfe3) - Closing
[0m14:02:33.258094 [debug] [Thread-3 (]: Using databricks connection "model.walmart_project.products_t"
[0m14:02:33.258094 [debug] [Thread-3 (]: On model.walmart_project.products_t: /* {"app": "dbt", "dbt_version": "1.12.5", "dbt_databricks_version": "1.10.9", "databricks_sql_connector_version": "4.5.0", "profile_name": "walmart_project", "target_name": "dev", "node_id": "model.walmart_project.products_t"} */
SELECT kcu.constraint_name, kcu.column_name
  FROM `walmart`.information_schema.key_column_usage kcu
  WHERE kcu.table_catalog = 'walmart' 
    AND kcu.table_schema = 'silver_t'
    AND kcu.table_name = 'products_t' 
    AND kcu.constraint_name = (
      SELECT constraint_name
      FROM `walmart`.information_schema.table_constraints
      WHERE table_catalog = 'walmart'
        AND table_schema = 'silver_t'
        AND table_name = 'products_t' 
        AND constraint_type = 'PRIMARY KEY'
    )
  ORDER BY kcu.ordinal_position;
  
[0m14:02:34.084119 [debug] [Thread-3 (]: SQL status: OK in 0.830 seconds
[0m14:02:34.086209 [debug] [Thread-3 (]: Databricks adapter: Cursor(session-id=01f1b660-270e-15e9-9b77-94abe1889e5c, command-id=01f1b660-284b-1e3f-a054-f2bdfa323b97) - Closing
[0m14:02:34.087201 [debug] [Thread-3 (]: Using databricks connection "model.walmart_project.products_t"
[0m14:02:34.088209 [debug] [Thread-3 (]: On model.walmart_project.products_t: /* {"app": "dbt", "dbt_version": "1.12.5", "dbt_databricks_version": "1.10.9", "databricks_sql_connector_version": "4.5.0", "profile_name": "walmart_project", "target_name": "dev", "node_id": "model.walmart_project.products_t"} */
SELECT
    kcu.constraint_name,
    kcu.column_name AS from_column,
    ukcu.table_catalog AS to_catalog,
    ukcu.table_schema AS to_schema,
    ukcu.table_name AS to_table,
    ukcu.column_name AS to_column
  FROM `walmart`.information_schema.key_column_usage kcu
  JOIN `walmart`.information_schema.referential_constraints rc
    ON kcu.constraint_name = rc.constraint_name
  JOIN `walmart`.information_schema.key_column_usage ukcu
    ON rc.unique_constraint_name = ukcu.constraint_name
    AND kcu.ordinal_position = ukcu.ordinal_position
  WHERE kcu.table_catalog = 'walmart'
    AND kcu.table_schema = 'silver_t'
    AND kcu.table_name = 'products_t'
    AND kcu.constraint_name IN (
      SELECT constraint_name
      FROM `walmart`.information_schema.table_constraints
      WHERE table_catalog = 'walmart'
        AND table_schema = 'silver_t'
        AND table_name = 'products_t'
        AND constraint_type = 'FOREIGN KEY'
    )
  ORDER BY kcu.ordinal_position;
  
[0m14:02:36.270428 [debug] [Thread-3 (]: SQL status: OK in 2.180 seconds
[0m14:02:36.270428 [debug] [Thread-3 (]: Databricks adapter: Cursor(session-id=01f1b660-270e-15e9-9b77-94abe1889e5c, command-id=01f1b660-28ca-172b-a0f5-de60b689bbe2) - Closing
[0m14:02:36.270428 [debug] [Thread-3 (]: Using databricks connection "model.walmart_project.products_t"
[0m14:02:36.270428 [debug] [Thread-3 (]: On model.walmart_project.products_t: /* {"app": "dbt", "dbt_version": "1.12.5", "dbt_databricks_version": "1.10.9", "databricks_sql_connector_version": "4.5.0", "profile_name": "walmart_project", "target_name": "dev", "node_id": "model.walmart_project.products_t"} */
SELECT 
    column_name,
    mask_name,
    using_columns
  FROM `system`.`information_schema`.`column_masks`
  WHERE table_catalog = 'walmart'
    AND table_schema = 'silver_t'
    AND table_name = 'products_t';
  
[0m14:02:36.829688 [debug] [Thread-3 (]: SQL status: OK in 0.560 seconds
[0m14:02:36.832772 [debug] [Thread-3 (]: Databricks adapter: Cursor(session-id=01f1b660-270e-15e9-9b77-94abe1889e5c, command-id=01f1b660-2a18-13d1-951e-4686849ed638) - Closing
[0m14:02:36.833682 [debug] [Thread-3 (]: Using databricks connection "model.walmart_project.products_t"
[0m14:02:36.834682 [debug] [Thread-3 (]: On model.walmart_project.products_t: /* {"app": "dbt", "dbt_version": "1.12.5", "dbt_databricks_version": "1.10.9", "databricks_sql_connector_version": "4.5.0", "profile_name": "walmart_project", "target_name": "dev", "node_id": "model.walmart_project.products_t"} */
SHOW TBLPROPERTIES `walmart`.`silver_t`.`products_t`
  
[0m14:02:37.367378 [debug] [Thread-3 (]: SQL status: OK in 0.530 seconds
[0m14:02:37.370286 [debug] [Thread-3 (]: Databricks adapter: Cursor(session-id=01f1b660-270e-15e9-9b77-94abe1889e5c, command-id=01f1b660-2a6d-1b4f-a915-226f03f66d58) - Closing
[0m14:02:37.371516 [debug] [Thread-3 (]: Using databricks connection "model.walmart_project.products_t"
[0m14:02:37.371516 [debug] [Thread-3 (]: On model.walmart_project.products_t: /* {"app": "dbt", "dbt_version": "1.12.5", "dbt_databricks_version": "1.10.9", "databricks_sql_connector_version": "4.5.0", "profile_name": "walmart_project", "target_name": "dev", "node_id": "model.walmart_project.products_t"} */
describe extended `walmart`.`silver_t`.`products_t`
  
[0m14:02:37.910960 [debug] [Thread-3 (]: SQL status: OK in 0.540 seconds
[0m14:02:37.914257 [debug] [Thread-3 (]: Databricks adapter: Cursor(session-id=01f1b660-270e-15e9-9b77-94abe1889e5c, command-id=01f1b660-2ac0-1098-a879-975e9c5b6bef) - Closing
[0m14:02:37.916344 [debug] [Thread-3 (]: Databricks adapter: Getting diff for ColumnCommentsConfig: comments={'product_id': ''} quoted={'product_id': False} persist=False and comments={'product_id': '', 'product_name': '', 'category': '', 'brand': '', 'price': '', 'created_timestamp': '', 'updated_timestamp': '', 'is_active': '', 'processed_at': '', '': ''} quoted={} persist=False
[0m14:02:37.917345 [debug] [Thread-3 (]: Using databricks connection "model.walmart_project.products_t"
[0m14:02:37.918352 [debug] [Thread-3 (]: On model.walmart_project.products_t: /* {"app": "dbt", "dbt_version": "1.12.5", "dbt_databricks_version": "1.10.9", "databricks_sql_connector_version": "4.5.0", "profile_name": "walmart_project", "target_name": "dev", "node_id": "model.walmart_project.products_t"} */

  
    create or replace temporary view `products_t__dbt_tmp` as
      SELECT 
    *,
    current_timestamp() AS processed_at
FROM 
    `walmart`.`bronze`.`products`



    WHERE updated_timestamp > (SELECT COALESCE(MAX(updated_timestamp), '1900-01-01') FROM `walmart`.`silver_t`.`products_t`)
  
[0m14:02:39.711206 [debug] [Thread-3 (]: SQL status: OK in 1.790 seconds
[0m14:02:39.713209 [debug] [Thread-3 (]: Databricks adapter: Cursor(session-id=01f1b660-270e-15e9-9b77-94abe1889e5c, command-id=01f1b660-2b12-1b0a-aa3d-122b2d5c3ecc) - Closing
[0m14:02:39.716501 [debug] [Thread-3 (]: Using databricks connection "model.walmart_project.products_t"
[0m14:02:39.717504 [debug] [Thread-3 (]: On model.walmart_project.products_t: /* {"app": "dbt", "dbt_version": "1.12.5", "dbt_databricks_version": "1.10.9", "databricks_sql_connector_version": "4.5.0", "profile_name": "walmart_project", "target_name": "dev", "node_id": "model.walmart_project.products_t"} */

    
  DESCRIBE TABLE EXTENDED `walmart`.`silver_t`.`products_t` AS JSON

  
[0m14:02:40.294046 [debug] [Thread-3 (]: SQL status: OK in 0.580 seconds
[0m14:02:40.297316 [debug] [Thread-3 (]: Databricks adapter: Cursor(session-id=01f1b660-270e-15e9-9b77-94abe1889e5c, command-id=01f1b660-2c25-199b-93bd-96ecf97842b4) - Closing
[0m14:02:40.298316 [debug] [Thread-3 (]: Using databricks connection "model.walmart_project.products_t"
[0m14:02:40.298316 [debug] [Thread-3 (]: On model.walmart_project.products_t: /* {"app": "dbt", "dbt_version": "1.12.5", "dbt_databricks_version": "1.10.9", "databricks_sql_connector_version": "4.5.0", "profile_name": "walmart_project", "target_name": "dev", "node_id": "model.walmart_project.products_t"} */

    
  DESCRIBE TABLE EXTENDED `products_t__dbt_tmp` AS JSON

  
[0m14:02:40.676544 [debug] [Thread-3 (]: SQL status: OK in 0.380 seconds
[0m14:02:40.678441 [debug] [Thread-3 (]: Databricks adapter: Cursor(session-id=01f1b660-270e-15e9-9b77-94abe1889e5c, command-id=01f1b660-2c7e-19f2-811d-a9f40f50307b) - Closing
[0m14:02:40.679439 [debug] [Thread-3 (]: Writing runtime sql for node "model.walmart_project.products_t"
[0m14:02:40.681437 [debug] [Thread-3 (]: Using databricks connection "model.walmart_project.products_t"
[0m14:02:40.681437 [debug] [Thread-3 (]: On model.walmart_project.products_t: /* {"app": "dbt", "dbt_version": "1.12.5", "dbt_databricks_version": "1.10.9", "databricks_sql_connector_version": "4.5.0", "profile_name": "walmart_project", "target_name": "dev", "node_id": "model.walmart_project.products_t"} */
-- back compat for old kwarg name
  
  
  
  
  
  
      
          
          
      
  

    merge
    into
        `walmart`.`silver_t`.`products_t` as DBT_INTERNAL_DEST
    using
        `products_t__dbt_tmp` as DBT_INTERNAL_SOURCE
    on
        
              DBT_INTERNAL_SOURCE.product_id <=> DBT_INTERNAL_DEST.product_id
          
    when matched
        then update set
            *
    when not matched
        then insert
            *

[0m14:02:43.389324 [debug] [Thread-3 (]: SQL status: OK in 2.710 seconds
[0m14:02:43.392415 [debug] [Thread-3 (]: Databricks adapter: Cursor(session-id=01f1b660-270e-15e9-9b77-94abe1889e5c, command-id=01f1b660-2cb8-1ea5-99f6-f1d63e81a533) - Closing
[0m14:02:43.396664 [debug] [Thread-3 (]: On model.walmart_project.products_t: Close
[0m14:02:43.396664 [debug] [Thread-3 (]: Databricks adapter: Connection(session-id=01f1b660-270e-15e9-9b77-94abe1889e5c) - Closing
[0m14:02:43.715663 [debug] [Thread-3 (]: Sending event: {'category': 'dbt', 'action': 'run_model', 'label': 'e280adb8-c441-4ffa-b155-a2d291fde271', 'context': [<snowplow_tracker.self_describing_json.SelfDescribingJson object at 0x000001EFEDA1E090>]}
[0m14:02:43.716666 [info ] [Thread-3 (]: 5 of 6 OK created sql incremental model silver_t.products_t .................... [[32mOK[0m in 13.36s]
[0m14:02:43.717679 [debug] [Thread-3 (]: Finished running node model.walmart_project.products_t
[0m14:02:43.718577 [debug] [Thread-3 (]: Began running node model.walmart_project.stores_t
[0m14:02:43.718577 [info ] [Thread-3 (]: 6 of 6 START sql incremental model silver_t.stores_t ........................... [RUN]
[0m14:02:43.719572 [debug] [Thread-3 (]: Databricks adapter: DatabricksDBTConnection(session-id=None, name=model.walmart_project.stores_t) - Creating connection
[0m14:02:43.720656 [debug] [Thread-3 (]: Acquiring new databricks connection 'model.walmart_project.stores_t'
[0m14:02:43.720656 [debug] [Thread-3 (]: Began compiling node model.walmart_project.stores_t
[0m14:02:43.724944 [debug] [Thread-3 (]: Writing injected SQL for node "model.walmart_project.stores_t"
[0m14:02:43.725854 [debug] [Thread-3 (]: Began executing node model.walmart_project.stores_t
[0m14:02:43.727863 [debug] [Thread-3 (]: MATERIALIZING INCREMENTAL
[0m14:02:43.729940 [debug] [Thread-3 (]: Writing runtime sql for node "model.walmart_project.stores_t"
[0m14:02:43.730944 [debug] [Thread-3 (]: Using databricks connection "model.walmart_project.stores_t"
[0m14:02:43.731934 [debug] [Thread-3 (]: On model.walmart_project.stores_t: /* {"app": "dbt", "dbt_version": "1.12.5", "dbt_databricks_version": "1.10.9", "databricks_sql_connector_version": "4.5.0", "profile_name": "walmart_project", "target_name": "dev", "node_id": "model.walmart_project.stores_t"} */

  
    
        create or replace table `walmart`.`silver_t`.`stores_t`
      
      
  using delta
      
      
      
      
      
      
      
      as
      SELECT 
    *,
    current_timestamp() AS processed_at
FROM 
    `walmart`.`bronze`.`stores`
  
[0m14:02:43.731934 [debug] [Thread-3 (]: Opening a new connection, currently in state init
[0m14:02:44.829989 [debug] [Thread-3 (]: Databricks adapter: Connection(session-id=01f1b660-2f02-1e99-b580-8711bb93616a) - Created
[0m14:02:48.986312 [debug] [Thread-3 (]: SQL status: OK in 5.250 seconds
[0m14:02:48.987299 [debug] [Thread-3 (]: Databricks adapter: Cursor(session-id=01f1b660-2f02-1e99-b580-8711bb93616a, command-id=01f1b660-2f31-1821-adb2-dde512e11f3d) - Closing
[0m14:02:48.988299 [debug] [Thread-3 (]: Applying tags to relation None
[0m14:02:48.990545 [debug] [Thread-3 (]: On model.walmart_project.stores_t: Close
[0m14:02:48.990545 [debug] [Thread-3 (]: Databricks adapter: Connection(session-id=01f1b660-2f02-1e99-b580-8711bb93616a) - Closing
[0m14:02:49.305974 [debug] [Thread-3 (]: Sending event: {'category': 'dbt', 'action': 'run_model', 'label': 'e280adb8-c441-4ffa-b155-a2d291fde271', 'context': [<snowplow_tracker.self_describing_json.SelfDescribingJson object at 0x000001EFEDC98620>]}
[0m14:02:49.306968 [info ] [Thread-3 (]: 6 of 6 OK created sql incremental model silver_t.stores_t ...................... [[32mOK[0m in 5.59s]
[0m14:02:49.307968 [debug] [Thread-3 (]: Finished running node model.walmart_project.stores_t
[0m14:02:49.310061 [debug] [MainThread]: Databricks adapter: DatabricksDBTConnection(session-id=None, name=master) - Creating connection
[0m14:02:49.310061 [debug] [MainThread]: Acquiring new databricks connection 'master'
[0m14:02:49.310061 [info ] [MainThread]: 
[0m14:02:49.310978 [info ] [MainThread]: Finished running 6 incremental models in 0 hours 1 minutes and 4.54 seconds (64.54s).
[0m14:02:49.311969 [debug] [MainThread]: Command end result
[0m14:02:49.352733 [debug] [MainThread]: Wrote artifact WritableManifest to D:\Data-Engineering-Projects\Walmart_Project\data_project_dbt\walmart_project\target\manifest.json
[0m14:02:49.357735 [debug] [MainThread]: Wrote artifact SemanticManifest to D:\Data-Engineering-Projects\Walmart_Project\data_project_dbt\walmart_project\target\semantic_manifest.json
[0m14:02:49.361747 [debug] [MainThread]: Wrote artifact OsiDocument to D:\Data-Engineering-Projects\Walmart_Project\data_project_dbt\walmart_project\target\osi_document.json
[0m14:02:49.368041 [debug] [MainThread]: Wrote artifact RunExecutionResult to D:\Data-Engineering-Projects\Walmart_Project\data_project_dbt\walmart_project\target\run_results.json
[0m14:02:49.369041 [info ] [MainThread]: 
[0m14:02:49.370083 [info ] [MainThread]: [32mCompleted successfully[0m
[0m14:02:49.370083 [info ] [MainThread]: 
[0m14:02:49.371272 [info ] [MainThread]: Done. PASS=6 WARN=0 ERROR=0 SKIP=0 NO-OP=0 REUSED=0 TOTAL=6
[0m14:02:49.372281 [debug] [MainThread]: Command `dbt run` succeeded at 14:02:49.372281 after 68.47 seconds
[0m14:02:49.373280 [debug] [MainThread]: Sending event: {'category': 'dbt', 'action': 'invocation', 'label': 'end', 'context': [<snowplow_tracker.self_describing_json.SelfDescribingJson object at 0x000001EFE218BA10>, <snowplow_tracker.self_describing_json.SelfDescribingJson object at 0x000001EFE03C6240>, <snowplow_tracker.self_describing_json.SelfDescribingJson object at 0x000001EFE07839B0>]}
[0m14:02:49.374280 [debug] [MainThread]: Flushing usage events
[0m14:02:50.626696 [debug] [MainThread]: An error was encountered while trying to flush usage events
[0m19:01:43.252725 [debug] [MainThread]: Sending event: {'category': 'dbt', 'action': 'invocation', 'label': 'start', 'context': [<snowplow_tracker.self_describing_json.SelfDescribingJson object at 0x000001AE1FF679E0>, <snowplow_tracker.self_describing_json.SelfDescribingJson object at 0x000001AE22AACFE0>, <snowplow_tracker.self_describing_json.SelfDescribingJson object at 0x000001AE22AAFF50>]}


============================== 19:01:43.265259 | b4099f6d-1822-4ebc-b9ff-c3b62058049b ==============================
[0m19:01:43.265259 [info ] [MainThread]: Running with dbt=1.12.5
[0m19:01:43.265259 [debug] [MainThread]: running dbt with arguments {'version_check': 'True', 'no_print': 'None', 'maximum_seed_size_mib': '1', 'target_path': 'None', 'static_parser': 'True', 'warn_error_options': 'WarnErrorOptionsV2(error=[], warn=[], silence=[])', 'printer_width': '80', 'write_json': 'True', 'empty': 'None', 'log_cache_events': 'False', 'introspect': 'True', 'cache_selected_only': 'False', 'fail_fast': 'False', 'debug': 'False', 'log_format': 'default', 'partial_parse': 'True', 'send_anonymous_usage_stats': 'True', 'quiet': 'False', 'warn_error': 'None', 'profiles_dir': 'd:\\Data-Engineering-Projects\\Walmart_Project\\data_project_dbt\\walmart_project', 'indirect_selection': 'eager', 'hints_enabled': 'True', 'use_colors': 'True', 'use_experimental_parser': 'False', 'invocation_command': 'dbt ', 'log_path': 'd:\\Data-Engineering-Projects\\Walmart_Project\\data_project_dbt\\walmart_project\\logs'}
[0m19:01:43.392445 [debug] [MainThread]: Sending event: {'category': 'dbt', 'action': 'project_id', 'label': 'b4099f6d-1822-4ebc-b9ff-c3b62058049b', 'context': [<snowplow_tracker.self_describing_json.SelfDescribingJson object at 0x000001AE201F2D20>]}
[0m19:01:43.498454 [info ] [MainThread]: Warning: No packages were found in packages.yml
[0m19:01:43.501178 [info ] [MainThread]: Warning: No packages were found in packages.yml
[0m19:01:43.519564 [debug] [MainThread]: Command `cli deps` succeeded at 19:01:43.519564 after 0.44 seconds
[0m19:01:43.519564 [debug] [MainThread]: Sending event: {'category': 'dbt', 'action': 'invocation', 'label': 'end', 'context': [<snowplow_tracker.self_describing_json.SelfDescribingJson object at 0x000001AE222ED4C0>, <snowplow_tracker.self_describing_json.SelfDescribingJson object at 0x000001AE24863AD0>, <snowplow_tracker.self_describing_json.SelfDescribingJson object at 0x000001AE1CBFBCE0>]}
[0m19:01:43.519564 [debug] [MainThread]: Flushing usage events
[0m19:01:45.736424 [debug] [MainThread]: An error was encountered while trying to flush usage events
[0m20:13:16.282787 [debug] [MainThread]: Sending event: {'category': 'dbt', 'action': 'invocation', 'label': 'start', 'context': [<snowplow_tracker.self_describing_json.SelfDescribingJson object at 0x000002CA0C0BF8F0>, <snowplow_tracker.self_describing_json.SelfDescribingJson object at 0x000002CA0F4D25A0>, <snowplow_tracker.self_describing_json.SelfDescribingJson object at 0x000002CA0F070CE0>]}


============================== 20:13:16.364344 | 48e87aee-c80d-44cd-b741-ee5c0e8a21fc ==============================
[0m20:13:16.364344 [info ] [MainThread]: Running with dbt=1.12.5
[0m20:13:16.366375 [debug] [MainThread]: running dbt with arguments {'maximum_seed_size_mib': '1', 'no_print': 'None', 'version_check': 'True', 'target_path': 'None', 'warn_error_options': 'WarnErrorOptionsV2(error=[], warn=[], silence=[])', 'static_parser': 'True', 'printer_width': '80', 'write_json': 'True', 'introspect': 'True', 'log_cache_events': 'False', 'empty': 'False', 'cache_selected_only': 'False', 'log_format': 'default', 'debug': 'False', 'fail_fast': 'False', 'profiles_dir': 'D:\\Data-Engineering-Projects\\Walmart_Project\\data_project_dbt\\walmart_project', 'send_anonymous_usage_stats': 'True', 'quiet': 'False', 'warn_error': 'None', 'partial_parse': 'True', 'use_colors': 'True', 'hints_enabled': 'True', 'invocation_command': 'dbt run', 'use_experimental_parser': 'False', 'indirect_selection': 'eager', 'log_path': 'D:\\Data-Engineering-Projects\\Walmart_Project\\data_project_dbt\\walmart_project\\logs'}
[0m20:13:18.098716 [debug] [MainThread]: Spark adapter: Setting pyhive.hive logging to ERROR
[0m20:13:18.098716 [debug] [MainThread]: Spark adapter: Setting thrift.transport logging to ERROR
[0m20:13:18.098716 [debug] [MainThread]: Spark adapter: Setting thrift.protocol logging to ERROR
[0m20:13:23.991660 [debug] [MainThread]: Sending event: {'category': 'dbt', 'action': 'project_id', 'label': '48e87aee-c80d-44cd-b741-ee5c0e8a21fc', 'context': [<snowplow_tracker.self_describing_json.SelfDescribingJson object at 0x000002CA12807860>]}
[0m20:13:24.049279 [debug] [MainThread]: Sending event: {'category': 'dbt', 'action': 'adapter_info', 'label': '48e87aee-c80d-44cd-b741-ee5c0e8a21fc', 'context': [<snowplow_tracker.self_describing_json.SelfDescribingJson object at 0x000002CA0F528B00>]}
[0m20:13:24.050279 [info ] [MainThread]: Registered adapter: databricks=1.10.9
[0m20:13:24.446857 [debug] [MainThread]: checksum: c6692066af086a4208ee6a2d343b9da3ce9763b98f9383873b954800d1e1f71c, vars: {}, profile: walmart_project, target: dev, version: 1.12.5
[0m20:13:24.613511 [debug] [MainThread]: Partial parsing enabled: 0 files deleted, 0 files added, 0 files changed.
[0m20:13:24.614513 [debug] [MainThread]: Nothing changed, skipping partial parsing.
[0m20:13:24.614513 [debug] [MainThread]: Partial parsing enabled, no changes found, skipping parsing
[0m20:13:24.625512 [debug] [MainThread]: Sending event: {'category': 'dbt', 'action': 'load_project', 'label': '48e87aee-c80d-44cd-b741-ee5c0e8a21fc', 'context': [<snowplow_tracker.self_describing_json.SelfDescribingJson object at 0x000002CA0CC5F440>]}
[0m20:13:24.883375 [debug] [MainThread]: Wrote artifact WritableManifest to D:\Data-Engineering-Projects\Walmart_Project\data_project_dbt\walmart_project\target\manifest.json
[0m20:13:24.908928 [debug] [MainThread]: Wrote artifact SemanticManifest to D:\Data-Engineering-Projects\Walmart_Project\data_project_dbt\walmart_project\target\semantic_manifest.json
[0m20:13:25.211620 [debug] [MainThread]: Wrote artifact OsiDocument to D:\Data-Engineering-Projects\Walmart_Project\data_project_dbt\walmart_project\target\osi_document.json
[0m20:13:25.304157 [debug] [MainThread]: Sending event: {'category': 'dbt', 'action': 'resource_counts', 'label': '48e87aee-c80d-44cd-b741-ee5c0e8a21fc', 'context': [<snowplow_tracker.self_describing_json.SelfDescribingJson object at 0x000002CA1C5F4CB0>]}
[0m20:13:25.304663 [info ] [MainThread]: Found 7 models, 1 analysis, 5 data tests, 6 sources, 727 macros
[0m20:13:25.308669 [debug] [MainThread]: Sending event: {'category': 'dbt', 'action': 'runnable_timing', 'label': '48e87aee-c80d-44cd-b741-ee5c0e8a21fc', 'context': [<snowplow_tracker.self_describing_json.SelfDescribingJson object at 0x000002CA1CA74CE0>]}
[0m20:13:25.312623 [info ] [MainThread]: 
[0m20:13:25.314622 [info ] [MainThread]: Concurrency: 1 threads (target='dev')
[0m20:13:25.316624 [info ] [MainThread]: 
[0m20:13:25.319623 [debug] [MainThread]: Databricks adapter: DatabricksDBTConnection(session-id=None, name=master) - Creating connection
[0m20:13:25.319623 [debug] [MainThread]: Acquiring new databricks connection 'master'
[0m20:13:25.334384 [debug] [ThreadPool]: Databricks adapter: DatabricksDBTConnection(session-id=None, name=list_walmart) - Creating connection
[0m20:13:25.334384 [debug] [ThreadPool]: Acquiring new databricks connection 'list_walmart'
[0m20:13:25.335565 [debug] [ThreadPool]: Using databricks connection "list_walmart"
[0m20:13:25.335565 [debug] [ThreadPool]: On list_walmart: GetSchemas(database=walmart, schema=None)
[0m20:13:25.335565 [debug] [ThreadPool]: Opening a new connection, currently in state init
[0m20:13:27.620371 [debug] [ThreadPool]: Databricks adapter: Connection(session-id=01f1b693-f86d-147e-a60a-a8f1854f5fd5) - Created
[0m20:13:28.424163 [debug] [ThreadPool]: SQL status: OK in 3.090 seconds
[0m20:13:28.426255 [debug] [ThreadPool]: Databricks adapter: Cursor(session-id=01f1b693-f86d-147e-a60a-a8f1854f5fd5, command-id=01f1b693-f93b-1b10-a13c-f00c0bc3ad02) - Closing
[0m20:13:28.426255 [debug] [ThreadPool]: On list_walmart: Close
[0m20:13:28.426255 [debug] [ThreadPool]: Databricks adapter: Connection(session-id=01f1b693-f86d-147e-a60a-a8f1854f5fd5) - Closing
[0m20:13:28.713528 [debug] [ThreadPool]: Databricks adapter: DatabricksDBTConnection(session-id=None, name=list_walmart) - Creating connection
[0m20:13:28.714527 [debug] [ThreadPool]: Acquiring new databricks connection 'list_walmart'
[0m20:13:28.714527 [debug] [ThreadPool]: Using databricks connection "list_walmart"
[0m20:13:28.714527 [debug] [ThreadPool]: On list_walmart: GetSchemas(database=walmart, schema=None)
[0m20:13:28.714527 [debug] [ThreadPool]: Opening a new connection, currently in state init
[0m20:13:29.802959 [debug] [ThreadPool]: Databricks adapter: Connection(session-id=01f1b693-fa59-1ec5-afee-f89c4884f9d4) - Created
[0m20:13:30.165013 [debug] [ThreadPool]: SQL status: OK in 1.450 seconds
[0m20:13:30.166009 [debug] [ThreadPool]: Databricks adapter: Cursor(session-id=01f1b693-fa59-1ec5-afee-f89c4884f9d4, command-id=01f1b693-fa88-1271-bd39-044e51eacd7b) - Closing
[0m20:13:30.167009 [debug] [ThreadPool]: On list_walmart: Close
[0m20:13:30.167009 [debug] [ThreadPool]: Databricks adapter: Connection(session-id=01f1b693-fa59-1ec5-afee-f89c4884f9d4) - Closing
[0m20:13:30.476809 [debug] [ThreadPool]: Databricks adapter: DatabricksDBTConnection(session-id=None, name=create_walmart_silver_b) - Creating connection
[0m20:13:30.478244 [debug] [ThreadPool]: Acquiring new databricks connection 'create_walmart_silver_b'
[0m20:13:30.482330 [debug] [ThreadPool]: Creating schema "database: "walmart"
schema: "silver_b"
"
[0m20:13:30.491567 [debug] [ThreadPool]: Using databricks connection "create_walmart_silver_b"
[0m20:13:30.492566 [debug] [ThreadPool]: On create_walmart_silver_b: /* {"app": "dbt", "dbt_version": "1.12.5", "dbt_databricks_version": "1.10.9", "databricks_sql_connector_version": "4.5.0", "profile_name": "walmart_project", "target_name": "dev", "connection_name": "create_walmart_silver_b"} */
create schema if not exists `walmart`.`silver_b`
  
[0m20:13:30.492566 [debug] [ThreadPool]: Opening a new connection, currently in state init
[0m20:13:31.640425 [debug] [ThreadPool]: Databricks adapter: Connection(session-id=01f1b693-fb6f-181c-8fba-6d5c9a99a9d3) - Created
[0m20:13:32.584226 [debug] [ThreadPool]: SQL status: OK in 2.090 seconds
[0m20:13:32.585231 [debug] [ThreadPool]: Databricks adapter: Cursor(session-id=01f1b693-fb6f-181c-8fba-6d5c9a99a9d3, command-id=01f1b693-fba1-150a-ad3d-74503813cc57) - Closing
[0m20:13:32.586232 [debug] [ThreadPool]: On create_walmart_silver_b: Close
[0m20:13:32.586232 [debug] [ThreadPool]: Databricks adapter: Connection(session-id=01f1b693-fb6f-181c-8fba-6d5c9a99a9d3) - Closing
[0m20:13:32.904569 [debug] [ThreadPool]: Databricks adapter: DatabricksDBTConnection(session-id=None, name=list_walmart_silver_b) - Creating connection
[0m20:13:32.905485 [debug] [ThreadPool]: Acquiring new databricks connection 'list_walmart_silver_b'
[0m20:13:32.909487 [debug] [ThreadPool]: Using databricks connection "list_walmart_silver_b"
[0m20:13:32.909487 [debug] [ThreadPool]: On list_walmart_silver_b: /* {"app": "dbt", "dbt_version": "1.12.5", "dbt_databricks_version": "1.10.9", "databricks_sql_connector_version": "4.5.0", "profile_name": "walmart_project", "target_name": "dev", "connection_name": "list_walmart_silver_b"} */

    
SELECT
  table_name,
  if(table_type IN ('EXTERNAL', 'MANAGED', 'MANAGED_SHALLOW_CLONE', 'EXTERNAL_SHALLOW_CLONE'), 'table', lower(table_type)) AS table_type,
  lower(data_source_format) AS file_format,
  table_owner,
  if(
    table_type IN (
      'EXTERNAL',
      'MANAGED',
      'MANAGED_SHALLOW_CLONE',
      'EXTERNAL_SHALLOW_CLONE'
    ),
    lower(table_type),
    NULL
  ) AS databricks_table_type
FROM `system`.`information_schema`.`tables`
WHERE table_catalog = 'walmart' 
  AND table_schema = 'silver_b'

  
[0m20:13:32.909487 [debug] [ThreadPool]: Opening a new connection, currently in state init
[0m20:13:34.025162 [debug] [ThreadPool]: Databricks adapter: Connection(session-id=01f1b693-fcdb-1ce1-a9a8-ec8d453fd02a) - Created
[0m20:13:35.980185 [debug] [ThreadPool]: SQL status: OK in 3.070 seconds
[0m20:13:36.250259 [debug] [ThreadPool]: Databricks adapter: Cursor(session-id=01f1b693-fcdb-1ce1-a9a8-ec8d453fd02a, command-id=01f1b693-fd53-194d-a22f-c0a28c7df21d) - Closing
[0m20:13:36.252255 [debug] [ThreadPool]: On list_walmart_silver_b: Close
[0m20:13:36.253246 [debug] [ThreadPool]: Databricks adapter: Connection(session-id=01f1b693-fcdb-1ce1-a9a8-ec8d453fd02a) - Closing
[0m20:13:36.561159 [debug] [ThreadPool]: Databricks adapter: DatabricksDBTConnection(session-id=None, name=list_walmart_silver_t) - Creating connection
[0m20:13:36.561159 [debug] [ThreadPool]: Acquiring new databricks connection 'list_walmart_silver_t'
[0m20:13:36.562196 [debug] [ThreadPool]: Using databricks connection "list_walmart_silver_t"
[0m20:13:36.563156 [debug] [ThreadPool]: On list_walmart_silver_t: /* {"app": "dbt", "dbt_version": "1.12.5", "dbt_databricks_version": "1.10.9", "databricks_sql_connector_version": "4.5.0", "profile_name": "walmart_project", "target_name": "dev", "connection_name": "list_walmart_silver_t"} */

    
SELECT
  table_name,
  if(table_type IN ('EXTERNAL', 'MANAGED', 'MANAGED_SHALLOW_CLONE', 'EXTERNAL_SHALLOW_CLONE'), 'table', lower(table_type)) AS table_type,
  lower(data_source_format) AS file_format,
  table_owner,
  if(
    table_type IN (
      'EXTERNAL',
      'MANAGED',
      'MANAGED_SHALLOW_CLONE',
      'EXTERNAL_SHALLOW_CLONE'
    ),
    lower(table_type),
    NULL
  ) AS databricks_table_type
FROM `system`.`information_schema`.`tables`
WHERE table_catalog = 'walmart' 
  AND table_schema = 'silver_t'

  
[0m20:13:36.563156 [debug] [ThreadPool]: Opening a new connection, currently in state init
[0m20:13:37.664630 [debug] [ThreadPool]: Databricks adapter: Connection(session-id=01f1b693-ff08-1e05-bcec-3010e21a81cc) - Created
[0m20:13:38.636271 [debug] [ThreadPool]: SQL status: OK in 2.070 seconds
[0m20:13:38.660698 [debug] [ThreadPool]: Databricks adapter: Cursor(session-id=01f1b693-ff08-1e05-bcec-3010e21a81cc, command-id=01f1b693-ff37-1ce2-93fb-ef5dc6c32054) - Closing
[0m20:13:38.662699 [debug] [ThreadPool]: On list_walmart_silver_t: Close
[0m20:13:38.662699 [debug] [ThreadPool]: Databricks adapter: Connection(session-id=01f1b693-ff08-1e05-bcec-3010e21a81cc) - Closing
[0m20:13:38.984112 [debug] [MainThread]: Sending event: {'category': 'dbt', 'action': 'runnable_timing', 'label': '48e87aee-c80d-44cd-b741-ee5c0e8a21fc', 'context': [<snowplow_tracker.self_describing_json.SelfDescribingJson object at 0x000002CA1B52FB30>]}
[0m20:13:38.984112 [debug] [Thread-6 (]: Began running node model.walmart_project.customers_t
[0m20:13:38.984112 [info ] [Thread-6 (]: 1 of 7 START sql incremental model silver_t.customers_t ........................ [RUN]
[0m20:13:38.999893 [debug] [Thread-6 (]: Databricks adapter: DatabricksDBTConnection(session-id=None, name=model.walmart_project.customers_t) - Creating connection
[0m20:13:39.000380 [debug] [Thread-6 (]: Acquiring new databricks connection 'model.walmart_project.customers_t'
[0m20:13:39.000380 [debug] [Thread-6 (]: Began compiling node model.walmart_project.customers_t
[0m20:13:39.010887 [debug] [Thread-6 (]: Writing injected SQL for node "model.walmart_project.customers_t"
[0m20:13:39.039864 [debug] [Thread-6 (]: Began executing node model.walmart_project.customers_t
[0m20:13:39.069514 [debug] [Thread-6 (]: MATERIALIZING INCREMENTAL
[0m20:13:39.077518 [warn ] [Thread-6 (]: [[33mWARNING[0m]: Use revamped materializations based on separating create and insert.  This allows more performant column comments, as well as new column features.
You may opt into the new behavior sooner by setting `flags.use_materialization_v2` to `True` in `dbt_project.yml`.
Visit https://docs.getdbt.com/reference/global-configs/behavior-changes for more information.
[0m20:13:39.078711 [debug] [Thread-6 (]: Sending event: {'category': 'dbt', 'action': 'BehaviorChangeEvent', 'label': '48e87aee-c80d-44cd-b741-ee5c0e8a21fc', 'context': [<snowplow_tracker.self_describing_json.SelfDescribingJson object at 0x000002CA1C6293D0>]}
[0m20:13:39.083689 [debug] [Thread-6 (]: Using databricks connection "model.walmart_project.customers_t"
[0m20:13:39.083689 [debug] [Thread-6 (]: On model.walmart_project.customers_t: /* {"app": "dbt", "dbt_version": "1.12.5", "dbt_databricks_version": "1.10.9", "databricks_sql_connector_version": "4.5.0", "profile_name": "walmart_project", "target_name": "dev", "node_id": "model.walmart_project.customers_t"} */
SELECT tag_name, tag_value
  FROM `system`.`information_schema`.`table_tags`
  WHERE catalog_name = 'walmart' 
    AND schema_name = 'silver_t'
    AND table_name = 'customers_t'
  
[0m20:13:39.083689 [debug] [Thread-6 (]: Opening a new connection, currently in state init
[0m20:13:40.201752 [debug] [Thread-6 (]: Databricks adapter: Connection(session-id=01f1b694-008b-1b7a-ba05-09004b4ba8d5) - Created
[0m20:13:40.829679 [debug] [Thread-6 (]: SQL status: OK in 1.740 seconds
[0m20:13:40.833674 [debug] [Thread-6 (]: Databricks adapter: Cursor(session-id=01f1b694-008b-1b7a-ba05-09004b4ba8d5, command-id=01f1b694-00bb-1e5b-a328-b3d536f701a8) - Closing
[0m20:13:40.833674 [debug] [Thread-6 (]: Using databricks connection "model.walmart_project.customers_t"
[0m20:13:40.833674 [debug] [Thread-6 (]: On model.walmart_project.customers_t: /* {"app": "dbt", "dbt_version": "1.12.5", "dbt_databricks_version": "1.10.9", "databricks_sql_connector_version": "4.5.0", "profile_name": "walmart_project", "target_name": "dev", "node_id": "model.walmart_project.customers_t"} */
SELECT 
    column_name,
    tag_name,
    tag_value
  FROM `system`.`information_schema`.`column_tags`
  WHERE catalog_name = 'walmart'
    AND schema_name = 'silver_t'
    AND table_name = 'customers_t';
  
[0m20:13:41.450298 [debug] [Thread-6 (]: SQL status: OK in 0.620 seconds
[0m20:13:41.452382 [debug] [Thread-6 (]: Databricks adapter: Cursor(session-id=01f1b694-008b-1b7a-ba05-09004b4ba8d5, command-id=01f1b694-011c-1657-bf7f-2b62a036957e) - Closing
[0m20:13:41.456612 [debug] [Thread-6 (]: Using databricks connection "model.walmart_project.customers_t"
[0m20:13:41.456612 [debug] [Thread-6 (]: On model.walmart_project.customers_t: /* {"app": "dbt", "dbt_version": "1.12.5", "dbt_databricks_version": "1.10.9", "databricks_sql_connector_version": "4.5.0", "profile_name": "walmart_project", "target_name": "dev", "node_id": "model.walmart_project.customers_t"} */
SELECT column_name
  FROM `walmart`.`information_schema`.`columns`
  WHERE table_catalog = 'walmart' 
    AND table_schema = 'silver_t'
    AND table_name = 'customers_t'
    AND is_nullable = 'NO';
  
[0m20:13:42.428910 [debug] [Thread-6 (]: SQL status: OK in 0.970 seconds
[0m20:13:42.431998 [debug] [Thread-6 (]: Databricks adapter: Cursor(session-id=01f1b694-008b-1b7a-ba05-09004b4ba8d5, command-id=01f1b694-017b-16ec-a8d4-174d76100f3e) - Closing
[0m20:13:42.439151 [debug] [Thread-6 (]: Using databricks connection "model.walmart_project.customers_t"
[0m20:13:42.439151 [debug] [Thread-6 (]: On model.walmart_project.customers_t: /* {"app": "dbt", "dbt_version": "1.12.5", "dbt_databricks_version": "1.10.9", "databricks_sql_connector_version": "4.5.0", "profile_name": "walmart_project", "target_name": "dev", "node_id": "model.walmart_project.customers_t"} */
SELECT kcu.constraint_name, kcu.column_name
  FROM `walmart`.information_schema.key_column_usage kcu
  WHERE kcu.table_catalog = 'walmart' 
    AND kcu.table_schema = 'silver_t'
    AND kcu.table_name = 'customers_t' 
    AND kcu.constraint_name = (
      SELECT constraint_name
      FROM `walmart`.information_schema.table_constraints
      WHERE table_catalog = 'walmart'
        AND table_schema = 'silver_t'
        AND table_name = 'customers_t' 
        AND constraint_type = 'PRIMARY KEY'
    )
  ORDER BY kcu.ordinal_position;
  
[0m20:13:43.697465 [debug] [Thread-6 (]: SQL status: OK in 1.260 seconds
[0m20:13:43.700113 [debug] [Thread-6 (]: Databricks adapter: Cursor(session-id=01f1b694-008b-1b7a-ba05-09004b4ba8d5, command-id=01f1b694-0211-13f0-bf86-0da4309e7932) - Closing
[0m20:13:43.708858 [debug] [Thread-6 (]: Using databricks connection "model.walmart_project.customers_t"
[0m20:13:43.709858 [debug] [Thread-6 (]: On model.walmart_project.customers_t: /* {"app": "dbt", "dbt_version": "1.12.5", "dbt_databricks_version": "1.10.9", "databricks_sql_connector_version": "4.5.0", "profile_name": "walmart_project", "target_name": "dev", "node_id": "model.walmart_project.customers_t"} */
SELECT
    kcu.constraint_name,
    kcu.column_name AS from_column,
    ukcu.table_catalog AS to_catalog,
    ukcu.table_schema AS to_schema,
    ukcu.table_name AS to_table,
    ukcu.column_name AS to_column
  FROM `walmart`.information_schema.key_column_usage kcu
  JOIN `walmart`.information_schema.referential_constraints rc
    ON kcu.constraint_name = rc.constraint_name
  JOIN `walmart`.information_schema.key_column_usage ukcu
    ON rc.unique_constraint_name = ukcu.constraint_name
    AND kcu.ordinal_position = ukcu.ordinal_position
  WHERE kcu.table_catalog = 'walmart'
    AND kcu.table_schema = 'silver_t'
    AND kcu.table_name = 'customers_t'
    AND kcu.constraint_name IN (
      SELECT constraint_name
      FROM `walmart`.information_schema.table_constraints
      WHERE table_catalog = 'walmart'
        AND table_schema = 'silver_t'
        AND table_name = 'customers_t'
        AND constraint_type = 'FOREIGN KEY'
    )
  ORDER BY kcu.ordinal_position;
  
[0m20:13:45.135178 [debug] [Thread-6 (]: SQL status: OK in 1.420 seconds
[0m20:13:45.140177 [debug] [Thread-6 (]: Databricks adapter: Cursor(session-id=01f1b694-008b-1b7a-ba05-09004b4ba8d5, command-id=01f1b694-02d3-142f-859e-4b81ed51206e) - Closing
[0m20:13:45.151711 [debug] [Thread-6 (]: Using databricks connection "model.walmart_project.customers_t"
[0m20:13:45.153527 [debug] [Thread-6 (]: On model.walmart_project.customers_t: /* {"app": "dbt", "dbt_version": "1.12.5", "dbt_databricks_version": "1.10.9", "databricks_sql_connector_version": "4.5.0", "profile_name": "walmart_project", "target_name": "dev", "node_id": "model.walmart_project.customers_t"} */
SELECT 
    column_name,
    mask_name,
    using_columns
  FROM `system`.`information_schema`.`column_masks`
  WHERE table_catalog = 'walmart'
    AND table_schema = 'silver_t'
    AND table_name = 'customers_t';
  
[0m20:13:45.717014 [debug] [Thread-6 (]: SQL status: OK in 0.560 seconds
[0m20:13:45.722973 [debug] [Thread-6 (]: Databricks adapter: Cursor(session-id=01f1b694-008b-1b7a-ba05-09004b4ba8d5, command-id=01f1b694-03b0-119e-acb8-8be60556c764) - Closing
[0m20:13:45.729953 [debug] [Thread-6 (]: Using databricks connection "model.walmart_project.customers_t"
[0m20:13:45.729953 [debug] [Thread-6 (]: On model.walmart_project.customers_t: /* {"app": "dbt", "dbt_version": "1.12.5", "dbt_databricks_version": "1.10.9", "databricks_sql_connector_version": "4.5.0", "profile_name": "walmart_project", "target_name": "dev", "node_id": "model.walmart_project.customers_t"} */
SHOW TBLPROPERTIES `walmart`.`silver_t`.`customers_t`
  
[0m20:13:46.849559 [debug] [Thread-6 (]: SQL status: OK in 1.120 seconds
[0m20:13:46.863061 [debug] [Thread-6 (]: Databricks adapter: Cursor(session-id=01f1b694-008b-1b7a-ba05-09004b4ba8d5, command-id=01f1b694-0408-1140-b776-66d1764182e6) - Closing
[0m20:13:46.871148 [debug] [Thread-6 (]: Using databricks connection "model.walmart_project.customers_t"
[0m20:13:46.872148 [debug] [Thread-6 (]: On model.walmart_project.customers_t: /* {"app": "dbt", "dbt_version": "1.12.5", "dbt_databricks_version": "1.10.9", "databricks_sql_connector_version": "4.5.0", "profile_name": "walmart_project", "target_name": "dev", "node_id": "model.walmart_project.customers_t"} */
describe extended `walmart`.`silver_t`.`customers_t`
  
[0m20:13:47.596750 [debug] [Thread-6 (]: SQL status: OK in 0.720 seconds
[0m20:13:47.727297 [debug] [Thread-6 (]: Databricks adapter: Cursor(session-id=01f1b694-008b-1b7a-ba05-09004b4ba8d5, command-id=01f1b694-04b5-18f0-a67f-a2abcb8c0f28) - Closing
[0m20:13:47.750363 [debug] [Thread-6 (]: Databricks adapter: Getting diff for ColumnCommentsConfig: comments={} quoted={} persist=False and comments={'customer_id': '', 'first_name': '', 'last_name': '', 'email': '', 'phone': '', 'city': '', 'province': '', 'country': '', 'created_timestamp': '', 'updated_timestamp': '', 'is_active': '', 'processed_at': '', '': ''} quoted={} persist=False
[0m20:13:47.777714 [debug] [Thread-6 (]: Using databricks connection "model.walmart_project.customers_t"
[0m20:13:47.777714 [debug] [Thread-6 (]: On model.walmart_project.customers_t: /* {"app": "dbt", "dbt_version": "1.12.5", "dbt_databricks_version": "1.10.9", "databricks_sql_connector_version": "4.5.0", "profile_name": "walmart_project", "target_name": "dev", "node_id": "model.walmart_project.customers_t"} */

  
    create or replace temporary view `customers_t__dbt_tmp` as
      SELECT 
    *,
    current_timestamp() AS processed_at
FROM 
    `walmart`.`bronze`.`customers`



    WHERE updated_timestamp > (SELECT COALESCE(MAX(updated_timestamp), '1900-01-01') FROM `walmart`.`silver_t`.`customers_t`)
  
[0m20:13:49.194346 [debug] [Thread-6 (]: SQL status: OK in 1.410 seconds
[0m20:13:49.196290 [debug] [Thread-6 (]: Databricks adapter: Cursor(session-id=01f1b694-008b-1b7a-ba05-09004b4ba8d5, command-id=01f1b694-0540-13c6-a967-c84984e00889) - Closing
[0m20:13:49.244894 [debug] [Thread-6 (]: Using databricks connection "model.walmart_project.customers_t"
[0m20:13:49.245901 [debug] [Thread-6 (]: On model.walmart_project.customers_t: /* {"app": "dbt", "dbt_version": "1.12.5", "dbt_databricks_version": "1.10.9", "databricks_sql_connector_version": "4.5.0", "profile_name": "walmart_project", "target_name": "dev", "node_id": "model.walmart_project.customers_t"} */

    
  DESCRIBE TABLE EXTENDED `walmart`.`silver_t`.`customers_t` AS JSON

  
[0m20:13:49.934019 [debug] [Thread-6 (]: SQL status: OK in 0.690 seconds
[0m20:13:49.938410 [debug] [Thread-6 (]: Databricks adapter: Cursor(session-id=01f1b694-008b-1b7a-ba05-09004b4ba8d5, command-id=01f1b694-061f-1fda-97fc-9762646d63e6) - Closing
[0m20:13:49.941401 [debug] [Thread-6 (]: Using databricks connection "model.walmart_project.customers_t"
[0m20:13:49.941401 [debug] [Thread-6 (]: On model.walmart_project.customers_t: /* {"app": "dbt", "dbt_version": "1.12.5", "dbt_databricks_version": "1.10.9", "databricks_sql_connector_version": "4.5.0", "profile_name": "walmart_project", "target_name": "dev", "node_id": "model.walmart_project.customers_t"} */

    
  DESCRIBE TABLE EXTENDED `customers_t__dbt_tmp` AS JSON

  
[0m20:13:50.341635 [debug] [Thread-6 (]: SQL status: OK in 0.400 seconds
[0m20:13:50.346187 [debug] [Thread-6 (]: Databricks adapter: Cursor(session-id=01f1b694-008b-1b7a-ba05-09004b4ba8d5, command-id=01f1b694-0689-1e85-89be-ad105be3dc9e) - Closing
[0m20:13:50.371513 [debug] [Thread-6 (]: Writing runtime sql for node "model.walmart_project.customers_t"
[0m20:13:50.433063 [debug] [Thread-6 (]: Using databricks connection "model.walmart_project.customers_t"
[0m20:13:50.433063 [debug] [Thread-6 (]: On model.walmart_project.customers_t: /* {"app": "dbt", "dbt_version": "1.12.5", "dbt_databricks_version": "1.10.9", "databricks_sql_connector_version": "4.5.0", "profile_name": "walmart_project", "target_name": "dev", "node_id": "model.walmart_project.customers_t"} */
-- back compat for old kwarg name
  
  
  
  
  
  
      
          
          
      
  

    merge
    into
        `walmart`.`silver_t`.`customers_t` as DBT_INTERNAL_DEST
    using
        `customers_t__dbt_tmp` as DBT_INTERNAL_SOURCE
    on
        
              DBT_INTERNAL_SOURCE.customer_id <=> DBT_INTERNAL_DEST.customer_id
          
    when matched
        then update set
            *
    when not matched
        then insert
            *

[0m20:13:57.758397 [debug] [Thread-6 (]: SQL status: OK in 7.320 seconds
[0m20:13:57.761928 [debug] [Thread-6 (]: Databricks adapter: Cursor(session-id=01f1b694-008b-1b7a-ba05-09004b4ba8d5, command-id=01f1b694-06d4-1cdc-b032-556d6c84a1d8) - Closing
[0m20:13:58.190649 [debug] [Thread-6 (]: On model.walmart_project.customers_t: Close
[0m20:13:58.193363 [debug] [Thread-6 (]: Databricks adapter: Connection(session-id=01f1b694-008b-1b7a-ba05-09004b4ba8d5) - Closing
[0m20:13:58.534153 [debug] [Thread-6 (]: Sending event: {'category': 'dbt', 'action': 'run_model', 'label': '48e87aee-c80d-44cd-b741-ee5c0e8a21fc', 'context': [<snowplow_tracker.self_describing_json.SelfDescribingJson object at 0x000002CA1B543410>]}
[0m20:13:58.535678 [info ] [Thread-6 (]: 1 of 7 OK created sql incremental model silver_t.customers_t ................... [[32mOK[0m in 19.54s]
[0m20:13:58.541099 [debug] [Thread-6 (]: Finished running node model.walmart_project.customers_t
[0m20:13:58.542181 [debug] [Thread-6 (]: Began running node model.walmart_project.employees_t
[0m20:13:58.542181 [info ] [Thread-6 (]: 2 of 7 START sql incremental model silver_t.employees_t ........................ [RUN]
[0m20:13:58.543182 [debug] [Thread-6 (]: Databricks adapter: DatabricksDBTConnection(session-id=None, name=model.walmart_project.employees_t) - Creating connection
[0m20:13:58.543182 [debug] [Thread-6 (]: Acquiring new databricks connection 'model.walmart_project.employees_t'
[0m20:13:58.544387 [debug] [Thread-6 (]: Began compiling node model.walmart_project.employees_t
[0m20:13:58.546472 [debug] [Thread-6 (]: Writing injected SQL for node "model.walmart_project.employees_t"
[0m20:13:58.547489 [debug] [Thread-6 (]: Began executing node model.walmart_project.employees_t
[0m20:13:58.549683 [debug] [Thread-6 (]: MATERIALIZING INCREMENTAL
[0m20:13:58.551689 [debug] [Thread-6 (]: Using databricks connection "model.walmart_project.employees_t"
[0m20:13:58.551689 [debug] [Thread-6 (]: On model.walmart_project.employees_t: /* {"app": "dbt", "dbt_version": "1.12.5", "dbt_databricks_version": "1.10.9", "databricks_sql_connector_version": "4.5.0", "profile_name": "walmart_project", "target_name": "dev", "node_id": "model.walmart_project.employees_t"} */
SELECT tag_name, tag_value
  FROM `system`.`information_schema`.`table_tags`
  WHERE catalog_name = 'walmart' 
    AND schema_name = 'silver_t'
    AND table_name = 'employees_t'
  
[0m20:13:58.551689 [debug] [Thread-6 (]: Opening a new connection, currently in state init
[0m20:13:59.664055 [debug] [Thread-6 (]: Databricks adapter: Connection(session-id=01f1b694-0c23-1e6f-8308-c6b8bb7a5129) - Created
[0m20:14:00.233079 [debug] [Thread-6 (]: SQL status: OK in 1.680 seconds
[0m20:14:00.238028 [debug] [Thread-6 (]: Databricks adapter: Cursor(session-id=01f1b694-0c23-1e6f-8308-c6b8bb7a5129, command-id=01f1b694-0c54-1dd6-9b4d-59832e58fb9d) - Closing
[0m20:14:00.240931 [debug] [Thread-6 (]: Using databricks connection "model.walmart_project.employees_t"
[0m20:14:00.241449 [debug] [Thread-6 (]: On model.walmart_project.employees_t: /* {"app": "dbt", "dbt_version": "1.12.5", "dbt_databricks_version": "1.10.9", "databricks_sql_connector_version": "4.5.0", "profile_name": "walmart_project", "target_name": "dev", "node_id": "model.walmart_project.employees_t"} */
SELECT 
    column_name,
    tag_name,
    tag_value
  FROM `system`.`information_schema`.`column_tags`
  WHERE catalog_name = 'walmart'
    AND schema_name = 'silver_t'
    AND table_name = 'employees_t';
  
[0m20:14:00.752298 [debug] [Thread-6 (]: SQL status: OK in 0.510 seconds
[0m20:14:00.757002 [debug] [Thread-6 (]: Databricks adapter: Cursor(session-id=01f1b694-0c23-1e6f-8308-c6b8bb7a5129, command-id=01f1b694-0cac-1e06-b06e-0799f0772177) - Closing
[0m20:14:00.761260 [debug] [Thread-6 (]: Using databricks connection "model.walmart_project.employees_t"
[0m20:14:00.762136 [debug] [Thread-6 (]: On model.walmart_project.employees_t: /* {"app": "dbt", "dbt_version": "1.12.5", "dbt_databricks_version": "1.10.9", "databricks_sql_connector_version": "4.5.0", "profile_name": "walmart_project", "target_name": "dev", "node_id": "model.walmart_project.employees_t"} */
SELECT column_name
  FROM `walmart`.`information_schema`.`columns`
  WHERE table_catalog = 'walmart' 
    AND table_schema = 'silver_t'
    AND table_name = 'employees_t'
    AND is_nullable = 'NO';
  
[0m20:14:01.376445 [debug] [Thread-6 (]: SQL status: OK in 0.610 seconds
[0m20:14:01.380428 [debug] [Thread-6 (]: Databricks adapter: Cursor(session-id=01f1b694-0c23-1e6f-8308-c6b8bb7a5129, command-id=01f1b694-0cfc-1675-9958-0f3325b49e36) - Closing
[0m20:14:01.383445 [debug] [Thread-6 (]: Using databricks connection "model.walmart_project.employees_t"
[0m20:14:01.384866 [debug] [Thread-6 (]: On model.walmart_project.employees_t: /* {"app": "dbt", "dbt_version": "1.12.5", "dbt_databricks_version": "1.10.9", "databricks_sql_connector_version": "4.5.0", "profile_name": "walmart_project", "target_name": "dev", "node_id": "model.walmart_project.employees_t"} */
SELECT kcu.constraint_name, kcu.column_name
  FROM `walmart`.information_schema.key_column_usage kcu
  WHERE kcu.table_catalog = 'walmart' 
    AND kcu.table_schema = 'silver_t'
    AND kcu.table_name = 'employees_t' 
    AND kcu.constraint_name = (
      SELECT constraint_name
      FROM `walmart`.information_schema.table_constraints
      WHERE table_catalog = 'walmart'
        AND table_schema = 'silver_t'
        AND table_name = 'employees_t' 
        AND constraint_type = 'PRIMARY KEY'
    )
  ORDER BY kcu.ordinal_position;
  
[0m20:14:02.166863 [debug] [Thread-6 (]: SQL status: OK in 0.780 seconds
[0m20:14:02.171866 [debug] [Thread-6 (]: Databricks adapter: Cursor(session-id=01f1b694-0c23-1e6f-8308-c6b8bb7a5129, command-id=01f1b694-0d5a-1fc7-9ea6-6c72dcc60ded) - Closing
[0m20:14:02.175409 [debug] [Thread-6 (]: Using databricks connection "model.walmart_project.employees_t"
[0m20:14:02.175409 [debug] [Thread-6 (]: On model.walmart_project.employees_t: /* {"app": "dbt", "dbt_version": "1.12.5", "dbt_databricks_version": "1.10.9", "databricks_sql_connector_version": "4.5.0", "profile_name": "walmart_project", "target_name": "dev", "node_id": "model.walmart_project.employees_t"} */
SELECT
    kcu.constraint_name,
    kcu.column_name AS from_column,
    ukcu.table_catalog AS to_catalog,
    ukcu.table_schema AS to_schema,
    ukcu.table_name AS to_table,
    ukcu.column_name AS to_column
  FROM `walmart`.information_schema.key_column_usage kcu
  JOIN `walmart`.information_schema.referential_constraints rc
    ON kcu.constraint_name = rc.constraint_name
  JOIN `walmart`.information_schema.key_column_usage ukcu
    ON rc.unique_constraint_name = ukcu.constraint_name
    AND kcu.ordinal_position = ukcu.ordinal_position
  WHERE kcu.table_catalog = 'walmart'
    AND kcu.table_schema = 'silver_t'
    AND kcu.table_name = 'employees_t'
    AND kcu.constraint_name IN (
      SELECT constraint_name
      FROM `walmart`.information_schema.table_constraints
      WHERE table_catalog = 'walmart'
        AND table_schema = 'silver_t'
        AND table_name = 'employees_t'
        AND constraint_type = 'FOREIGN KEY'
    )
  ORDER BY kcu.ordinal_position;
  
[0m20:14:03.348283 [debug] [Thread-6 (]: SQL status: OK in 1.170 seconds
[0m20:14:03.350982 [debug] [Thread-6 (]: Databricks adapter: Cursor(session-id=01f1b694-0c23-1e6f-8308-c6b8bb7a5129, command-id=01f1b694-0dd3-1e50-a6bf-5ddacdea288a) - Closing
[0m20:14:03.351993 [debug] [Thread-6 (]: Using databricks connection "model.walmart_project.employees_t"
[0m20:14:03.353501 [debug] [Thread-6 (]: On model.walmart_project.employees_t: /* {"app": "dbt", "dbt_version": "1.12.5", "dbt_databricks_version": "1.10.9", "databricks_sql_connector_version": "4.5.0", "profile_name": "walmart_project", "target_name": "dev", "node_id": "model.walmart_project.employees_t"} */
SELECT 
    column_name,
    mask_name,
    using_columns
  FROM `system`.`information_schema`.`column_masks`
  WHERE table_catalog = 'walmart'
    AND table_schema = 'silver_t'
    AND table_name = 'employees_t';
  
[0m20:14:03.865972 [debug] [Thread-6 (]: SQL status: OK in 0.510 seconds
[0m20:14:03.905328 [debug] [Thread-6 (]: Databricks adapter: Cursor(session-id=01f1b694-0c23-1e6f-8308-c6b8bb7a5129, command-id=01f1b694-0e87-193f-b80d-a7969df1a860) - Closing
[0m20:14:03.905328 [debug] [Thread-6 (]: Using databricks connection "model.walmart_project.employees_t"
[0m20:14:03.932909 [debug] [Thread-6 (]: On model.walmart_project.employees_t: /* {"app": "dbt", "dbt_version": "1.12.5", "dbt_databricks_version": "1.10.9", "databricks_sql_connector_version": "4.5.0", "profile_name": "walmart_project", "target_name": "dev", "node_id": "model.walmart_project.employees_t"} */
SHOW TBLPROPERTIES `walmart`.`silver_t`.`employees_t`
  
[0m20:14:04.572902 [debug] [Thread-6 (]: SQL status: OK in 0.640 seconds
[0m20:14:04.581509 [debug] [Thread-6 (]: Databricks adapter: Cursor(session-id=01f1b694-0c23-1e6f-8308-c6b8bb7a5129, command-id=01f1b694-0ee0-1dd3-9696-2e2848a14cdd) - Closing
[0m20:14:04.584042 [debug] [Thread-6 (]: Using databricks connection "model.walmart_project.employees_t"
[0m20:14:04.584042 [debug] [Thread-6 (]: On model.walmart_project.employees_t: /* {"app": "dbt", "dbt_version": "1.12.5", "dbt_databricks_version": "1.10.9", "databricks_sql_connector_version": "4.5.0", "profile_name": "walmart_project", "target_name": "dev", "node_id": "model.walmart_project.employees_t"} */
describe extended `walmart`.`silver_t`.`employees_t`
  
[0m20:14:05.168101 [debug] [Thread-6 (]: SQL status: OK in 0.580 seconds
[0m20:14:05.174624 [debug] [Thread-6 (]: Databricks adapter: Cursor(session-id=01f1b694-0c23-1e6f-8308-c6b8bb7a5129, command-id=01f1b694-0f45-13eb-a18c-14dc5f597302) - Closing
[0m20:14:05.176635 [debug] [Thread-6 (]: Databricks adapter: Getting diff for ColumnCommentsConfig: comments={} quoted={} persist=False and comments={'employee_id': '', 'store_id': '', 'first_name': '', 'last_name': '', 'email': '', 'job_title': '', 'salary': '', 'created_timestamp': '', 'updated_timestamp': '', 'is_active': '', 'processed_at': '', '': ''} quoted={} persist=False
[0m20:14:05.179633 [debug] [Thread-6 (]: Using databricks connection "model.walmart_project.employees_t"
[0m20:14:05.180637 [debug] [Thread-6 (]: On model.walmart_project.employees_t: /* {"app": "dbt", "dbt_version": "1.12.5", "dbt_databricks_version": "1.10.9", "databricks_sql_connector_version": "4.5.0", "profile_name": "walmart_project", "target_name": "dev", "node_id": "model.walmart_project.employees_t"} */

  
    create or replace temporary view `employees_t__dbt_tmp` as
      SELECT 
    *,
    current_timestamp() AS processed_at
FROM 
    `walmart`.`bronze`.`employees`



    WHERE updated_timestamp > (SELECT COALESCE(MAX(updated_timestamp), '1900-01-01') FROM `walmart`.`silver_t`.`employees_t`)
  
[0m20:14:06.234066 [debug] [Thread-6 (]: SQL status: OK in 1.050 seconds
[0m20:14:06.234066 [debug] [Thread-6 (]: Databricks adapter: Cursor(session-id=01f1b694-0c23-1e6f-8308-c6b8bb7a5129, command-id=01f1b694-0f9f-1a48-92d2-0c01766a0ca8) - Closing
[0m20:14:06.234066 [debug] [Thread-6 (]: Using databricks connection "model.walmart_project.employees_t"
[0m20:14:06.234066 [debug] [Thread-6 (]: On model.walmart_project.employees_t: /* {"app": "dbt", "dbt_version": "1.12.5", "dbt_databricks_version": "1.10.9", "databricks_sql_connector_version": "4.5.0", "profile_name": "walmart_project", "target_name": "dev", "node_id": "model.walmart_project.employees_t"} */

    
  DESCRIBE TABLE EXTENDED `walmart`.`silver_t`.`employees_t` AS JSON

  
[0m20:14:06.872325 [debug] [Thread-6 (]: SQL status: OK in 0.630 seconds
[0m20:14:06.877233 [debug] [Thread-6 (]: Databricks adapter: Cursor(session-id=01f1b694-0c23-1e6f-8308-c6b8bb7a5129, command-id=01f1b694-1040-1715-b24e-cf8272cf71e8) - Closing
[0m20:14:06.879245 [debug] [Thread-6 (]: Using databricks connection "model.walmart_project.employees_t"
[0m20:14:06.880251 [debug] [Thread-6 (]: On model.walmart_project.employees_t: /* {"app": "dbt", "dbt_version": "1.12.5", "dbt_databricks_version": "1.10.9", "databricks_sql_connector_version": "4.5.0", "profile_name": "walmart_project", "target_name": "dev", "node_id": "model.walmart_project.employees_t"} */

    
  DESCRIBE TABLE EXTENDED `employees_t__dbt_tmp` AS JSON

  
[0m20:14:07.259246 [debug] [Thread-6 (]: SQL status: OK in 0.380 seconds
[0m20:14:07.266140 [debug] [Thread-6 (]: Databricks adapter: Cursor(session-id=01f1b694-0c23-1e6f-8308-c6b8bb7a5129, command-id=01f1b694-10a1-1d1a-8a38-f07d5da5ebdd) - Closing
[0m20:14:07.269139 [debug] [Thread-6 (]: Writing runtime sql for node "model.walmart_project.employees_t"
[0m20:14:07.271142 [debug] [Thread-6 (]: Using databricks connection "model.walmart_project.employees_t"
[0m20:14:07.272134 [debug] [Thread-6 (]: On model.walmart_project.employees_t: /* {"app": "dbt", "dbt_version": "1.12.5", "dbt_databricks_version": "1.10.9", "databricks_sql_connector_version": "4.5.0", "profile_name": "walmart_project", "target_name": "dev", "node_id": "model.walmart_project.employees_t"} */
-- back compat for old kwarg name
  
  
  
  
  
  
      
          
          
      
  

    merge
    into
        `walmart`.`silver_t`.`employees_t` as DBT_INTERNAL_DEST
    using
        `employees_t__dbt_tmp` as DBT_INTERNAL_SOURCE
    on
        
              DBT_INTERNAL_SOURCE.employee_id <=> DBT_INTERNAL_DEST.employee_id
          
    when matched
        then update set
            *
    when not matched
        then insert
            *

[0m20:14:10.473000 [debug] [Thread-6 (]: SQL status: OK in 3.200 seconds
[0m20:14:10.474667 [debug] [Thread-6 (]: Databricks adapter: Cursor(session-id=01f1b694-0c23-1e6f-8308-c6b8bb7a5129, command-id=01f1b694-10dd-1a40-89be-7e277f6bcc09) - Closing
[0m20:14:10.479383 [debug] [Thread-6 (]: On model.walmart_project.employees_t: Close
[0m20:14:10.480382 [debug] [Thread-6 (]: Databricks adapter: Connection(session-id=01f1b694-0c23-1e6f-8308-c6b8bb7a5129) - Closing
[0m20:14:10.788734 [debug] [Thread-6 (]: Sending event: {'category': 'dbt', 'action': 'run_model', 'label': '48e87aee-c80d-44cd-b741-ee5c0e8a21fc', 'context': [<snowplow_tracker.self_describing_json.SelfDescribingJson object at 0x000002CA1C5F4200>]}
[0m20:14:10.790817 [info ] [Thread-6 (]: 2 of 7 OK created sql incremental model silver_t.employees_t ................... [[32mOK[0m in 12.25s]
[0m20:14:10.791763 [debug] [Thread-6 (]: Finished running node model.walmart_project.employees_t
[0m20:14:10.793270 [debug] [Thread-6 (]: Began running node model.walmart_project.obt_b
[0m20:14:10.794279 [info ] [Thread-6 (]: 3 of 7 START sql table model silver_b.obt_b .................................... [RUN]
[0m20:14:10.795431 [debug] [Thread-6 (]: Databricks adapter: DatabricksDBTConnection(session-id=None, name=model.walmart_project.obt_b) - Creating connection
[0m20:14:10.797491 [debug] [Thread-6 (]: Acquiring new databricks connection 'model.walmart_project.obt_b'
[0m20:14:10.798482 [debug] [Thread-6 (]: Began compiling node model.walmart_project.obt_b
[0m20:14:10.806408 [debug] [Thread-6 (]: Writing injected SQL for node "model.walmart_project.obt_b"
[0m20:14:10.808397 [debug] [Thread-6 (]: Began executing node model.walmart_project.obt_b
[0m20:14:10.833196 [debug] [Thread-6 (]: MATERIALIZING TABLE
[0m20:14:10.874090 [debug] [Thread-6 (]: Writing runtime sql for node "model.walmart_project.obt_b"
[0m20:14:10.888471 [debug] [Thread-6 (]: Using databricks connection "model.walmart_project.obt_b"
[0m20:14:10.889487 [debug] [Thread-6 (]: On model.walmart_project.obt_b: /* {"app": "dbt", "dbt_version": "1.12.5", "dbt_databricks_version": "1.10.9", "databricks_sql_connector_version": "4.5.0", "profile_name": "walmart_project", "target_name": "dev", "node_id": "model.walmart_project.obt_b"} */

  
    
        create or replace table `walmart`.`silver_b`.`obt_b`
      
      
  using delta
      
      
      
      
      
      
      
      as
      SELECT 
    
        o.order_id,
                        o.store_id,
                        o.order_timestamp,
                        o.payment_method,
                        o.order_status,
                        o.total_amount,
                        o.created_timestamp AS order_created_timestamp,
                        o.updated_timestamp AS order_updated_timestamp,
                        o.is_active AS order_is_active,
                        o.processed_at AS order_processed_at,
                        current_timestamp() AS obt_b_processed_at
                    ,
    
            c.customer_id,
                        c.first_name AS customer_first_name,
                        c.last_name AS customer_last_name,
                        c.email AS customer_email,
                        c.phone AS customer_phone,
                        c.city AS customer_city,
                        c.province AS customer_province,
                        c.country AS customer_country,
                        c.created_timestamp AS customer_created_timestamp,
                        c.updated_timestamp AS customer_updated_timestamp,
                        c.is_active AS customer_is_active,
                        c.processed_at AS customer_processed_at
                    ,
    
                oi.order_item_id,
                            oi.quantity,
                            oi.unit_price,
                            oi.line_amount,
                            oi.created_timestamp AS order_item_created_timestamp,
                            oi.updated_timestamp AS order_item_updated_timestamp,
                            oi.is_active AS order_item_is_active,
                            oi.processed_at AS order_item_processed_at
                    ,
    
                p.product_id,
                            p.product_name,
                            p.category,
                            p.brand,
                            p.price,
                            p.created_timestamp AS product_created_timestamp,
                            p.updated_timestamp AS product_updated_timestamp,
                            p.is_active AS product_is_active,
                            p.processed_at AS product_processed_at
                    ,
    
                e.employee_id,
                                e.first_name AS employee_first_name,
                                e.last_name AS employee_last_name,
                                e.email AS employee_email,
                                e.job_title,
                                e.salary,
                                e.created_timestamp AS employee_created_timestamp,
                                e.updated_timestamp AS employee_updated_timestamp,
                                e.is_active AS employee_is_active,
                                e.processed_at AS employee_processed_at
                    ,
    
                s.store_name,
                            s.city AS store_city,
                            s.province AS store_province,
                            s.country AS store_country,
                            s.created_timestamp AS store_created_timestamp,
                            s.updated_timestamp AS store_updated_timestamp,
                            s.is_active AS store_is_active,
                            s.processed_at AS store_processed_at
                    
    
FROM 
    
        
            walmart.silver_t.orders_t AS o
        
    
        
LEFT JOIN
        walmart.silver_t.customers_t AS c 
        ON o.customer_id = c.customer_id
        
    
        
LEFT JOIN
        walmart.silver_t.order_items_t AS oi 
        ON o.order_id = oi.order_id
        
    
        
LEFT JOIN
        walmart.silver_t.products_t AS p 
        ON oi.product_id = p.product_id
        
    
        
LEFT JOIN
        walmart.silver_t.employees_t AS e 
        ON o.store_id = e.store_id
        
    
        
LEFT JOIN
        walmart.silver_t.stores_t AS s 
        ON o.store_id = s.store_id
  
[0m20:14:10.890478 [debug] [Thread-6 (]: Opening a new connection, currently in state init
[0m20:14:12.034423 [debug] [Thread-6 (]: Databricks adapter: Connection(session-id=01f1b694-1387-1ae1-ab70-328d81938994) - Created
[0m20:14:20.041048 [debug] [Thread-6 (]: SQL status: OK in 9.150 seconds
[0m20:14:20.043663 [debug] [Thread-6 (]: Databricks adapter: Cursor(session-id=01f1b694-1387-1ae1-ab70-328d81938994, command-id=01f1b694-13b6-1c5c-9bd4-d225eddd3546) - Closing
[0m20:14:20.384870 [debug] [Thread-6 (]: Applying tags to relation None
[0m20:14:20.404523 [debug] [Thread-6 (]: On model.walmart_project.obt_b: Close
[0m20:14:20.404523 [debug] [Thread-6 (]: Databricks adapter: Connection(session-id=01f1b694-1387-1ae1-ab70-328d81938994) - Closing
[0m20:14:20.717650 [debug] [Thread-6 (]: Sending event: {'category': 'dbt', 'action': 'run_model', 'label': '48e87aee-c80d-44cd-b741-ee5c0e8a21fc', 'context': [<snowplow_tracker.self_describing_json.SelfDescribingJson object at 0x000002CA12775D60>]}
[0m20:14:20.719648 [info ] [Thread-6 (]: 3 of 7 OK created sql table model silver_b.obt_b ............................... [[32mOK[0m in 9.92s]
[0m20:14:20.720646 [debug] [Thread-6 (]: Finished running node model.walmart_project.obt_b
[0m20:14:20.721319 [debug] [Thread-6 (]: Began running node model.walmart_project.order_items_t
[0m20:14:20.722328 [info ] [Thread-6 (]: 4 of 7 START sql incremental model silver_t.order_items_t ...................... [RUN]
[0m20:14:20.723444 [debug] [Thread-6 (]: Databricks adapter: DatabricksDBTConnection(session-id=None, name=model.walmart_project.order_items_t) - Creating connection
[0m20:14:20.724803 [debug] [Thread-6 (]: Acquiring new databricks connection 'model.walmart_project.order_items_t'
[0m20:14:20.725917 [debug] [Thread-6 (]: Began compiling node model.walmart_project.order_items_t
[0m20:14:20.735730 [debug] [Thread-6 (]: Writing injected SQL for node "model.walmart_project.order_items_t"
[0m20:14:20.737739 [debug] [Thread-6 (]: Began executing node model.walmart_project.order_items_t
[0m20:14:20.738738 [debug] [Thread-6 (]: MATERIALIZING INCREMENTAL
[0m20:14:20.741745 [debug] [Thread-6 (]: Using databricks connection "model.walmart_project.order_items_t"
[0m20:14:20.741745 [debug] [Thread-6 (]: On model.walmart_project.order_items_t: /* {"app": "dbt", "dbt_version": "1.12.5", "dbt_databricks_version": "1.10.9", "databricks_sql_connector_version": "4.5.0", "profile_name": "walmart_project", "target_name": "dev", "node_id": "model.walmart_project.order_items_t"} */
SELECT tag_name, tag_value
  FROM `system`.`information_schema`.`table_tags`
  WHERE catalog_name = 'walmart' 
    AND schema_name = 'silver_t'
    AND table_name = 'order_items_t'
  
[0m20:14:20.743267 [debug] [Thread-6 (]: Opening a new connection, currently in state init
[0m20:14:21.927894 [debug] [Thread-6 (]: Databricks adapter: Connection(session-id=01f1b694-1967-10b1-9efd-e80689fd0ee9) - Created
[0m20:14:22.511738 [debug] [Thread-6 (]: SQL status: OK in 1.770 seconds
[0m20:14:22.515956 [debug] [Thread-6 (]: Databricks adapter: Cursor(session-id=01f1b694-1967-10b1-9efd-e80689fd0ee9, command-id=01f1b694-199a-1d91-badb-6bc97fa3817e) - Closing
[0m20:14:22.518739 [debug] [Thread-6 (]: Using databricks connection "model.walmart_project.order_items_t"
[0m20:14:22.521367 [debug] [Thread-6 (]: On model.walmart_project.order_items_t: /* {"app": "dbt", "dbt_version": "1.12.5", "dbt_databricks_version": "1.10.9", "databricks_sql_connector_version": "4.5.0", "profile_name": "walmart_project", "target_name": "dev", "node_id": "model.walmart_project.order_items_t"} */
SELECT 
    column_name,
    tag_name,
    tag_value
  FROM `system`.`information_schema`.`column_tags`
  WHERE catalog_name = 'walmart'
    AND schema_name = 'silver_t'
    AND table_name = 'order_items_t';
  
[0m20:14:23.132193 [debug] [Thread-6 (]: SQL status: OK in 0.610 seconds
[0m20:14:23.137100 [debug] [Thread-6 (]: Databricks adapter: Cursor(session-id=01f1b694-1967-10b1-9efd-e80689fd0ee9, command-id=01f1b694-19f5-1529-ad82-7a011c08a936) - Closing
[0m20:14:23.139102 [debug] [Thread-6 (]: Using databricks connection "model.walmart_project.order_items_t"
[0m20:14:23.140117 [debug] [Thread-6 (]: On model.walmart_project.order_items_t: /* {"app": "dbt", "dbt_version": "1.12.5", "dbt_databricks_version": "1.10.9", "databricks_sql_connector_version": "4.5.0", "profile_name": "walmart_project", "target_name": "dev", "node_id": "model.walmart_project.order_items_t"} */
SELECT column_name
  FROM `walmart`.`information_schema`.`columns`
  WHERE table_catalog = 'walmart' 
    AND table_schema = 'silver_t'
    AND table_name = 'order_items_t'
    AND is_nullable = 'NO';
  
[0m20:14:23.779435 [debug] [Thread-6 (]: SQL status: OK in 0.640 seconds
[0m20:14:23.781530 [debug] [Thread-6 (]: Databricks adapter: Cursor(session-id=01f1b694-1967-10b1-9efd-e80689fd0ee9, command-id=01f1b694-1a53-19af-928a-36d6a1ff9139) - Closing
[0m20:14:23.786067 [debug] [Thread-6 (]: Using databricks connection "model.walmart_project.order_items_t"
[0m20:14:23.786067 [debug] [Thread-6 (]: On model.walmart_project.order_items_t: /* {"app": "dbt", "dbt_version": "1.12.5", "dbt_databricks_version": "1.10.9", "databricks_sql_connector_version": "4.5.0", "profile_name": "walmart_project", "target_name": "dev", "node_id": "model.walmart_project.order_items_t"} */
SELECT kcu.constraint_name, kcu.column_name
  FROM `walmart`.information_schema.key_column_usage kcu
  WHERE kcu.table_catalog = 'walmart' 
    AND kcu.table_schema = 'silver_t'
    AND kcu.table_name = 'order_items_t' 
    AND kcu.constraint_name = (
      SELECT constraint_name
      FROM `walmart`.information_schema.table_constraints
      WHERE table_catalog = 'walmart'
        AND table_schema = 'silver_t'
        AND table_name = 'order_items_t' 
        AND constraint_type = 'PRIMARY KEY'
    )
  ORDER BY kcu.ordinal_position;
  
[0m20:14:24.580912 [debug] [Thread-6 (]: SQL status: OK in 0.790 seconds
[0m20:14:24.583923 [debug] [Thread-6 (]: Databricks adapter: Cursor(session-id=01f1b694-1967-10b1-9efd-e80689fd0ee9, command-id=01f1b694-1ab6-165b-90ca-2ed649ef77d3) - Closing
[0m20:14:24.586451 [debug] [Thread-6 (]: Using databricks connection "model.walmart_project.order_items_t"
[0m20:14:24.587460 [debug] [Thread-6 (]: On model.walmart_project.order_items_t: /* {"app": "dbt", "dbt_version": "1.12.5", "dbt_databricks_version": "1.10.9", "databricks_sql_connector_version": "4.5.0", "profile_name": "walmart_project", "target_name": "dev", "node_id": "model.walmart_project.order_items_t"} */
SELECT
    kcu.constraint_name,
    kcu.column_name AS from_column,
    ukcu.table_catalog AS to_catalog,
    ukcu.table_schema AS to_schema,
    ukcu.table_name AS to_table,
    ukcu.column_name AS to_column
  FROM `walmart`.information_schema.key_column_usage kcu
  JOIN `walmart`.information_schema.referential_constraints rc
    ON kcu.constraint_name = rc.constraint_name
  JOIN `walmart`.information_schema.key_column_usage ukcu
    ON rc.unique_constraint_name = ukcu.constraint_name
    AND kcu.ordinal_position = ukcu.ordinal_position
  WHERE kcu.table_catalog = 'walmart'
    AND kcu.table_schema = 'silver_t'
    AND kcu.table_name = 'order_items_t'
    AND kcu.constraint_name IN (
      SELECT constraint_name
      FROM `walmart`.information_schema.table_constraints
      WHERE table_catalog = 'walmart'
        AND table_schema = 'silver_t'
        AND table_name = 'order_items_t'
        AND constraint_type = 'FOREIGN KEY'
    )
  ORDER BY kcu.ordinal_position;
  
[0m20:14:25.790435 [debug] [Thread-6 (]: SQL status: OK in 1.200 seconds
[0m20:14:25.794079 [debug] [Thread-6 (]: Databricks adapter: Cursor(session-id=01f1b694-1967-10b1-9efd-e80689fd0ee9, command-id=01f1b694-1b33-10e2-bba8-55a124a9d0ce) - Closing
[0m20:14:25.796212 [debug] [Thread-6 (]: Using databricks connection "model.walmart_project.order_items_t"
[0m20:14:25.797195 [debug] [Thread-6 (]: On model.walmart_project.order_items_t: /* {"app": "dbt", "dbt_version": "1.12.5", "dbt_databricks_version": "1.10.9", "databricks_sql_connector_version": "4.5.0", "profile_name": "walmart_project", "target_name": "dev", "node_id": "model.walmart_project.order_items_t"} */
SELECT 
    column_name,
    mask_name,
    using_columns
  FROM `system`.`information_schema`.`column_masks`
  WHERE table_catalog = 'walmart'
    AND table_schema = 'silver_t'
    AND table_name = 'order_items_t';
  
[0m20:14:26.330607 [debug] [Thread-6 (]: SQL status: OK in 0.530 seconds
[0m20:14:26.333193 [debug] [Thread-6 (]: Databricks adapter: Cursor(session-id=01f1b694-1967-10b1-9efd-e80689fd0ee9, command-id=01f1b694-1be9-1b83-9b76-cfa25c8611b9) - Closing
[0m20:14:26.335213 [debug] [Thread-6 (]: Using databricks connection "model.walmart_project.order_items_t"
[0m20:14:26.336206 [debug] [Thread-6 (]: On model.walmart_project.order_items_t: /* {"app": "dbt", "dbt_version": "1.12.5", "dbt_databricks_version": "1.10.9", "databricks_sql_connector_version": "4.5.0", "profile_name": "walmart_project", "target_name": "dev", "node_id": "model.walmart_project.order_items_t"} */
SHOW TBLPROPERTIES `walmart`.`silver_t`.`order_items_t`
  
[0m20:14:27.099809 [debug] [Thread-6 (]: SQL status: OK in 0.760 seconds
[0m20:14:27.105204 [debug] [Thread-6 (]: Databricks adapter: Cursor(session-id=01f1b694-1967-10b1-9efd-e80689fd0ee9, command-id=01f1b694-1c3b-19dc-a489-19b5d349b853) - Closing
[0m20:14:27.113989 [debug] [Thread-6 (]: Using databricks connection "model.walmart_project.order_items_t"
[0m20:14:27.115998 [debug] [Thread-6 (]: On model.walmart_project.order_items_t: /* {"app": "dbt", "dbt_version": "1.12.5", "dbt_databricks_version": "1.10.9", "databricks_sql_connector_version": "4.5.0", "profile_name": "walmart_project", "target_name": "dev", "node_id": "model.walmart_project.order_items_t"} */
describe extended `walmart`.`silver_t`.`order_items_t`
  
[0m20:14:27.678561 [debug] [Thread-6 (]: SQL status: OK in 0.560 seconds
[0m20:14:27.684789 [debug] [Thread-6 (]: Databricks adapter: Cursor(session-id=01f1b694-1967-10b1-9efd-e80689fd0ee9, command-id=01f1b694-1cb2-1add-980d-65d8136090c2) - Closing
[0m20:14:27.687812 [debug] [Thread-6 (]: Databricks adapter: Getting diff for ColumnCommentsConfig: comments={} quoted={} persist=False and comments={'order_item_id': '', 'order_id': '', 'product_id': '', 'quantity': '', 'unit_price': '', 'line_amount': '', 'created_timestamp': '', 'updated_timestamp': '', 'is_active': '', 'processed_at': '', '': ''} quoted={} persist=False
[0m20:14:27.690797 [debug] [Thread-6 (]: Using databricks connection "model.walmart_project.order_items_t"
[0m20:14:27.691802 [debug] [Thread-6 (]: On model.walmart_project.order_items_t: /* {"app": "dbt", "dbt_version": "1.12.5", "dbt_databricks_version": "1.10.9", "databricks_sql_connector_version": "4.5.0", "profile_name": "walmart_project", "target_name": "dev", "node_id": "model.walmart_project.order_items_t"} */

  
    create or replace temporary view `order_items_t__dbt_tmp` as
      SELECT 
    *,
    current_timestamp() AS processed_at
FROM 
    `walmart`.`bronze`.`order_items`



    WHERE updated_timestamp > (SELECT COALESCE(MAX(updated_timestamp), '1900-01-01') FROM `walmart`.`silver_t`.`order_items_t`)
  
[0m20:14:28.700304 [debug] [Thread-6 (]: SQL status: OK in 1.010 seconds
[0m20:14:28.704646 [debug] [Thread-6 (]: Databricks adapter: Cursor(session-id=01f1b694-1967-10b1-9efd-e80689fd0ee9, command-id=01f1b694-1d0b-1116-b077-ef9e352b2ffa) - Closing
[0m20:14:28.709166 [debug] [Thread-6 (]: Using databricks connection "model.walmart_project.order_items_t"
[0m20:14:28.710291 [debug] [Thread-6 (]: On model.walmart_project.order_items_t: /* {"app": "dbt", "dbt_version": "1.12.5", "dbt_databricks_version": "1.10.9", "databricks_sql_connector_version": "4.5.0", "profile_name": "walmart_project", "target_name": "dev", "node_id": "model.walmart_project.order_items_t"} */

    
  DESCRIBE TABLE EXTENDED `walmart`.`silver_t`.`order_items_t` AS JSON

  
[0m20:14:29.422042 [debug] [Thread-6 (]: SQL status: OK in 0.710 seconds
[0m20:14:29.428601 [debug] [Thread-6 (]: Databricks adapter: Cursor(session-id=01f1b694-1967-10b1-9efd-e80689fd0ee9, command-id=01f1b694-1da5-1bb7-a84a-724161976ce6) - Closing
[0m20:14:29.431602 [debug] [Thread-6 (]: Using databricks connection "model.walmart_project.order_items_t"
[0m20:14:29.433116 [debug] [Thread-6 (]: On model.walmart_project.order_items_t: /* {"app": "dbt", "dbt_version": "1.12.5", "dbt_databricks_version": "1.10.9", "databricks_sql_connector_version": "4.5.0", "profile_name": "walmart_project", "target_name": "dev", "node_id": "model.walmart_project.order_items_t"} */

    
  DESCRIBE TABLE EXTENDED `order_items_t__dbt_tmp` AS JSON

  
[0m20:14:29.884800 [debug] [Thread-6 (]: SQL status: OK in 0.450 seconds
[0m20:14:29.890576 [debug] [Thread-6 (]: Databricks adapter: Cursor(session-id=01f1b694-1967-10b1-9efd-e80689fd0ee9, command-id=01f1b694-1e14-1b94-a2a8-329db7108840) - Closing
[0m20:14:29.894116 [debug] [Thread-6 (]: Writing runtime sql for node "model.walmart_project.order_items_t"
[0m20:14:29.896134 [debug] [Thread-6 (]: Using databricks connection "model.walmart_project.order_items_t"
[0m20:14:29.897127 [debug] [Thread-6 (]: On model.walmart_project.order_items_t: /* {"app": "dbt", "dbt_version": "1.12.5", "dbt_databricks_version": "1.10.9", "databricks_sql_connector_version": "4.5.0", "profile_name": "walmart_project", "target_name": "dev", "node_id": "model.walmart_project.order_items_t"} */
-- back compat for old kwarg name
  
  
  
  
  
  
      
          
          
      
  

    merge
    into
        `walmart`.`silver_t`.`order_items_t` as DBT_INTERNAL_DEST
    using
        `order_items_t__dbt_tmp` as DBT_INTERNAL_SOURCE
    on
        
              DBT_INTERNAL_SOURCE.order_item_id <=> DBT_INTERNAL_DEST.order_item_id
          
    when matched
        then update set
            *
    when not matched
        then insert
            *

[0m20:14:33.676298 [debug] [Thread-6 (]: SQL status: OK in 3.780 seconds
[0m20:14:33.678210 [debug] [Thread-6 (]: Databricks adapter: Cursor(session-id=01f1b694-1967-10b1-9efd-e80689fd0ee9, command-id=01f1b694-1e5b-11dc-a47d-1d7dc55fed38) - Closing
[0m20:14:33.682728 [debug] [Thread-6 (]: On model.walmart_project.order_items_t: Close
[0m20:14:33.682728 [debug] [Thread-6 (]: Databricks adapter: Connection(session-id=01f1b694-1967-10b1-9efd-e80689fd0ee9) - Closing
[0m20:14:34.247941 [debug] [Thread-6 (]: Sending event: {'category': 'dbt', 'action': 'run_model', 'label': '48e87aee-c80d-44cd-b741-ee5c0e8a21fc', 'context': [<snowplow_tracker.self_describing_json.SelfDescribingJson object at 0x000002CA1C91B590>]}
[0m20:14:34.286232 [info ] [Thread-6 (]: 4 of 7 OK created sql incremental model silver_t.order_items_t ................. [[32mOK[0m in 13.52s]
[0m20:14:34.309161 [debug] [Thread-6 (]: Finished running node model.walmart_project.order_items_t
[0m20:14:34.310345 [debug] [Thread-6 (]: Began running node model.walmart_project.orders_t
[0m20:14:34.311332 [info ] [Thread-6 (]: 5 of 7 START sql incremental model silver_t.orders_t ........................... [RUN]
[0m20:14:34.315857 [debug] [Thread-6 (]: Databricks adapter: DatabricksDBTConnection(session-id=None, name=model.walmart_project.orders_t) - Creating connection
[0m20:14:34.331279 [debug] [Thread-6 (]: Acquiring new databricks connection 'model.walmart_project.orders_t'
[0m20:14:34.331279 [debug] [Thread-6 (]: Began compiling node model.walmart_project.orders_t
[0m20:14:34.363411 [debug] [Thread-6 (]: Writing injected SQL for node "model.walmart_project.orders_t"
[0m20:14:34.366063 [debug] [Thread-6 (]: Began executing node model.walmart_project.orders_t
[0m20:14:34.369072 [debug] [Thread-6 (]: MATERIALIZING INCREMENTAL
[0m20:14:34.381323 [debug] [Thread-6 (]: Using databricks connection "model.walmart_project.orders_t"
[0m20:14:34.382377 [debug] [Thread-6 (]: On model.walmart_project.orders_t: /* {"app": "dbt", "dbt_version": "1.12.5", "dbt_databricks_version": "1.10.9", "databricks_sql_connector_version": "4.5.0", "profile_name": "walmart_project", "target_name": "dev", "node_id": "model.walmart_project.orders_t"} */
SELECT tag_name, tag_value
  FROM `system`.`information_schema`.`table_tags`
  WHERE catalog_name = 'walmart' 
    AND schema_name = 'silver_t'
    AND table_name = 'orders_t'
  
[0m20:14:34.382887 [debug] [Thread-6 (]: Opening a new connection, currently in state init
[0m20:14:35.571275 [debug] [Thread-6 (]: Databricks adapter: Connection(session-id=01f1b694-218c-1478-9fda-106fb0d8b311) - Created
[0m20:14:36.132016 [debug] [Thread-6 (]: SQL status: OK in 1.750 seconds
[0m20:14:36.135892 [debug] [Thread-6 (]: Databricks adapter: Cursor(session-id=01f1b694-218c-1478-9fda-106fb0d8b311, command-id=01f1b694-21bc-1d9a-9b82-86d5aafb5778) - Closing
[0m20:14:36.139872 [debug] [Thread-6 (]: Using databricks connection "model.walmart_project.orders_t"
[0m20:14:36.141126 [debug] [Thread-6 (]: On model.walmart_project.orders_t: /* {"app": "dbt", "dbt_version": "1.12.5", "dbt_databricks_version": "1.10.9", "databricks_sql_connector_version": "4.5.0", "profile_name": "walmart_project", "target_name": "dev", "node_id": "model.walmart_project.orders_t"} */
SELECT 
    column_name,
    tag_name,
    tag_value
  FROM `system`.`information_schema`.`column_tags`
  WHERE catalog_name = 'walmart'
    AND schema_name = 'silver_t'
    AND table_name = 'orders_t';
  
[0m20:14:36.677416 [debug] [Thread-6 (]: SQL status: OK in 0.540 seconds
[0m20:14:36.680408 [debug] [Thread-6 (]: Databricks adapter: Cursor(session-id=01f1b694-218c-1478-9fda-106fb0d8b311, command-id=01f1b694-2212-18af-8afb-b13310c42f36) - Closing
[0m20:14:36.681410 [debug] [Thread-6 (]: Using databricks connection "model.walmart_project.orders_t"
[0m20:14:36.682917 [debug] [Thread-6 (]: On model.walmart_project.orders_t: /* {"app": "dbt", "dbt_version": "1.12.5", "dbt_databricks_version": "1.10.9", "databricks_sql_connector_version": "4.5.0", "profile_name": "walmart_project", "target_name": "dev", "node_id": "model.walmart_project.orders_t"} */
SELECT column_name
  FROM `walmart`.`information_schema`.`columns`
  WHERE table_catalog = 'walmart' 
    AND table_schema = 'silver_t'
    AND table_name = 'orders_t'
    AND is_nullable = 'NO';
  
[0m20:14:37.294267 [debug] [Thread-6 (]: SQL status: OK in 0.610 seconds
[0m20:14:37.299277 [debug] [Thread-6 (]: Databricks adapter: Cursor(session-id=01f1b694-218c-1478-9fda-106fb0d8b311, command-id=01f1b694-2265-1f2d-a7b3-4711bb8a8b92) - Closing
[0m20:14:37.303125 [debug] [Thread-6 (]: Using databricks connection "model.walmart_project.orders_t"
[0m20:14:37.303125 [debug] [Thread-6 (]: On model.walmart_project.orders_t: /* {"app": "dbt", "dbt_version": "1.12.5", "dbt_databricks_version": "1.10.9", "databricks_sql_connector_version": "4.5.0", "profile_name": "walmart_project", "target_name": "dev", "node_id": "model.walmart_project.orders_t"} */
SELECT kcu.constraint_name, kcu.column_name
  FROM `walmart`.information_schema.key_column_usage kcu
  WHERE kcu.table_catalog = 'walmart' 
    AND kcu.table_schema = 'silver_t'
    AND kcu.table_name = 'orders_t' 
    AND kcu.constraint_name = (
      SELECT constraint_name
      FROM `walmart`.information_schema.table_constraints
      WHERE table_catalog = 'walmart'
        AND table_schema = 'silver_t'
        AND table_name = 'orders_t' 
        AND constraint_type = 'PRIMARY KEY'
    )
  ORDER BY kcu.ordinal_position;
  
[0m20:14:38.100600 [debug] [Thread-6 (]: SQL status: OK in 0.800 seconds
[0m20:14:38.105953 [debug] [Thread-6 (]: Databricks adapter: Cursor(session-id=01f1b694-218c-1478-9fda-106fb0d8b311, command-id=01f1b694-22c4-19b4-af08-50f1c32d2b8c) - Closing
[0m20:14:38.111965 [debug] [Thread-6 (]: Using databricks connection "model.walmart_project.orders_t"
[0m20:14:38.115015 [debug] [Thread-6 (]: On model.walmart_project.orders_t: /* {"app": "dbt", "dbt_version": "1.12.5", "dbt_databricks_version": "1.10.9", "databricks_sql_connector_version": "4.5.0", "profile_name": "walmart_project", "target_name": "dev", "node_id": "model.walmart_project.orders_t"} */
SELECT
    kcu.constraint_name,
    kcu.column_name AS from_column,
    ukcu.table_catalog AS to_catalog,
    ukcu.table_schema AS to_schema,
    ukcu.table_name AS to_table,
    ukcu.column_name AS to_column
  FROM `walmart`.information_schema.key_column_usage kcu
  JOIN `walmart`.information_schema.referential_constraints rc
    ON kcu.constraint_name = rc.constraint_name
  JOIN `walmart`.information_schema.key_column_usage ukcu
    ON rc.unique_constraint_name = ukcu.constraint_name
    AND kcu.ordinal_position = ukcu.ordinal_position
  WHERE kcu.table_catalog = 'walmart'
    AND kcu.table_schema = 'silver_t'
    AND kcu.table_name = 'orders_t'
    AND kcu.constraint_name IN (
      SELECT constraint_name
      FROM `walmart`.information_schema.table_constraints
      WHERE table_catalog = 'walmart'
        AND table_schema = 'silver_t'
        AND table_name = 'orders_t'
        AND constraint_type = 'FOREIGN KEY'
    )
  ORDER BY kcu.ordinal_position;
  
[0m20:14:39.664580 [debug] [Thread-6 (]: SQL status: OK in 1.550 seconds
[0m20:14:39.668590 [debug] [Thread-6 (]: Databricks adapter: Cursor(session-id=01f1b694-218c-1478-9fda-106fb0d8b311, command-id=01f1b694-2340-16e1-939b-cd4f9c600e2c) - Closing
[0m20:14:39.670590 [debug] [Thread-6 (]: Using databricks connection "model.walmart_project.orders_t"
[0m20:14:39.670590 [debug] [Thread-6 (]: On model.walmart_project.orders_t: /* {"app": "dbt", "dbt_version": "1.12.5", "dbt_databricks_version": "1.10.9", "databricks_sql_connector_version": "4.5.0", "profile_name": "walmart_project", "target_name": "dev", "node_id": "model.walmart_project.orders_t"} */
SELECT 
    column_name,
    mask_name,
    using_columns
  FROM `system`.`information_schema`.`column_masks`
  WHERE table_catalog = 'walmart'
    AND table_schema = 'silver_t'
    AND table_name = 'orders_t';
  
[0m20:14:40.221851 [debug] [Thread-6 (]: SQL status: OK in 0.550 seconds
[0m20:14:40.228396 [debug] [Thread-6 (]: Databricks adapter: Cursor(session-id=01f1b694-218c-1478-9fda-106fb0d8b311, command-id=01f1b694-242d-1b3d-9dd5-e8fd838255e5) - Closing
[0m20:14:40.236621 [debug] [Thread-6 (]: Using databricks connection "model.walmart_project.orders_t"
[0m20:14:40.240887 [debug] [Thread-6 (]: On model.walmart_project.orders_t: /* {"app": "dbt", "dbt_version": "1.12.5", "dbt_databricks_version": "1.10.9", "databricks_sql_connector_version": "4.5.0", "profile_name": "walmart_project", "target_name": "dev", "node_id": "model.walmart_project.orders_t"} */
SHOW TBLPROPERTIES `walmart`.`silver_t`.`orders_t`
  
[0m20:14:40.883023 [debug] [Thread-6 (]: SQL status: OK in 0.640 seconds
[0m20:14:40.897140 [debug] [Thread-6 (]: Databricks adapter: Cursor(session-id=01f1b694-218c-1478-9fda-106fb0d8b311, command-id=01f1b694-2484-1e05-81ec-39ef3a14f244) - Closing
[0m20:14:40.900139 [debug] [Thread-6 (]: Using databricks connection "model.walmart_project.orders_t"
[0m20:14:40.901141 [debug] [Thread-6 (]: On model.walmart_project.orders_t: /* {"app": "dbt", "dbt_version": "1.12.5", "dbt_databricks_version": "1.10.9", "databricks_sql_connector_version": "4.5.0", "profile_name": "walmart_project", "target_name": "dev", "node_id": "model.walmart_project.orders_t"} */
describe extended `walmart`.`silver_t`.`orders_t`
  
[0m20:14:41.465218 [debug] [Thread-6 (]: SQL status: OK in 0.550 seconds
[0m20:14:41.471443 [debug] [Thread-6 (]: Databricks adapter: Cursor(session-id=01f1b694-218c-1478-9fda-106fb0d8b311, command-id=01f1b694-24e9-1df1-98c0-85f4c4da0ddd) - Closing
[0m20:14:41.487374 [debug] [Thread-6 (]: Databricks adapter: Getting diff for ColumnCommentsConfig: comments={'order_id': ''} quoted={'order_id': False} persist=False and comments={'order_id': '', 'customer_id': '', 'store_id': '', 'order_timestamp': '', 'payment_method': '', 'order_status': '', 'total_amount': '', 'created_timestamp': '', 'updated_timestamp': '', 'is_active': '', 'processed_at': '', '': ''} quoted={} persist=False
[0m20:14:41.489324 [debug] [Thread-6 (]: Using databricks connection "model.walmart_project.orders_t"
[0m20:14:41.490312 [debug] [Thread-6 (]: On model.walmart_project.orders_t: /* {"app": "dbt", "dbt_version": "1.12.5", "dbt_databricks_version": "1.10.9", "databricks_sql_connector_version": "4.5.0", "profile_name": "walmart_project", "target_name": "dev", "node_id": "model.walmart_project.orders_t"} */

  
    create or replace temporary view `orders_t__dbt_tmp` as
      SELECT 
    *,
    current_timestamp() AS processed_at
FROM 
    `walmart`.`bronze`.`orders`



    WHERE updated_timestamp > (SELECT COALESCE(MAX(updated_timestamp), '1900-01-01') FROM `walmart`.`silver_t`.`orders_t`)
  
[0m20:14:42.546734 [debug] [Thread-6 (]: SQL status: OK in 1.050 seconds
[0m20:14:42.549729 [debug] [Thread-6 (]: Databricks adapter: Cursor(session-id=01f1b694-218c-1478-9fda-106fb0d8b311, command-id=01f1b694-2543-1b2b-a431-01f56d46b228) - Closing
[0m20:14:42.554815 [debug] [Thread-6 (]: Using databricks connection "model.walmart_project.orders_t"
[0m20:14:42.554815 [debug] [Thread-6 (]: On model.walmart_project.orders_t: /* {"app": "dbt", "dbt_version": "1.12.5", "dbt_databricks_version": "1.10.9", "databricks_sql_connector_version": "4.5.0", "profile_name": "walmart_project", "target_name": "dev", "node_id": "model.walmart_project.orders_t"} */

    
  DESCRIBE TABLE EXTENDED `walmart`.`silver_t`.`orders_t` AS JSON

  
[0m20:14:43.195463 [debug] [Thread-6 (]: SQL status: OK in 0.640 seconds
[0m20:14:43.198553 [debug] [Thread-6 (]: Databricks adapter: Cursor(session-id=01f1b694-218c-1478-9fda-106fb0d8b311, command-id=01f1b694-25e6-15d3-bd3d-3b4ea5bc69b2) - Closing
[0m20:14:43.199563 [debug] [Thread-6 (]: Using databricks connection "model.walmart_project.orders_t"
[0m20:14:43.200463 [debug] [Thread-6 (]: On model.walmart_project.orders_t: /* {"app": "dbt", "dbt_version": "1.12.5", "dbt_databricks_version": "1.10.9", "databricks_sql_connector_version": "4.5.0", "profile_name": "walmart_project", "target_name": "dev", "node_id": "model.walmart_project.orders_t"} */

    
  DESCRIBE TABLE EXTENDED `orders_t__dbt_tmp` AS JSON

  
[0m20:14:43.598945 [debug] [Thread-6 (]: SQL status: OK in 0.400 seconds
[0m20:14:43.605575 [debug] [Thread-6 (]: Databricks adapter: Cursor(session-id=01f1b694-218c-1478-9fda-106fb0d8b311, command-id=01f1b694-2648-128a-afe2-a0b7e0939eaf) - Closing
[0m20:14:43.609461 [debug] [Thread-6 (]: Writing runtime sql for node "model.walmart_project.orders_t"
[0m20:14:43.614184 [debug] [Thread-6 (]: Using databricks connection "model.walmart_project.orders_t"
[0m20:14:43.615192 [debug] [Thread-6 (]: On model.walmart_project.orders_t: /* {"app": "dbt", "dbt_version": "1.12.5", "dbt_databricks_version": "1.10.9", "databricks_sql_connector_version": "4.5.0", "profile_name": "walmart_project", "target_name": "dev", "node_id": "model.walmart_project.orders_t"} */
-- back compat for old kwarg name
  
  
  
  
  
  
      
          
          
      
  

    merge
    into
        `walmart`.`silver_t`.`orders_t` as DBT_INTERNAL_DEST
    using
        `orders_t__dbt_tmp` as DBT_INTERNAL_SOURCE
    on
        
              DBT_INTERNAL_SOURCE.order_id <=> DBT_INTERNAL_DEST.order_id
          
    when matched
        then update set
            *
    when not matched
        then insert
            *

[0m20:14:46.902289 [debug] [Thread-6 (]: SQL status: OK in 3.290 seconds
[0m20:14:46.903914 [debug] [Thread-6 (]: Databricks adapter: Cursor(session-id=01f1b694-218c-1478-9fda-106fb0d8b311, command-id=01f1b694-2687-19bf-b5e1-523de3a54fff) - Closing
[0m20:14:46.908913 [debug] [Thread-6 (]: On model.walmart_project.orders_t: Close
[0m20:14:46.908913 [debug] [Thread-6 (]: Databricks adapter: Connection(session-id=01f1b694-218c-1478-9fda-106fb0d8b311) - Closing
[0m20:14:47.231331 [debug] [Thread-6 (]: Sending event: {'category': 'dbt', 'action': 'run_model', 'label': '48e87aee-c80d-44cd-b741-ee5c0e8a21fc', 'context': [<snowplow_tracker.self_describing_json.SelfDescribingJson object at 0x000002CA110FF710>]}
[0m20:14:47.234966 [info ] [Thread-6 (]: 5 of 7 OK created sql incremental model silver_t.orders_t ...................... [[32mOK[0m in 12.92s]
[0m20:14:47.235993 [debug] [Thread-6 (]: Finished running node model.walmart_project.orders_t
[0m20:14:47.237089 [debug] [Thread-6 (]: Began running node model.walmart_project.products_t
[0m20:14:47.238009 [info ] [Thread-6 (]: 6 of 7 START sql incremental model silver_t.products_t ......................... [RUN]
[0m20:14:47.238974 [debug] [Thread-6 (]: Databricks adapter: DatabricksDBTConnection(session-id=None, name=model.walmart_project.products_t) - Creating connection
[0m20:14:47.240064 [debug] [Thread-6 (]: Acquiring new databricks connection 'model.walmart_project.products_t'
[0m20:14:47.241100 [debug] [Thread-6 (]: Began compiling node model.walmart_project.products_t
[0m20:14:47.258806 [debug] [Thread-6 (]: Writing injected SQL for node "model.walmart_project.products_t"
[0m20:14:47.260847 [debug] [Thread-6 (]: Began executing node model.walmart_project.products_t
[0m20:14:47.263402 [debug] [Thread-6 (]: MATERIALIZING INCREMENTAL
[0m20:14:47.265410 [debug] [Thread-6 (]: Using databricks connection "model.walmart_project.products_t"
[0m20:14:47.265410 [debug] [Thread-6 (]: On model.walmart_project.products_t: /* {"app": "dbt", "dbt_version": "1.12.5", "dbt_databricks_version": "1.10.9", "databricks_sql_connector_version": "4.5.0", "profile_name": "walmart_project", "target_name": "dev", "node_id": "model.walmart_project.products_t"} */
SELECT tag_name, tag_value
  FROM `system`.`information_schema`.`table_tags`
  WHERE catalog_name = 'walmart' 
    AND schema_name = 'silver_t'
    AND table_name = 'products_t'
  
[0m20:14:47.265410 [debug] [Thread-6 (]: Opening a new connection, currently in state init
[0m20:14:48.400386 [debug] [Thread-6 (]: Databricks adapter: Connection(session-id=01f1b694-2930-15cc-86f6-5ce6a74144b1) - Created
[0m20:14:48.948190 [debug] [Thread-6 (]: SQL status: OK in 1.680 seconds
[0m20:14:48.952174 [debug] [Thread-6 (]: Databricks adapter: Cursor(session-id=01f1b694-2930-15cc-86f6-5ce6a74144b1, command-id=01f1b694-2961-16c6-a4df-74adc94b95e3) - Closing
[0m20:14:48.954620 [debug] [Thread-6 (]: Using databricks connection "model.walmart_project.products_t"
[0m20:14:48.955650 [debug] [Thread-6 (]: On model.walmart_project.products_t: /* {"app": "dbt", "dbt_version": "1.12.5", "dbt_databricks_version": "1.10.9", "databricks_sql_connector_version": "4.5.0", "profile_name": "walmart_project", "target_name": "dev", "node_id": "model.walmart_project.products_t"} */
SELECT 
    column_name,
    tag_name,
    tag_value
  FROM `system`.`information_schema`.`column_tags`
  WHERE catalog_name = 'walmart'
    AND schema_name = 'silver_t'
    AND table_name = 'products_t';
  
[0m20:14:49.518694 [debug] [Thread-6 (]: SQL status: OK in 0.560 seconds
[0m20:14:49.523109 [debug] [Thread-6 (]: Databricks adapter: Cursor(session-id=01f1b694-2930-15cc-86f6-5ce6a74144b1, command-id=01f1b694-29b6-1ff5-9a3c-c6c8b30e136d) - Closing
[0m20:14:49.526146 [debug] [Thread-6 (]: Using databricks connection "model.walmart_project.products_t"
[0m20:14:49.526146 [debug] [Thread-6 (]: On model.walmart_project.products_t: /* {"app": "dbt", "dbt_version": "1.12.5", "dbt_databricks_version": "1.10.9", "databricks_sql_connector_version": "4.5.0", "profile_name": "walmart_project", "target_name": "dev", "node_id": "model.walmart_project.products_t"} */
SELECT column_name
  FROM `walmart`.`information_schema`.`columns`
  WHERE table_catalog = 'walmart' 
    AND table_schema = 'silver_t'
    AND table_name = 'products_t'
    AND is_nullable = 'NO';
  
[0m20:14:50.120321 [debug] [Thread-6 (]: SQL status: OK in 0.590 seconds
[0m20:14:50.124727 [debug] [Thread-6 (]: Databricks adapter: Cursor(session-id=01f1b694-2930-15cc-86f6-5ce6a74144b1, command-id=01f1b694-2a0d-1ccd-bee0-9c33648a6c1a) - Closing
[0m20:14:50.126724 [debug] [Thread-6 (]: Using databricks connection "model.walmart_project.products_t"
[0m20:14:50.126724 [debug] [Thread-6 (]: On model.walmart_project.products_t: /* {"app": "dbt", "dbt_version": "1.12.5", "dbt_databricks_version": "1.10.9", "databricks_sql_connector_version": "4.5.0", "profile_name": "walmart_project", "target_name": "dev", "node_id": "model.walmart_project.products_t"} */
SELECT kcu.constraint_name, kcu.column_name
  FROM `walmart`.information_schema.key_column_usage kcu
  WHERE kcu.table_catalog = 'walmart' 
    AND kcu.table_schema = 'silver_t'
    AND kcu.table_name = 'products_t' 
    AND kcu.constraint_name = (
      SELECT constraint_name
      FROM `walmart`.information_schema.table_constraints
      WHERE table_catalog = 'walmart'
        AND table_schema = 'silver_t'
        AND table_name = 'products_t' 
        AND constraint_type = 'PRIMARY KEY'
    )
  ORDER BY kcu.ordinal_position;
  
[0m20:14:50.874829 [debug] [Thread-6 (]: SQL status: OK in 0.750 seconds
[0m20:14:50.880963 [debug] [Thread-6 (]: Databricks adapter: Cursor(session-id=01f1b694-2930-15cc-86f6-5ce6a74144b1, command-id=01f1b694-2a68-1b76-8c94-5ad84a5fdd94) - Closing
[0m20:14:50.883071 [debug] [Thread-6 (]: Using databricks connection "model.walmart_project.products_t"
[0m20:14:50.883683 [debug] [Thread-6 (]: On model.walmart_project.products_t: /* {"app": "dbt", "dbt_version": "1.12.5", "dbt_databricks_version": "1.10.9", "databricks_sql_connector_version": "4.5.0", "profile_name": "walmart_project", "target_name": "dev", "node_id": "model.walmart_project.products_t"} */
SELECT
    kcu.constraint_name,
    kcu.column_name AS from_column,
    ukcu.table_catalog AS to_catalog,
    ukcu.table_schema AS to_schema,
    ukcu.table_name AS to_table,
    ukcu.column_name AS to_column
  FROM `walmart`.information_schema.key_column_usage kcu
  JOIN `walmart`.information_schema.referential_constraints rc
    ON kcu.constraint_name = rc.constraint_name
  JOIN `walmart`.information_schema.key_column_usage ukcu
    ON rc.unique_constraint_name = ukcu.constraint_name
    AND kcu.ordinal_position = ukcu.ordinal_position
  WHERE kcu.table_catalog = 'walmart'
    AND kcu.table_schema = 'silver_t'
    AND kcu.table_name = 'products_t'
    AND kcu.constraint_name IN (
      SELECT constraint_name
      FROM `walmart`.information_schema.table_constraints
      WHERE table_catalog = 'walmart'
        AND table_schema = 'silver_t'
        AND table_name = 'products_t'
        AND constraint_type = 'FOREIGN KEY'
    )
  ORDER BY kcu.ordinal_position;
  
[0m20:14:52.080505 [debug] [Thread-6 (]: SQL status: OK in 1.190 seconds
[0m20:14:52.084117 [debug] [Thread-6 (]: Databricks adapter: Cursor(session-id=01f1b694-2930-15cc-86f6-5ce6a74144b1, command-id=01f1b694-2adb-1d57-ad00-9929b9d72ab0) - Closing
[0m20:14:52.086698 [debug] [Thread-6 (]: Using databricks connection "model.walmart_project.products_t"
[0m20:14:52.087702 [debug] [Thread-6 (]: On model.walmart_project.products_t: /* {"app": "dbt", "dbt_version": "1.12.5", "dbt_databricks_version": "1.10.9", "databricks_sql_connector_version": "4.5.0", "profile_name": "walmart_project", "target_name": "dev", "node_id": "model.walmart_project.products_t"} */
SELECT 
    column_name,
    mask_name,
    using_columns
  FROM `system`.`information_schema`.`column_masks`
  WHERE table_catalog = 'walmart'
    AND table_schema = 'silver_t'
    AND table_name = 'products_t';
  
[0m20:14:52.595214 [debug] [Thread-6 (]: SQL status: OK in 0.510 seconds
[0m20:14:52.600217 [debug] [Thread-6 (]: Databricks adapter: Cursor(session-id=01f1b694-2930-15cc-86f6-5ce6a74144b1, command-id=01f1b694-2b93-1b28-99af-605fb85ee0dd) - Closing
[0m20:14:52.603215 [debug] [Thread-6 (]: Using databricks connection "model.walmart_project.products_t"
[0m20:14:52.604742 [debug] [Thread-6 (]: On model.walmart_project.products_t: /* {"app": "dbt", "dbt_version": "1.12.5", "dbt_databricks_version": "1.10.9", "databricks_sql_connector_version": "4.5.0", "profile_name": "walmart_project", "target_name": "dev", "node_id": "model.walmart_project.products_t"} */
SHOW TBLPROPERTIES `walmart`.`silver_t`.`products_t`
  
[0m20:14:53.143902 [debug] [Thread-6 (]: SQL status: OK in 0.540 seconds
[0m20:14:53.149421 [debug] [Thread-6 (]: Databricks adapter: Cursor(session-id=01f1b694-2930-15cc-86f6-5ce6a74144b1, command-id=01f1b694-2be2-1ff9-bec4-e362d10c906a) - Closing
[0m20:14:53.150748 [debug] [Thread-6 (]: Using databricks connection "model.walmart_project.products_t"
[0m20:14:53.151764 [debug] [Thread-6 (]: On model.walmart_project.products_t: /* {"app": "dbt", "dbt_version": "1.12.5", "dbt_databricks_version": "1.10.9", "databricks_sql_connector_version": "4.5.0", "profile_name": "walmart_project", "target_name": "dev", "node_id": "model.walmart_project.products_t"} */
describe extended `walmart`.`silver_t`.`products_t`
  
[0m20:14:53.691263 [debug] [Thread-6 (]: SQL status: OK in 0.540 seconds
[0m20:14:53.694783 [debug] [Thread-6 (]: Databricks adapter: Cursor(session-id=01f1b694-2930-15cc-86f6-5ce6a74144b1, command-id=01f1b694-2c37-11bc-a2d0-c80192efd00f) - Closing
[0m20:14:53.695784 [debug] [Thread-6 (]: Databricks adapter: Getting diff for ColumnCommentsConfig: comments={'product_id': ''} quoted={'product_id': False} persist=False and comments={'product_id': '', 'product_name': '', 'category': '', 'brand': '', 'price': '', 'created_timestamp': '', 'updated_timestamp': '', 'is_active': '', 'processed_at': '', '': ''} quoted={} persist=False
[0m20:14:53.697803 [debug] [Thread-6 (]: Using databricks connection "model.walmart_project.products_t"
[0m20:14:53.698802 [debug] [Thread-6 (]: On model.walmart_project.products_t: /* {"app": "dbt", "dbt_version": "1.12.5", "dbt_databricks_version": "1.10.9", "databricks_sql_connector_version": "4.5.0", "profile_name": "walmart_project", "target_name": "dev", "node_id": "model.walmart_project.products_t"} */

  
    create or replace temporary view `products_t__dbt_tmp` as
      SELECT 
    *,
    current_timestamp() AS processed_at
FROM 
    `walmart`.`bronze`.`products`



    WHERE updated_timestamp > (SELECT COALESCE(MAX(updated_timestamp), '1900-01-01') FROM `walmart`.`silver_t`.`products_t`)
  
[0m20:14:54.797907 [debug] [Thread-6 (]: SQL status: OK in 1.100 seconds
[0m20:14:54.799947 [debug] [Thread-6 (]: Databricks adapter: Cursor(session-id=01f1b694-2930-15cc-86f6-5ce6a74144b1, command-id=01f1b694-2c8a-1065-a978-fc412eae5706) - Closing
[0m20:14:54.803560 [debug] [Thread-6 (]: Using databricks connection "model.walmart_project.products_t"
[0m20:14:54.804665 [debug] [Thread-6 (]: On model.walmart_project.products_t: /* {"app": "dbt", "dbt_version": "1.12.5", "dbt_databricks_version": "1.10.9", "databricks_sql_connector_version": "4.5.0", "profile_name": "walmart_project", "target_name": "dev", "node_id": "model.walmart_project.products_t"} */

    
  DESCRIBE TABLE EXTENDED `walmart`.`silver_t`.`products_t` AS JSON

  
[0m20:14:55.468493 [debug] [Thread-6 (]: SQL status: OK in 0.660 seconds
[0m20:14:55.472168 [debug] [Thread-6 (]: Databricks adapter: Cursor(session-id=01f1b694-2930-15cc-86f6-5ce6a74144b1, command-id=01f1b694-2d32-15f7-bac8-635dfaeb2f5f) - Closing
[0m20:14:55.473675 [debug] [Thread-6 (]: Using databricks connection "model.walmart_project.products_t"
[0m20:14:55.474683 [debug] [Thread-6 (]: On model.walmart_project.products_t: /* {"app": "dbt", "dbt_version": "1.12.5", "dbt_databricks_version": "1.10.9", "databricks_sql_connector_version": "4.5.0", "profile_name": "walmart_project", "target_name": "dev", "node_id": "model.walmart_project.products_t"} */

    
  DESCRIBE TABLE EXTENDED `products_t__dbt_tmp` AS JSON

  
[0m20:14:55.859896 [debug] [Thread-6 (]: SQL status: OK in 0.380 seconds
[0m20:14:55.868079 [debug] [Thread-6 (]: Databricks adapter: Cursor(session-id=01f1b694-2930-15cc-86f6-5ce6a74144b1, command-id=01f1b694-2d99-11ca-a657-c09c90e6f234) - Closing
[0m20:14:55.872044 [debug] [Thread-6 (]: Writing runtime sql for node "model.walmart_project.products_t"
[0m20:14:55.890554 [debug] [Thread-6 (]: Using databricks connection "model.walmart_project.products_t"
[0m20:14:55.891625 [debug] [Thread-6 (]: On model.walmart_project.products_t: /* {"app": "dbt", "dbt_version": "1.12.5", "dbt_databricks_version": "1.10.9", "databricks_sql_connector_version": "4.5.0", "profile_name": "walmart_project", "target_name": "dev", "node_id": "model.walmart_project.products_t"} */
-- back compat for old kwarg name
  
  
  
  
  
  
      
          
          
      
  

    merge
    into
        `walmart`.`silver_t`.`products_t` as DBT_INTERNAL_DEST
    using
        `products_t__dbt_tmp` as DBT_INTERNAL_SOURCE
    on
        
              DBT_INTERNAL_SOURCE.product_id <=> DBT_INTERNAL_DEST.product_id
          
    when matched
        then update set
            *
    when not matched
        then insert
            *

[0m20:14:58.879461 [debug] [Thread-6 (]: SQL status: OK in 2.990 seconds
[0m20:14:58.884784 [debug] [Thread-6 (]: Databricks adapter: Cursor(session-id=01f1b694-2930-15cc-86f6-5ce6a74144b1, command-id=01f1b694-2dd8-1ed7-a07a-28d8fcdc252e) - Closing
[0m20:14:58.888222 [debug] [Thread-6 (]: On model.walmart_project.products_t: Close
[0m20:14:58.889312 [debug] [Thread-6 (]: Databricks adapter: Connection(session-id=01f1b694-2930-15cc-86f6-5ce6a74144b1) - Closing
[0m20:14:59.207022 [debug] [Thread-6 (]: Sending event: {'category': 'dbt', 'action': 'run_model', 'label': '48e87aee-c80d-44cd-b741-ee5c0e8a21fc', 'context': [<snowplow_tracker.self_describing_json.SelfDescribingJson object at 0x000002CA0FB5A900>]}
[0m20:14:59.209017 [info ] [Thread-6 (]: 6 of 7 OK created sql incremental model silver_t.products_t .................... [[32mOK[0m in 11.97s]
[0m20:14:59.210582 [debug] [Thread-6 (]: Finished running node model.walmart_project.products_t
[0m20:14:59.211581 [debug] [Thread-6 (]: Began running node model.walmart_project.stores_t
[0m20:14:59.211581 [info ] [Thread-6 (]: 7 of 7 START sql incremental model silver_t.stores_t ........................... [RUN]
[0m20:14:59.214220 [debug] [Thread-6 (]: Databricks adapter: DatabricksDBTConnection(session-id=None, name=model.walmart_project.stores_t) - Creating connection
[0m20:14:59.217223 [debug] [Thread-6 (]: Acquiring new databricks connection 'model.walmart_project.stores_t'
[0m20:14:59.218220 [debug] [Thread-6 (]: Began compiling node model.walmart_project.stores_t
[0m20:14:59.223354 [debug] [Thread-6 (]: Writing injected SQL for node "model.walmart_project.stores_t"
[0m20:14:59.225802 [debug] [Thread-6 (]: Began executing node model.walmart_project.stores_t
[0m20:14:59.226879 [debug] [Thread-6 (]: MATERIALIZING INCREMENTAL
[0m20:14:59.230809 [debug] [Thread-6 (]: Using databricks connection "model.walmart_project.stores_t"
[0m20:14:59.231861 [debug] [Thread-6 (]: On model.walmart_project.stores_t: /* {"app": "dbt", "dbt_version": "1.12.5", "dbt_databricks_version": "1.10.9", "databricks_sql_connector_version": "4.5.0", "profile_name": "walmart_project", "target_name": "dev", "node_id": "model.walmart_project.stores_t"} */
SELECT tag_name, tag_value
  FROM `system`.`information_schema`.`table_tags`
  WHERE catalog_name = 'walmart' 
    AND schema_name = 'silver_t'
    AND table_name = 'stores_t'
  
[0m20:14:59.231861 [debug] [Thread-6 (]: Opening a new connection, currently in state init
[0m20:15:00.342182 [debug] [Thread-6 (]: Databricks adapter: Connection(session-id=01f1b694-3050-1725-928e-367aa0b19bfd) - Created
[0m20:15:00.886227 [debug] [Thread-6 (]: SQL status: OK in 1.650 seconds
[0m20:15:00.890011 [debug] [Thread-6 (]: Databricks adapter: Cursor(session-id=01f1b694-3050-1725-928e-367aa0b19bfd, command-id=01f1b694-307f-1ae7-9124-de0bd921a02a) - Closing
[0m20:15:00.893534 [debug] [Thread-6 (]: Using databricks connection "model.walmart_project.stores_t"
[0m20:15:00.893534 [debug] [Thread-6 (]: On model.walmart_project.stores_t: /* {"app": "dbt", "dbt_version": "1.12.5", "dbt_databricks_version": "1.10.9", "databricks_sql_connector_version": "4.5.0", "profile_name": "walmart_project", "target_name": "dev", "node_id": "model.walmart_project.stores_t"} */
SELECT 
    column_name,
    tag_name,
    tag_value
  FROM `system`.`information_schema`.`column_tags`
  WHERE catalog_name = 'walmart'
    AND schema_name = 'silver_t'
    AND table_name = 'stores_t';
  
[0m20:15:01.459489 [debug] [Thread-6 (]: SQL status: OK in 0.560 seconds
[0m20:15:01.464240 [debug] [Thread-6 (]: Databricks adapter: Cursor(session-id=01f1b694-3050-1725-928e-367aa0b19bfd, command-id=01f1b694-30d4-1e81-9d99-6acbc9b21004) - Closing
[0m20:15:01.466248 [debug] [Thread-6 (]: Using databricks connection "model.walmart_project.stores_t"
[0m20:15:01.468340 [debug] [Thread-6 (]: On model.walmart_project.stores_t: /* {"app": "dbt", "dbt_version": "1.12.5", "dbt_databricks_version": "1.10.9", "databricks_sql_connector_version": "4.5.0", "profile_name": "walmart_project", "target_name": "dev", "node_id": "model.walmart_project.stores_t"} */
SELECT column_name
  FROM `walmart`.`information_schema`.`columns`
  WHERE table_catalog = 'walmart' 
    AND table_schema = 'silver_t'
    AND table_name = 'stores_t'
    AND is_nullable = 'NO';
  
[0m20:15:02.119122 [debug] [Thread-6 (]: SQL status: OK in 0.650 seconds
[0m20:15:02.125550 [debug] [Thread-6 (]: Databricks adapter: Cursor(session-id=01f1b694-3050-1725-928e-367aa0b19bfd, command-id=01f1b694-312b-1ee6-a21b-544fe5d69c10) - Closing
[0m20:15:02.128917 [debug] [Thread-6 (]: Using databricks connection "model.walmart_project.stores_t"
[0m20:15:02.130935 [debug] [Thread-6 (]: On model.walmart_project.stores_t: /* {"app": "dbt", "dbt_version": "1.12.5", "dbt_databricks_version": "1.10.9", "databricks_sql_connector_version": "4.5.0", "profile_name": "walmart_project", "target_name": "dev", "node_id": "model.walmart_project.stores_t"} */
SELECT kcu.constraint_name, kcu.column_name
  FROM `walmart`.information_schema.key_column_usage kcu
  WHERE kcu.table_catalog = 'walmart' 
    AND kcu.table_schema = 'silver_t'
    AND kcu.table_name = 'stores_t' 
    AND kcu.constraint_name = (
      SELECT constraint_name
      FROM `walmart`.information_schema.table_constraints
      WHERE table_catalog = 'walmart'
        AND table_schema = 'silver_t'
        AND table_name = 'stores_t' 
        AND constraint_type = 'PRIMARY KEY'
    )
  ORDER BY kcu.ordinal_position;
  
[0m20:15:02.893742 [debug] [Thread-6 (]: SQL status: OK in 0.760 seconds
[0m20:15:02.898771 [debug] [Thread-6 (]: Databricks adapter: Cursor(session-id=01f1b694-3050-1725-928e-367aa0b19bfd, command-id=01f1b694-3190-1ee4-873f-1b5a8b3e0883) - Closing
[0m20:15:02.901773 [debug] [Thread-6 (]: Using databricks connection "model.walmart_project.stores_t"
[0m20:15:02.903287 [debug] [Thread-6 (]: On model.walmart_project.stores_t: /* {"app": "dbt", "dbt_version": "1.12.5", "dbt_databricks_version": "1.10.9", "databricks_sql_connector_version": "4.5.0", "profile_name": "walmart_project", "target_name": "dev", "node_id": "model.walmart_project.stores_t"} */
SELECT
    kcu.constraint_name,
    kcu.column_name AS from_column,
    ukcu.table_catalog AS to_catalog,
    ukcu.table_schema AS to_schema,
    ukcu.table_name AS to_table,
    ukcu.column_name AS to_column
  FROM `walmart`.information_schema.key_column_usage kcu
  JOIN `walmart`.information_schema.referential_constraints rc
    ON kcu.constraint_name = rc.constraint_name
  JOIN `walmart`.information_schema.key_column_usage ukcu
    ON rc.unique_constraint_name = ukcu.constraint_name
    AND kcu.ordinal_position = ukcu.ordinal_position
  WHERE kcu.table_catalog = 'walmart'
    AND kcu.table_schema = 'silver_t'
    AND kcu.table_name = 'stores_t'
    AND kcu.constraint_name IN (
      SELECT constraint_name
      FROM `walmart`.information_schema.table_constraints
      WHERE table_catalog = 'walmart'
        AND table_schema = 'silver_t'
        AND table_name = 'stores_t'
        AND constraint_type = 'FOREIGN KEY'
    )
  ORDER BY kcu.ordinal_position;
  
[0m20:15:04.207415 [debug] [Thread-6 (]: SQL status: OK in 1.300 seconds
[0m20:15:04.211310 [debug] [Thread-6 (]: Databricks adapter: Cursor(session-id=01f1b694-3050-1725-928e-367aa0b19bfd, command-id=01f1b694-3206-1bda-838f-1a02e7cae4ec) - Closing
[0m20:15:04.213810 [debug] [Thread-6 (]: Using databricks connection "model.walmart_project.stores_t"
[0m20:15:04.213810 [debug] [Thread-6 (]: On model.walmart_project.stores_t: /* {"app": "dbt", "dbt_version": "1.12.5", "dbt_databricks_version": "1.10.9", "databricks_sql_connector_version": "4.5.0", "profile_name": "walmart_project", "target_name": "dev", "node_id": "model.walmart_project.stores_t"} */
SELECT 
    column_name,
    mask_name,
    using_columns
  FROM `system`.`information_schema`.`column_masks`
  WHERE table_catalog = 'walmart'
    AND table_schema = 'silver_t'
    AND table_name = 'stores_t';
  
[0m20:15:04.756444 [debug] [Thread-6 (]: SQL status: OK in 0.540 seconds
[0m20:15:04.759492 [debug] [Thread-6 (]: Databricks adapter: Cursor(session-id=01f1b694-3050-1725-928e-367aa0b19bfd, command-id=01f1b694-32cf-10b0-b529-69f19e60db4e) - Closing
[0m20:15:04.763457 [debug] [Thread-6 (]: Using databricks connection "model.walmart_project.stores_t"
[0m20:15:04.764583 [debug] [Thread-6 (]: On model.walmart_project.stores_t: /* {"app": "dbt", "dbt_version": "1.12.5", "dbt_databricks_version": "1.10.9", "databricks_sql_connector_version": "4.5.0", "profile_name": "walmart_project", "target_name": "dev", "node_id": "model.walmart_project.stores_t"} */
SHOW TBLPROPERTIES `walmart`.`silver_t`.`stores_t`
  
[0m20:15:05.383432 [debug] [Thread-6 (]: SQL status: OK in 0.620 seconds
[0m20:15:05.391822 [debug] [Thread-6 (]: Databricks adapter: Cursor(session-id=01f1b694-3050-1725-928e-367aa0b19bfd, command-id=01f1b694-3322-19c5-9ab5-d201b4fb8d0f) - Closing
[0m20:15:05.397503 [debug] [Thread-6 (]: Using databricks connection "model.walmart_project.stores_t"
[0m20:15:05.397503 [debug] [Thread-6 (]: On model.walmart_project.stores_t: /* {"app": "dbt", "dbt_version": "1.12.5", "dbt_databricks_version": "1.10.9", "databricks_sql_connector_version": "4.5.0", "profile_name": "walmart_project", "target_name": "dev", "node_id": "model.walmart_project.stores_t"} */
describe extended `walmart`.`silver_t`.`stores_t`
  
[0m20:15:05.953399 [debug] [Thread-6 (]: SQL status: OK in 0.560 seconds
[0m20:15:05.957677 [debug] [Thread-6 (]: Databricks adapter: Cursor(session-id=01f1b694-3050-1725-928e-367aa0b19bfd, command-id=01f1b694-3383-10e0-932a-47bdf65fabd9) - Closing
[0m20:15:05.959194 [debug] [Thread-6 (]: Databricks adapter: Getting diff for ColumnCommentsConfig: comments={} quoted={} persist=False and comments={'store_id': '', 'store_name': '', 'city': '', 'province': '', 'country': '', 'created_timestamp': '', 'updated_timestamp': '', 'is_active': '', 'processed_at': '', '': ''} quoted={} persist=False
[0m20:15:05.959194 [debug] [Thread-6 (]: Using databricks connection "model.walmart_project.stores_t"
[0m20:15:05.959194 [debug] [Thread-6 (]: On model.walmart_project.stores_t: /* {"app": "dbt", "dbt_version": "1.12.5", "dbt_databricks_version": "1.10.9", "databricks_sql_connector_version": "4.5.0", "profile_name": "walmart_project", "target_name": "dev", "node_id": "model.walmart_project.stores_t"} */

  
    create or replace temporary view `stores_t__dbt_tmp` as
      SELECT 
    *,
    current_timestamp() AS processed_at
FROM 
    `walmart`.`bronze`.`stores`



    WHERE updated_timestamp > (SELECT COALESCE(MAX(updated_timestamp), '1900-01-01') FROM `walmart`.`silver_t`.`stores_t`)
  
[0m20:15:07.063354 [debug] [Thread-6 (]: SQL status: OK in 1.100 seconds
[0m20:15:07.065557 [debug] [Thread-6 (]: Databricks adapter: Cursor(session-id=01f1b694-3050-1725-928e-367aa0b19bfd, command-id=01f1b694-33d9-169a-a8d5-939c47aca12f) - Closing
[0m20:15:07.070053 [debug] [Thread-6 (]: Using databricks connection "model.walmart_project.stores_t"
[0m20:15:07.071053 [debug] [Thread-6 (]: On model.walmart_project.stores_t: /* {"app": "dbt", "dbt_version": "1.12.5", "dbt_databricks_version": "1.10.9", "databricks_sql_connector_version": "4.5.0", "profile_name": "walmart_project", "target_name": "dev", "node_id": "model.walmart_project.stores_t"} */

    
  DESCRIBE TABLE EXTENDED `walmart`.`silver_t`.`stores_t` AS JSON

  
[0m20:15:07.700241 [debug] [Thread-6 (]: SQL status: OK in 0.630 seconds
[0m20:15:07.705891 [debug] [Thread-6 (]: Databricks adapter: Cursor(session-id=01f1b694-3050-1725-928e-367aa0b19bfd, command-id=01f1b694-3482-1e38-80f2-00d6791f5331) - Closing
[0m20:15:07.708888 [debug] [Thread-6 (]: Using databricks connection "model.walmart_project.stores_t"
[0m20:15:07.709890 [debug] [Thread-6 (]: On model.walmart_project.stores_t: /* {"app": "dbt", "dbt_version": "1.12.5", "dbt_databricks_version": "1.10.9", "databricks_sql_connector_version": "4.5.0", "profile_name": "walmart_project", "target_name": "dev", "node_id": "model.walmart_project.stores_t"} */

    
  DESCRIBE TABLE EXTENDED `stores_t__dbt_tmp` AS JSON

  
[0m20:15:08.129962 [debug] [Thread-6 (]: SQL status: OK in 0.420 seconds
[0m20:15:08.135561 [debug] [Thread-6 (]: Databricks adapter: Cursor(session-id=01f1b694-3050-1725-928e-367aa0b19bfd, command-id=01f1b694-34e4-14aa-a08c-ef856a1aed2d) - Closing
[0m20:15:08.139010 [debug] [Thread-6 (]: Writing runtime sql for node "model.walmart_project.stores_t"
[0m20:15:08.140906 [debug] [Thread-6 (]: Using databricks connection "model.walmart_project.stores_t"
[0m20:15:08.140906 [debug] [Thread-6 (]: On model.walmart_project.stores_t: /* {"app": "dbt", "dbt_version": "1.12.5", "dbt_databricks_version": "1.10.9", "databricks_sql_connector_version": "4.5.0", "profile_name": "walmart_project", "target_name": "dev", "node_id": "model.walmart_project.stores_t"} */
-- back compat for old kwarg name
  
  
  
  
  
  
      
          
          
      
  

    merge
    into
        `walmart`.`silver_t`.`stores_t` as DBT_INTERNAL_DEST
    using
        `stores_t__dbt_tmp` as DBT_INTERNAL_SOURCE
    on
        
              DBT_INTERNAL_SOURCE.store_id <=> DBT_INTERNAL_DEST.store_id
          
    when matched
        then update set
            *
    when not matched
        then insert
            *

[0m20:15:11.059164 [debug] [Thread-6 (]: SQL status: OK in 2.920 seconds
[0m20:15:11.059938 [debug] [Thread-6 (]: Databricks adapter: Cursor(session-id=01f1b694-3050-1725-928e-367aa0b19bfd, command-id=01f1b694-3526-130e-a76a-16e053e3892e) - Closing
[0m20:15:11.061950 [debug] [Thread-6 (]: On model.walmart_project.stores_t: Close
[0m20:15:11.061950 [debug] [Thread-6 (]: Databricks adapter: Connection(session-id=01f1b694-3050-1725-928e-367aa0b19bfd) - Closing
[0m20:15:11.365047 [debug] [Thread-6 (]: Sending event: {'category': 'dbt', 'action': 'run_model', 'label': '48e87aee-c80d-44cd-b741-ee5c0e8a21fc', 'context': [<snowplow_tracker.self_describing_json.SelfDescribingJson object at 0x000002CA1CFB5A60>]}
[0m20:15:11.365047 [info ] [Thread-6 (]: 7 of 7 OK created sql incremental model silver_t.stores_t ...................... [[32mOK[0m in 12.15s]
[0m20:15:11.366562 [debug] [Thread-6 (]: Finished running node model.walmart_project.stores_t
[0m20:15:11.368570 [debug] [MainThread]: Databricks adapter: DatabricksDBTConnection(session-id=None, name=master) - Creating connection
[0m20:15:11.368570 [debug] [MainThread]: Acquiring new databricks connection 'master'
[0m20:15:11.369656 [info ] [MainThread]: 
[0m20:15:11.369656 [info ] [MainThread]: Finished running 6 incremental models, 1 table model in 0 hours 1 minutes and 46.05 seconds (106.05s).
[0m20:15:11.371606 [debug] [MainThread]: Command end result
[0m20:15:11.423547 [debug] [MainThread]: Wrote artifact WritableManifest to D:\Data-Engineering-Projects\Walmart_Project\data_project_dbt\walmart_project\target\manifest.json
[0m20:15:11.429189 [debug] [MainThread]: Wrote artifact SemanticManifest to D:\Data-Engineering-Projects\Walmart_Project\data_project_dbt\walmart_project\target\semantic_manifest.json
[0m20:15:11.433325 [debug] [MainThread]: Wrote artifact OsiDocument to D:\Data-Engineering-Projects\Walmart_Project\data_project_dbt\walmart_project\target\osi_document.json
[0m20:15:11.441197 [debug] [MainThread]: Wrote artifact RunExecutionResult to D:\Data-Engineering-Projects\Walmart_Project\data_project_dbt\walmart_project\target\run_results.json
[0m20:15:11.442200 [info ] [MainThread]: 
[0m20:15:11.443200 [info ] [MainThread]: [32mCompleted successfully[0m
[0m20:15:11.443711 [info ] [MainThread]: 
[0m20:15:11.443711 [info ] [MainThread]: Done. PASS=7 WARN=0 ERROR=0 SKIP=0 NO-OP=0 REUSED=0 TOTAL=7
[0m20:15:11.444713 [debug] [MainThread]: Command `dbt run` succeeded at 20:15:11.444713 after 115.31 seconds
[0m20:15:11.445717 [debug] [MainThread]: Sending event: {'category': 'dbt', 'action': 'invocation', 'label': 'end', 'context': [<snowplow_tracker.self_describing_json.SelfDescribingJson object at 0x000002CA11146090>, <snowplow_tracker.self_describing_json.SelfDescribingJson object at 0x000002CA0C182060>, <snowplow_tracker.self_describing_json.SelfDescribingJson object at 0x000002CA0E920410>]}
[0m20:15:11.445717 [debug] [MainThread]: Flushing usage events
[0m20:15:12.643185 [debug] [MainThread]: An error was encountered while trying to flush usage events
[0m21:20:47.827441 [debug] [MainThread]: Sending event: {'category': 'dbt', 'action': 'invocation', 'label': 'start', 'context': [<snowplow_tracker.self_describing_json.SelfDescribingJson object at 0x000001A7D225DF40>, <snowplow_tracker.self_describing_json.SelfDescribingJson object at 0x000001A7D532F620>, <snowplow_tracker.self_describing_json.SelfDescribingJson object at 0x000001A7D48DB020>]}


============================== 21:20:47.847012 | f5a9356f-3eb0-4c79-84f1-c38f853de96f ==============================
[0m21:20:47.847012 [info ] [MainThread]: Running with dbt=1.12.5
[0m21:20:47.847012 [debug] [MainThread]: running dbt with arguments {'static_parser': 'True', 'no_print': 'None', 'maximum_seed_size_mib': '1', 'warn_error_options': 'WarnErrorOptionsV2(error=[], warn=[], silence=[])', 'version_check': 'True', 'target_path': 'None', 'printer_width': '80', 'write_json': 'True', 'empty': 'False', 'log_cache_events': 'False', 'introspect': 'True', 'cache_selected_only': 'False', 'fail_fast': 'False', 'debug': 'False', 'log_format': 'default', 'partial_parse': 'True', 'send_anonymous_usage_stats': 'True', 'quiet': 'False', 'warn_error': 'None', 'profiles_dir': 'C:\\Users\\user\\.dbt', 'invocation_command': 'dbt snapshot', 'hints_enabled': 'True', 'indirect_selection': 'eager', 'use_experimental_parser': 'False', 'use_colors': 'True', 'log_path': 'D:\\Data-Engineering-Projects\\Walmart_Project\\data_project_dbt\\walmart_project\\logs'}
[0m21:20:56.266900 [debug] [MainThread]: Spark adapter: Setting pyhive.hive logging to ERROR
[0m21:20:56.266900 [debug] [MainThread]: Spark adapter: Setting thrift.transport logging to ERROR
[0m21:20:56.266900 [debug] [MainThread]: Spark adapter: Setting thrift.protocol logging to ERROR
[0m21:21:03.288573 [debug] [MainThread]: Sending event: {'category': 'dbt', 'action': 'project_id', 'label': 'f5a9356f-3eb0-4c79-84f1-c38f853de96f', 'context': [<snowplow_tracker.self_describing_json.SelfDescribingJson object at 0x000001A7E04E8EC0>]}
[0m21:21:03.378331 [debug] [MainThread]: Sending event: {'category': 'dbt', 'action': 'adapter_info', 'label': 'f5a9356f-3eb0-4c79-84f1-c38f853de96f', 'context': [<snowplow_tracker.self_describing_json.SelfDescribingJson object at 0x000001A7D8BD4320>]}
[0m21:21:03.380617 [info ] [MainThread]: Registered adapter: databricks=1.10.9
[0m21:21:04.112863 [debug] [MainThread]: checksum: c6692066af086a4208ee6a2d343b9da3ce9763b98f9383873b954800d1e1f71c, vars: {}, profile: walmart_project, target: dev, version: 1.12.5
[0m21:21:04.488581 [debug] [MainThread]: Partial parsing enabled: 0 files deleted, 4 files added, 0 files changed.
[0m21:21:04.489583 [debug] [MainThread]: Partial parsing: added file: walmart_project://snapshots\dim_products.yml
[0m21:21:04.489583 [debug] [MainThread]: Partial parsing: added file: walmart_project://snapshots\dim_stores.yml
[0m21:21:04.489583 [debug] [MainThread]: Partial parsing: added file: walmart_project://snapshots\dim_orders.yml
[0m21:21:04.490581 [debug] [MainThread]: Partial parsing: added file: walmart_project://snapshots\dim_employees.yml
[0m21:21:05.225923 [debug] [MainThread]: Sending event: {'category': 'dbt', 'action': 'load_project', 'label': 'f5a9356f-3eb0-4c79-84f1-c38f853de96f', 'context': [<snowplow_tracker.self_describing_json.SelfDescribingJson object at 0x000001A7E2DE39E0>]}
[0m21:21:05.470401 [debug] [MainThread]: Wrote artifact WritableManifest to D:\Data-Engineering-Projects\Walmart_Project\data_project_dbt\walmart_project\target\manifest.json
[0m21:21:05.506353 [debug] [MainThread]: Wrote artifact SemanticManifest to D:\Data-Engineering-Projects\Walmart_Project\data_project_dbt\walmart_project\target\semantic_manifest.json
[0m21:21:05.809232 [debug] [MainThread]: Wrote artifact OsiDocument to D:\Data-Engineering-Projects\Walmart_Project\data_project_dbt\walmart_project\target\osi_document.json
[0m21:21:05.917641 [debug] [MainThread]: Sending event: {'category': 'dbt', 'action': 'resource_counts', 'label': 'f5a9356f-3eb0-4c79-84f1-c38f853de96f', 'context': [<snowplow_tracker.self_describing_json.SelfDescribingJson object at 0x000001A7E2E55DC0>]}
[0m21:21:05.918643 [info ] [MainThread]: Found 12 models, 1 analysis, 5 data tests, 5 snapshots, 6 sources, 727 macros
[0m21:21:05.925321 [debug] [MainThread]: Sending event: {'category': 'dbt', 'action': 'runnable_timing', 'label': 'f5a9356f-3eb0-4c79-84f1-c38f853de96f', 'context': [<snowplow_tracker.self_describing_json.SelfDescribingJson object at 0x000001A7E2D9B2C0>]}
[0m21:21:05.935464 [info ] [MainThread]: 
[0m21:21:05.936529 [info ] [MainThread]: Concurrency: 1 threads (target='dev')
[0m21:21:05.936529 [info ] [MainThread]: 
[0m21:21:05.937678 [debug] [MainThread]: Databricks adapter: DatabricksDBTConnection(session-id=None, name=master) - Creating connection
[0m21:21:05.938690 [debug] [MainThread]: Acquiring new databricks connection 'master'
[0m21:21:05.954272 [debug] [ThreadPool]: Databricks adapter: DatabricksDBTConnection(session-id=None, name=list_walmart) - Creating connection
[0m21:21:05.955272 [debug] [ThreadPool]: Acquiring new databricks connection 'list_walmart'
[0m21:21:05.955272 [debug] [ThreadPool]: Using databricks connection "list_walmart"
[0m21:21:05.956277 [debug] [ThreadPool]: On list_walmart: GetSchemas(database=walmart, schema=None)
[0m21:21:05.956277 [debug] [ThreadPool]: Opening a new connection, currently in state init
[0m21:21:08.282980 [debug] [ThreadPool]: Databricks adapter: Connection(session-id=01f1b69d-6cc0-1351-846b-06cd91e1efa9) - Created
[0m21:21:09.050495 [debug] [ThreadPool]: SQL status: OK in 3.090 seconds
[0m21:21:09.054195 [debug] [ThreadPool]: Databricks adapter: Cursor(session-id=01f1b69d-6cc0-1351-846b-06cd91e1efa9, command-id=01f1b69d-6d90-1e84-9291-2a082d6d72cc) - Closing
[0m21:21:09.056192 [debug] [ThreadPool]: On list_walmart: Close
[0m21:21:09.057192 [debug] [ThreadPool]: Databricks adapter: Connection(session-id=01f1b69d-6cc0-1351-846b-06cd91e1efa9) - Closing
[0m21:21:09.368354 [debug] [ThreadPool]: Databricks adapter: DatabricksDBTConnection(session-id=None, name=create_walmart_gold) - Creating connection
[0m21:21:09.369446 [debug] [ThreadPool]: Acquiring new databricks connection 'create_walmart_gold'
[0m21:21:09.369446 [debug] [ThreadPool]: Creating schema "database: "walmart"
schema: "gold"
"
[0m21:21:09.380361 [debug] [ThreadPool]: Using databricks connection "create_walmart_gold"
[0m21:21:09.380361 [debug] [ThreadPool]: On create_walmart_gold: /* {"app": "dbt", "dbt_version": "1.12.5", "dbt_databricks_version": "1.10.9", "databricks_sql_connector_version": "4.5.0", "profile_name": "walmart_project", "target_name": "dev", "connection_name": "create_walmart_gold"} */
create schema if not exists `walmart`.`gold`
  
[0m21:21:09.381874 [debug] [ThreadPool]: Opening a new connection, currently in state init
[0m21:21:10.517059 [debug] [ThreadPool]: Databricks adapter: Connection(session-id=01f1b69d-6eb2-11d2-8855-86fd1b734049) - Created
[0m21:21:11.438168 [debug] [ThreadPool]: SQL status: OK in 2.060 seconds
[0m21:21:11.440162 [debug] [ThreadPool]: Databricks adapter: Cursor(session-id=01f1b69d-6eb2-11d2-8855-86fd1b734049, command-id=01f1b69d-6ee6-118d-80dc-971d20a02510) - Closing
[0m21:21:11.441167 [debug] [ThreadPool]: On create_walmart_gold: Close
[0m21:21:11.442677 [debug] [ThreadPool]: Databricks adapter: Connection(session-id=01f1b69d-6eb2-11d2-8855-86fd1b734049) - Closing
[0m21:21:11.759405 [debug] [ThreadPool]: Databricks adapter: DatabricksDBTConnection(session-id=None, name=list_walmart_silver_b) - Creating connection
[0m21:21:11.760407 [debug] [ThreadPool]: Acquiring new databricks connection 'list_walmart_silver_b'
[0m21:21:11.774888 [debug] [ThreadPool]: Using databricks connection "list_walmart_silver_b"
[0m21:21:11.774888 [debug] [ThreadPool]: On list_walmart_silver_b: /* {"app": "dbt", "dbt_version": "1.12.5", "dbt_databricks_version": "1.10.9", "databricks_sql_connector_version": "4.5.0", "profile_name": "walmart_project", "target_name": "dev", "connection_name": "list_walmart_silver_b"} */

    
SELECT
  table_name,
  if(table_type IN ('EXTERNAL', 'MANAGED', 'MANAGED_SHALLOW_CLONE', 'EXTERNAL_SHALLOW_CLONE'), 'table', lower(table_type)) AS table_type,
  lower(data_source_format) AS file_format,
  table_owner,
  if(
    table_type IN (
      'EXTERNAL',
      'MANAGED',
      'MANAGED_SHALLOW_CLONE',
      'EXTERNAL_SHALLOW_CLONE'
    ),
    lower(table_type),
    NULL
  ) AS databricks_table_type
FROM `system`.`information_schema`.`tables`
WHERE table_catalog = 'walmart' 
  AND table_schema = 'silver_b'

  
[0m21:21:11.775890 [debug] [ThreadPool]: Opening a new connection, currently in state init
[0m21:21:12.879735 [debug] [ThreadPool]: Databricks adapter: Connection(session-id=01f1b69d-701e-11d5-b9c9-6b13b2a0b4f5) - Created
[0m21:21:13.955900 [debug] [ThreadPool]: SQL status: OK in 2.180 seconds
[0m21:21:13.963403 [debug] [ThreadPool]: Databricks adapter: Cursor(session-id=01f1b69d-701e-11d5-b9c9-6b13b2a0b4f5, command-id=01f1b69d-704c-1950-ac45-094186e96bec) - Closing
[0m21:21:13.964410 [debug] [ThreadPool]: On list_walmart_silver_b: Close
[0m21:21:13.964410 [debug] [ThreadPool]: Databricks adapter: Connection(session-id=01f1b69d-701e-11d5-b9c9-6b13b2a0b4f5) - Closing
[0m21:21:14.265719 [debug] [ThreadPool]: Databricks adapter: DatabricksDBTConnection(session-id=None, name=list_walmart_gold) - Creating connection
[0m21:21:14.266608 [debug] [ThreadPool]: Acquiring new databricks connection 'list_walmart_gold'
[0m21:21:14.269724 [debug] [ThreadPool]: Using databricks connection "list_walmart_gold"
[0m21:21:14.270625 [debug] [ThreadPool]: On list_walmart_gold: /* {"app": "dbt", "dbt_version": "1.12.5", "dbt_databricks_version": "1.10.9", "databricks_sql_connector_version": "4.5.0", "profile_name": "walmart_project", "target_name": "dev", "connection_name": "list_walmart_gold"} */

    
SELECT
  table_name,
  if(table_type IN ('EXTERNAL', 'MANAGED', 'MANAGED_SHALLOW_CLONE', 'EXTERNAL_SHALLOW_CLONE'), 'table', lower(table_type)) AS table_type,
  lower(data_source_format) AS file_format,
  table_owner,
  if(
    table_type IN (
      'EXTERNAL',
      'MANAGED',
      'MANAGED_SHALLOW_CLONE',
      'EXTERNAL_SHALLOW_CLONE'
    ),
    lower(table_type),
    NULL
  ) AS databricks_table_type
FROM `system`.`information_schema`.`tables`
WHERE table_catalog = 'walmart' 
  AND table_schema = 'gold'

  
[0m21:21:14.275228 [debug] [ThreadPool]: Opening a new connection, currently in state init
[0m21:21:15.397538 [debug] [ThreadPool]: Databricks adapter: Connection(session-id=01f1b69d-719b-1f76-b7b2-0c4d2da2c494) - Created
[0m21:21:16.034426 [debug] [ThreadPool]: SQL status: OK in 1.760 seconds
[0m21:21:16.127712 [debug] [ThreadPool]: Databricks adapter: Cursor(session-id=01f1b69d-719b-1f76-b7b2-0c4d2da2c494, command-id=01f1b69d-71ce-12ed-aca1-bdbeb7124b9f) - Closing
[0m21:21:16.129711 [debug] [ThreadPool]: On list_walmart_gold: Close
[0m21:21:16.130711 [debug] [ThreadPool]: Databricks adapter: Connection(session-id=01f1b69d-719b-1f76-b7b2-0c4d2da2c494) - Closing
[0m21:21:16.431816 [debug] [ThreadPool]: Databricks adapter: DatabricksDBTConnection(session-id=None, name=list_walmart_silver_t) - Creating connection
[0m21:21:16.431816 [debug] [ThreadPool]: Acquiring new databricks connection 'list_walmart_silver_t'
[0m21:21:16.435272 [debug] [ThreadPool]: Using databricks connection "list_walmart_silver_t"
[0m21:21:16.435272 [debug] [ThreadPool]: On list_walmart_silver_t: /* {"app": "dbt", "dbt_version": "1.12.5", "dbt_databricks_version": "1.10.9", "databricks_sql_connector_version": "4.5.0", "profile_name": "walmart_project", "target_name": "dev", "connection_name": "list_walmart_silver_t"} */

    
SELECT
  table_name,
  if(table_type IN ('EXTERNAL', 'MANAGED', 'MANAGED_SHALLOW_CLONE', 'EXTERNAL_SHALLOW_CLONE'), 'table', lower(table_type)) AS table_type,
  lower(data_source_format) AS file_format,
  table_owner,
  if(
    table_type IN (
      'EXTERNAL',
      'MANAGED',
      'MANAGED_SHALLOW_CLONE',
      'EXTERNAL_SHALLOW_CLONE'
    ),
    lower(table_type),
    NULL
  ) AS databricks_table_type
FROM `system`.`information_schema`.`tables`
WHERE table_catalog = 'walmart' 
  AND table_schema = 'silver_t'

  
[0m21:21:16.436640 [debug] [ThreadPool]: Opening a new connection, currently in state init
[0m21:21:17.616679 [debug] [ThreadPool]: Databricks adapter: Connection(session-id=01f1b69d-72ef-125e-8b14-9ceca8290dea) - Created
[0m21:21:18.318614 [debug] [ThreadPool]: SQL status: OK in 1.880 seconds
[0m21:21:18.322165 [debug] [ThreadPool]: Databricks adapter: Cursor(session-id=01f1b69d-72ef-125e-8b14-9ceca8290dea, command-id=01f1b69d-7322-10d6-a09a-d4ce5c3edb74) - Closing
[0m21:21:18.324269 [debug] [ThreadPool]: On list_walmart_silver_t: Close
[0m21:21:18.325303 [debug] [ThreadPool]: Databricks adapter: Connection(session-id=01f1b69d-72ef-125e-8b14-9ceca8290dea) - Closing
[0m21:21:18.641891 [debug] [MainThread]: Sending event: {'category': 'dbt', 'action': 'runnable_timing', 'label': 'f5a9356f-3eb0-4c79-84f1-c38f853de96f', 'context': [<snowplow_tracker.self_describing_json.SelfDescribingJson object at 0x000001A7E2DE3110>]}
[0m21:21:18.659202 [debug] [Thread-6 (]: Began running node snapshot.walmart_project.dim_customers
[0m21:21:18.660295 [info ] [Thread-6 (]: 1 of 5 START snapshot gold.dim_customers ....................................... [RUN]
[0m21:21:18.662810 [debug] [Thread-6 (]: Databricks adapter: DatabricksDBTConnection(session-id=None, name=snapshot.walmart_project.dim_customers) - Creating connection
[0m21:21:18.662810 [debug] [Thread-6 (]: Acquiring new databricks connection 'snapshot.walmart_project.dim_customers'
[0m21:21:18.663930 [debug] [Thread-6 (]: Began compiling node snapshot.walmart_project.dim_customers
[0m21:21:18.677623 [debug] [Thread-6 (]: Writing injected SQL for node "snapshot.walmart_project.dim_customers"
[0m21:21:18.698866 [debug] [Thread-6 (]: Writing injected SQL for node "snapshot.walmart_project.dim_customers"
[0m21:21:18.706502 [debug] [Thread-6 (]: Began executing node snapshot.walmart_project.dim_customers
[0m21:21:18.933909 [debug] [Thread-6 (]: Using databricks connection "snapshot.walmart_project.dim_customers"
[0m21:21:18.934915 [debug] [Thread-6 (]: On snapshot.walmart_project.dim_customers: /* {"app": "dbt", "dbt_version": "1.12.5", "dbt_databricks_version": "1.10.9", "databricks_sql_connector_version": "4.5.0", "profile_name": "walmart_project", "target_name": "dev", "node_id": "snapshot.walmart_project.dim_customers"} */
select * from (
        
    

    select *,
        md5(coalesce(cast(customer_id as string ), '')
         || '|' || coalesce(cast(customer_updated_timestamp as string ), '')
        ) as dbt_scd_id,
        customer_updated_timestamp as dbt_updated_at,
        customer_updated_timestamp as dbt_valid_from,
        
  
  coalesce(nullif(customer_updated_timestamp, customer_updated_timestamp), to_date('9999-12-31'))
  as dbt_valid_to
from (
        with __dbt__cte__eph_customers as (
SELECT 
    DISTINCT
    customer_id,
    customer_first_name,
    customer_last_name,
    customer_email,
    customer_phone,
    customer_city,
    customer_province,
    customer_country,
    customer_created_timestamp,
    customer_updated_timestamp,
    customer_is_active,
    customer_processed_at,
    CURRENT_TIMESTAMP() AS customer_gold_processed_at
FROM 
    `walmart`.`silver_b`.`obt_b`
) select * from __dbt__cte__eph_customers
    ) sbq



    ) as __dbt_sbq
    where false
    limit 0

[0m21:21:18.934915 [debug] [Thread-6 (]: Opening a new connection, currently in state init
[0m21:21:20.079773 [debug] [Thread-6 (]: Databricks adapter: Connection(session-id=01f1b69d-7468-18b7-ba80-1c93cb49f017) - Created
[0m21:21:21.370030 [debug] [Thread-6 (]: SQL status: OK in 2.440 seconds
[0m21:21:21.382003 [debug] [Thread-6 (]: Using databricks connection "snapshot.walmart_project.dim_customers"
[0m21:21:21.383028 [debug] [Thread-6 (]: On snapshot.walmart_project.dim_customers: /* {"app": "dbt", "dbt_version": "1.12.5", "dbt_databricks_version": "1.10.9", "databricks_sql_connector_version": "4.5.0", "profile_name": "walmart_project", "target_name": "dev", "node_id": "snapshot.walmart_project.dim_customers"} */
select * from (
        select 
    current_timestamp()
 as dbt_snapshot_time
    ) as __dbt_sbq
    where false
    limit 0

[0m21:21:21.383028 [debug] [Thread-6 (]: Databricks adapter: Cursor(session-id=01f1b69d-7468-18b7-ba80-1c93cb49f017, command-id=01f1b69d-7499-148e-b9b1-9b4fe7032b98) - Closing
[0m21:21:21.790718 [debug] [Thread-6 (]: SQL status: OK in 0.410 seconds
[0m21:21:21.793393 [debug] [Thread-6 (]: Writing runtime sql for node "snapshot.walmart_project.dim_customers"
[0m21:21:21.796331 [debug] [Thread-6 (]: Using databricks connection "snapshot.walmart_project.dim_customers"
[0m21:21:21.797324 [debug] [Thread-6 (]: On snapshot.walmart_project.dim_customers: /* {"app": "dbt", "dbt_version": "1.12.5", "dbt_databricks_version": "1.10.9", "databricks_sql_connector_version": "4.5.0", "profile_name": "walmart_project", "target_name": "dev", "node_id": "snapshot.walmart_project.dim_customers"} */

      
  
    
        create or replace table `walmart`.`gold`.`dim_customers`
      
      
  using delta
      
      
      
      
      
      
      
      as
      
    

    select *,
        md5(coalesce(cast(customer_id as string ), '')
         || '|' || coalesce(cast(customer_updated_timestamp as string ), '')
        ) as dbt_scd_id,
        customer_updated_timestamp as dbt_updated_at,
        customer_updated_timestamp as dbt_valid_from,
        
  
  coalesce(nullif(customer_updated_timestamp, customer_updated_timestamp), to_date('9999-12-31'))
  as dbt_valid_to
from (
        with __dbt__cte__eph_customers as (
SELECT 
    DISTINCT
    customer_id,
    customer_first_name,
    customer_last_name,
    customer_email,
    customer_phone,
    customer_city,
    customer_province,
    customer_country,
    customer_created_timestamp,
    customer_updated_timestamp,
    customer_is_active,
    customer_processed_at,
    CURRENT_TIMESTAMP() AS customer_gold_processed_at
FROM 
    `walmart`.`silver_b`.`obt_b`
) select * from __dbt__cte__eph_customers
    ) sbq



  
  
[0m21:21:21.798337 [debug] [Thread-6 (]: Databricks adapter: Cursor(session-id=01f1b69d-7468-18b7-ba80-1c93cb49f017, command-id=01f1b69d-7560-1740-ae77-93b408a82074) - Closing
[0m21:21:28.380645 [debug] [Thread-6 (]: SQL status: OK in 6.580 seconds
[0m21:21:28.383396 [debug] [Thread-6 (]: Databricks adapter: Cursor(session-id=01f1b69d-7468-18b7-ba80-1c93cb49f017, command-id=01f1b69d-759f-1d2d-a8d2-bd25e3c45b3d) - Closing
[0m21:21:28.769705 [debug] [Thread-6 (]: On snapshot.walmart_project.dim_customers: Close
[0m21:21:28.770707 [debug] [Thread-6 (]: Databricks adapter: Connection(session-id=01f1b69d-7468-18b7-ba80-1c93cb49f017) - Closing
[0m21:21:29.087879 [debug] [Thread-6 (]: Sending event: {'category': 'dbt', 'action': 'run_model', 'label': 'f5a9356f-3eb0-4c79-84f1-c38f853de96f', 'context': [<snowplow_tracker.self_describing_json.SelfDescribingJson object at 0x000001A7D2C1F170>]}
[0m21:21:29.088967 [info ] [Thread-6 (]: 1 of 5 OK snapshotted gold.dim_customers ....................................... [[32mOK[0m in 10.42s]
[0m21:21:29.094815 [debug] [Thread-6 (]: Finished running node snapshot.walmart_project.dim_customers
[0m21:21:29.095697 [debug] [Thread-6 (]: Began running node snapshot.walmart_project.dim_employees
[0m21:21:29.095697 [info ] [Thread-6 (]: 2 of 5 START snapshot gold.dim_employees ....................................... [RUN]
[0m21:21:29.097615 [debug] [Thread-6 (]: Databricks adapter: DatabricksDBTConnection(session-id=None, name=snapshot.walmart_project.dim_employees) - Creating connection
[0m21:21:29.100615 [debug] [Thread-6 (]: Acquiring new databricks connection 'snapshot.walmart_project.dim_employees'
[0m21:21:29.102134 [debug] [Thread-6 (]: Began compiling node snapshot.walmart_project.dim_employees
[0m21:21:29.111669 [debug] [Thread-6 (]: Writing injected SQL for node "snapshot.walmart_project.dim_employees"
[0m21:21:29.116192 [debug] [Thread-6 (]: Writing injected SQL for node "snapshot.walmart_project.dim_employees"
[0m21:21:29.117189 [debug] [Thread-6 (]: Began executing node snapshot.walmart_project.dim_employees
[0m21:21:29.123661 [debug] [Thread-6 (]: Using databricks connection "snapshot.walmart_project.dim_employees"
[0m21:21:29.124676 [debug] [Thread-6 (]: On snapshot.walmart_project.dim_employees: /* {"app": "dbt", "dbt_version": "1.12.5", "dbt_databricks_version": "1.10.9", "databricks_sql_connector_version": "4.5.0", "profile_name": "walmart_project", "target_name": "dev", "node_id": "snapshot.walmart_project.dim_employees"} */
select * from (
        
    

    select *,
        md5(coalesce(cast(employee_id as string ), '')
         || '|' || coalesce(cast(employee_updated_timestamp as string ), '')
        ) as dbt_scd_id,
        employee_updated_timestamp as dbt_updated_at,
        employee_updated_timestamp as dbt_valid_from,
        
  
  coalesce(nullif(employee_updated_timestamp, employee_updated_timestamp), to_date('9999-12-31'))
  as dbt_valid_to
from (
        with __dbt__cte__eph_employees as (
SELECT 
    DISTINCT
    employee_id,
    employee_first_name,
    employee_last_name,
    employee_email,
    job_title,
    salary,
    store_id,
    employee_created_timestamp,
    employee_updated_timestamp,
    employee_is_active,
    employee_processed_at,
    CURRENT_TIMESTAMP() AS employee_gold_processed_at
FROM 
    `walmart`.`silver_b`.`obt_b`
) select * from __dbt__cte__eph_employees
    ) sbq



    ) as __dbt_sbq
    where false
    limit 0

[0m21:21:29.125669 [debug] [Thread-6 (]: Opening a new connection, currently in state init
[0m21:21:30.275426 [debug] [Thread-6 (]: Databricks adapter: Connection(session-id=01f1b69d-7a7a-154e-9e0b-900ccacceebe) - Created
[0m21:21:32.621165 [debug] [Thread-6 (]: SQL status: OK in 3.490 seconds
[0m21:21:32.622164 [debug] [Thread-6 (]: Using databricks connection "snapshot.walmart_project.dim_employees"
[0m21:21:32.623468 [debug] [Thread-6 (]: On snapshot.walmart_project.dim_employees: /* {"app": "dbt", "dbt_version": "1.12.5", "dbt_databricks_version": "1.10.9", "databricks_sql_connector_version": "4.5.0", "profile_name": "walmart_project", "target_name": "dev", "node_id": "snapshot.walmart_project.dim_employees"} */
select * from (
        select 
    current_timestamp()
 as dbt_snapshot_time
    ) as __dbt_sbq
    where false
    limit 0

[0m21:21:32.624463 [debug] [Thread-6 (]: Databricks adapter: Cursor(session-id=01f1b69d-7a7a-154e-9e0b-900ccacceebe, command-id=01f1b69d-7aac-14e8-bab1-1c68f781c28c) - Closing
[0m21:21:32.987649 [debug] [Thread-6 (]: SQL status: OK in 0.360 seconds
[0m21:21:32.988658 [debug] [Thread-6 (]: Writing runtime sql for node "snapshot.walmart_project.dim_employees"
[0m21:21:32.993292 [debug] [Thread-6 (]: Using databricks connection "snapshot.walmart_project.dim_employees"
[0m21:21:32.994444 [debug] [Thread-6 (]: On snapshot.walmart_project.dim_employees: /* {"app": "dbt", "dbt_version": "1.12.5", "dbt_databricks_version": "1.10.9", "databricks_sql_connector_version": "4.5.0", "profile_name": "walmart_project", "target_name": "dev", "node_id": "snapshot.walmart_project.dim_employees"} */

      
  
    
        create or replace table `walmart`.`gold`.`dim_employees`
      
      
  using delta
      
      
      
      
      
      
      
      as
      
    

    select *,
        md5(coalesce(cast(employee_id as string ), '')
         || '|' || coalesce(cast(employee_updated_timestamp as string ), '')
        ) as dbt_scd_id,
        employee_updated_timestamp as dbt_updated_at,
        employee_updated_timestamp as dbt_valid_from,
        
  
  coalesce(nullif(employee_updated_timestamp, employee_updated_timestamp), to_date('9999-12-31'))
  as dbt_valid_to
from (
        with __dbt__cte__eph_employees as (
SELECT 
    DISTINCT
    employee_id,
    employee_first_name,
    employee_last_name,
    employee_email,
    job_title,
    salary,
    store_id,
    employee_created_timestamp,
    employee_updated_timestamp,
    employee_is_active,
    employee_processed_at,
    CURRENT_TIMESTAMP() AS employee_gold_processed_at
FROM 
    `walmart`.`silver_b`.`obt_b`
) select * from __dbt__cte__eph_employees
    ) sbq



  
  
[0m21:21:32.994444 [debug] [Thread-6 (]: Databricks adapter: Cursor(session-id=01f1b69d-7a7a-154e-9e0b-900ccacceebe, command-id=01f1b69d-7c12-1864-be01-2c9ee83e0305) - Closing
[0m21:21:37.153082 [debug] [Thread-6 (]: SQL status: OK in 4.160 seconds
[0m21:21:37.154121 [debug] [Thread-6 (]: Databricks adapter: Cursor(session-id=01f1b69d-7a7a-154e-9e0b-900ccacceebe, command-id=01f1b69d-7c4a-1dbd-b5ad-e5c6cc8800e9) - Closing
[0m21:21:37.157154 [debug] [Thread-6 (]: On snapshot.walmart_project.dim_employees: Close
[0m21:21:37.158187 [debug] [Thread-6 (]: Databricks adapter: Connection(session-id=01f1b69d-7a7a-154e-9e0b-900ccacceebe) - Closing
[0m21:21:37.467378 [debug] [Thread-6 (]: Sending event: {'category': 'dbt', 'action': 'run_model', 'label': 'f5a9356f-3eb0-4c79-84f1-c38f853de96f', 'context': [<snowplow_tracker.self_describing_json.SelfDescribingJson object at 0x000001A7D5BAE3F0>]}
[0m21:21:37.469380 [info ] [Thread-6 (]: 2 of 5 OK snapshotted gold.dim_employees ....................................... [[32mOK[0m in 8.37s]
[0m21:21:37.471889 [debug] [Thread-6 (]: Finished running node snapshot.walmart_project.dim_employees
[0m21:21:37.472905 [debug] [Thread-6 (]: Began running node snapshot.walmart_project.dim_orders
[0m21:21:37.473919 [info ] [Thread-6 (]: 3 of 5 START snapshot gold.dim_orders .......................................... [RUN]
[0m21:21:37.478216 [debug] [Thread-6 (]: Databricks adapter: DatabricksDBTConnection(session-id=None, name=snapshot.walmart_project.dim_orders) - Creating connection
[0m21:21:37.482932 [debug] [Thread-6 (]: Acquiring new databricks connection 'snapshot.walmart_project.dim_orders'
[0m21:21:37.485385 [debug] [Thread-6 (]: Began compiling node snapshot.walmart_project.dim_orders
[0m21:21:37.503963 [debug] [Thread-6 (]: Writing injected SQL for node "snapshot.walmart_project.dim_orders"
[0m21:21:37.508958 [debug] [Thread-6 (]: Writing injected SQL for node "snapshot.walmart_project.dim_orders"
[0m21:21:37.518209 [debug] [Thread-6 (]: Began executing node snapshot.walmart_project.dim_orders
[0m21:21:37.524771 [debug] [Thread-6 (]: Using databricks connection "snapshot.walmart_project.dim_orders"
[0m21:21:37.526762 [debug] [Thread-6 (]: On snapshot.walmart_project.dim_orders: /* {"app": "dbt", "dbt_version": "1.12.5", "dbt_databricks_version": "1.10.9", "databricks_sql_connector_version": "4.5.0", "profile_name": "walmart_project", "target_name": "dev", "node_id": "snapshot.walmart_project.dim_orders"} */
select * from (
        
    

    select *,
        md5(coalesce(cast(order_id as string ), '')
         || '|' || coalesce(cast(order_updated_timestamp as string ), '')
        ) as dbt_scd_id,
        order_updated_timestamp as dbt_updated_at,
        order_updated_timestamp as dbt_valid_from,
        
  
  coalesce(nullif(order_updated_timestamp, order_updated_timestamp), to_date('9999-12-31'))
  as dbt_valid_to
from (
        with __dbt__cte__eph_orders as (
SELECT 
    DISTINCT
    order_id,
    order_item_id,
    payment_method,
    order_status,
    order_timestamp,
    order_created_timestamp,
    order_updated_timestamp,
    order_is_active,
    order_processed_at,
    obt_b_processed_at,
    CURRENT_TIMESTAMP() AS order_gold_processed_at
FROM 
    `walmart`.`silver_b`.`obt_b`
) select * from __dbt__cte__eph_orders
    ) sbq



    ) as __dbt_sbq
    where false
    limit 0

[0m21:21:37.527775 [debug] [Thread-6 (]: Opening a new connection, currently in state init
[0m21:21:38.728971 [debug] [Thread-6 (]: Databricks adapter: Connection(session-id=01f1b69d-7f85-1c29-a8a8-5717cca3caa4) - Created
[0m21:21:39.480611 [debug] [Thread-6 (]: SQL status: OK in 1.950 seconds
[0m21:21:39.483151 [debug] [Thread-6 (]: Using databricks connection "snapshot.walmart_project.dim_orders"
[0m21:21:39.484154 [debug] [Thread-6 (]: On snapshot.walmart_project.dim_orders: /* {"app": "dbt", "dbt_version": "1.12.5", "dbt_databricks_version": "1.10.9", "databricks_sql_connector_version": "4.5.0", "profile_name": "walmart_project", "target_name": "dev", "node_id": "snapshot.walmart_project.dim_orders"} */
select * from (
        select 
    current_timestamp()
 as dbt_snapshot_time
    ) as __dbt_sbq
    where false
    limit 0

[0m21:21:39.485718 [debug] [Thread-6 (]: Databricks adapter: Cursor(session-id=01f1b69d-7f85-1c29-a8a8-5717cca3caa4, command-id=01f1b69d-7fb7-13d0-a216-94081b573b0b) - Closing
[0m21:21:39.859386 [debug] [Thread-6 (]: SQL status: OK in 0.370 seconds
[0m21:21:39.860576 [debug] [Thread-6 (]: Writing runtime sql for node "snapshot.walmart_project.dim_orders"
[0m21:21:39.863241 [debug] [Thread-6 (]: Using databricks connection "snapshot.walmart_project.dim_orders"
[0m21:21:39.864495 [debug] [Thread-6 (]: On snapshot.walmart_project.dim_orders: /* {"app": "dbt", "dbt_version": "1.12.5", "dbt_databricks_version": "1.10.9", "databricks_sql_connector_version": "4.5.0", "profile_name": "walmart_project", "target_name": "dev", "node_id": "snapshot.walmart_project.dim_orders"} */

      
  
    
        create or replace table `walmart`.`gold`.`dim_orders`
      
      
  using delta
      
      
      
      
      
      
      
      as
      
    

    select *,
        md5(coalesce(cast(order_id as string ), '')
         || '|' || coalesce(cast(order_updated_timestamp as string ), '')
        ) as dbt_scd_id,
        order_updated_timestamp as dbt_updated_at,
        order_updated_timestamp as dbt_valid_from,
        
  
  coalesce(nullif(order_updated_timestamp, order_updated_timestamp), to_date('9999-12-31'))
  as dbt_valid_to
from (
        with __dbt__cte__eph_orders as (
SELECT 
    DISTINCT
    order_id,
    order_item_id,
    payment_method,
    order_status,
    order_timestamp,
    order_created_timestamp,
    order_updated_timestamp,
    order_is_active,
    order_processed_at,
    obt_b_processed_at,
    CURRENT_TIMESTAMP() AS order_gold_processed_at
FROM 
    `walmart`.`silver_b`.`obt_b`
) select * from __dbt__cte__eph_orders
    ) sbq



  
  
[0m21:21:39.866500 [debug] [Thread-6 (]: Databricks adapter: Cursor(session-id=01f1b69d-7f85-1c29-a8a8-5717cca3caa4, command-id=01f1b69d-802a-1bfe-b056-bddaae51eb62) - Closing
[0m21:21:43.842738 [debug] [Thread-6 (]: SQL status: OK in 3.980 seconds
[0m21:21:43.844750 [debug] [Thread-6 (]: Databricks adapter: Cursor(session-id=01f1b69d-7f85-1c29-a8a8-5717cca3caa4, command-id=01f1b69d-8096-1e5f-88db-eca7d4ba299c) - Closing
[0m21:21:43.848750 [debug] [Thread-6 (]: On snapshot.walmart_project.dim_orders: Close
[0m21:21:43.854762 [debug] [Thread-6 (]: Databricks adapter: Connection(session-id=01f1b69d-7f85-1c29-a8a8-5717cca3caa4) - Closing
[0m21:21:44.180157 [debug] [Thread-6 (]: Sending event: {'category': 'dbt', 'action': 'run_model', 'label': 'f5a9356f-3eb0-4c79-84f1-c38f853de96f', 'context': [<snowplow_tracker.self_describing_json.SelfDescribingJson object at 0x000001A7D5BACC20>]}
[0m21:21:44.182657 [info ] [Thread-6 (]: 3 of 5 OK snapshotted gold.dim_orders .......................................... [[32mOK[0m in 6.70s]
[0m21:21:44.188580 [debug] [Thread-6 (]: Finished running node snapshot.walmart_project.dim_orders
[0m21:21:44.192100 [debug] [Thread-6 (]: Began running node snapshot.walmart_project.dim_products
[0m21:21:44.193117 [info ] [Thread-6 (]: 4 of 5 START snapshot gold.dim_products ........................................ [RUN]
[0m21:21:44.194129 [debug] [Thread-6 (]: Databricks adapter: DatabricksDBTConnection(session-id=None, name=snapshot.walmart_project.dim_products) - Creating connection
[0m21:21:44.200125 [debug] [Thread-6 (]: Acquiring new databricks connection 'snapshot.walmart_project.dim_products'
[0m21:21:44.200125 [debug] [Thread-6 (]: Began compiling node snapshot.walmart_project.dim_products
[0m21:21:44.203640 [debug] [Thread-6 (]: Writing injected SQL for node "snapshot.walmart_project.dim_products"
[0m21:21:44.205792 [debug] [Thread-6 (]: Writing injected SQL for node "snapshot.walmart_project.dim_products"
[0m21:21:44.208800 [debug] [Thread-6 (]: Began executing node snapshot.walmart_project.dim_products
[0m21:21:44.217176 [debug] [Thread-6 (]: Using databricks connection "snapshot.walmart_project.dim_products"
[0m21:21:44.218171 [debug] [Thread-6 (]: On snapshot.walmart_project.dim_products: /* {"app": "dbt", "dbt_version": "1.12.5", "dbt_databricks_version": "1.10.9", "databricks_sql_connector_version": "4.5.0", "profile_name": "walmart_project", "target_name": "dev", "node_id": "snapshot.walmart_project.dim_products"} */
select * from (
        
    

    select *,
        md5(coalesce(cast(product_id as string ), '')
         || '|' || coalesce(cast(product_updated_timestamp as string ), '')
        ) as dbt_scd_id,
        product_updated_timestamp as dbt_updated_at,
        product_updated_timestamp as dbt_valid_from,
        
  
  coalesce(nullif(product_updated_timestamp, product_updated_timestamp), to_date('9999-12-31'))
  as dbt_valid_to
from (
        with __dbt__cte__eph_products as (
SELECT 
    DISTINCT
    product_id,
    product_name,
    category,
    brand,
    price,
    product_created_timestamp,
    product_updated_timestamp,
    product_is_active,
    product_processed_at,
    CURRENT_TIMESTAMP() AS product_gold_processed_at
FROM 
    `walmart`.`silver_b`.`obt_b`
) select * from __dbt__cte__eph_products
    ) sbq



    ) as __dbt_sbq
    where false
    limit 0

[0m21:21:44.219169 [debug] [Thread-6 (]: Opening a new connection, currently in state init
[0m21:21:45.359811 [debug] [Thread-6 (]: Databricks adapter: Connection(session-id=01f1b69d-8375-15e1-b995-9c505a88ea63) - Created
[0m21:21:46.022133 [debug] [Thread-6 (]: SQL status: OK in 1.800 seconds
[0m21:21:46.022133 [debug] [Thread-6 (]: Using databricks connection "snapshot.walmart_project.dim_products"
[0m21:21:46.023526 [debug] [Thread-6 (]: On snapshot.walmart_project.dim_products: /* {"app": "dbt", "dbt_version": "1.12.5", "dbt_databricks_version": "1.10.9", "databricks_sql_connector_version": "4.5.0", "profile_name": "walmart_project", "target_name": "dev", "node_id": "snapshot.walmart_project.dim_products"} */
select * from (
        select 
    current_timestamp()
 as dbt_snapshot_time
    ) as __dbt_sbq
    where false
    limit 0

[0m21:21:46.023526 [debug] [Thread-6 (]: Databricks adapter: Cursor(session-id=01f1b69d-8375-15e1-b995-9c505a88ea63, command-id=01f1b69d-83a8-1eb4-92dd-fa10550de438) - Closing
[0m21:21:46.369658 [debug] [Thread-6 (]: SQL status: OK in 0.340 seconds
[0m21:21:46.375173 [debug] [Thread-6 (]: Writing runtime sql for node "snapshot.walmart_project.dim_products"
[0m21:21:46.380963 [debug] [Thread-6 (]: Using databricks connection "snapshot.walmart_project.dim_products"
[0m21:21:46.383403 [debug] [Thread-6 (]: On snapshot.walmart_project.dim_products: /* {"app": "dbt", "dbt_version": "1.12.5", "dbt_databricks_version": "1.10.9", "databricks_sql_connector_version": "4.5.0", "profile_name": "walmart_project", "target_name": "dev", "node_id": "snapshot.walmart_project.dim_products"} */

      
  
    
        create or replace table `walmart`.`gold`.`dim_products`
      
      
  using delta
      
      
      
      
      
      
      
      as
      
    

    select *,
        md5(coalesce(cast(product_id as string ), '')
         || '|' || coalesce(cast(product_updated_timestamp as string ), '')
        ) as dbt_scd_id,
        product_updated_timestamp as dbt_updated_at,
        product_updated_timestamp as dbt_valid_from,
        
  
  coalesce(nullif(product_updated_timestamp, product_updated_timestamp), to_date('9999-12-31'))
  as dbt_valid_to
from (
        with __dbt__cte__eph_products as (
SELECT 
    DISTINCT
    product_id,
    product_name,
    category,
    brand,
    price,
    product_created_timestamp,
    product_updated_timestamp,
    product_is_active,
    product_processed_at,
    CURRENT_TIMESTAMP() AS product_gold_processed_at
FROM 
    `walmart`.`silver_b`.`obt_b`
) select * from __dbt__cte__eph_products
    ) sbq



  
  
[0m21:21:46.383403 [debug] [Thread-6 (]: Databricks adapter: Cursor(session-id=01f1b69d-8375-15e1-b995-9c505a88ea63, command-id=01f1b69d-840e-15d8-989d-6746c8138097) - Closing
[0m21:21:49.822223 [debug] [Thread-6 (]: SQL status: OK in 3.440 seconds
[0m21:21:49.825265 [debug] [Thread-6 (]: Databricks adapter: Cursor(session-id=01f1b69d-8375-15e1-b995-9c505a88ea63, command-id=01f1b69d-8444-1cf0-80cf-d6343a8bc7c4) - Closing
[0m21:21:49.828630 [debug] [Thread-6 (]: On snapshot.walmart_project.dim_products: Close
[0m21:21:49.829650 [debug] [Thread-6 (]: Databricks adapter: Connection(session-id=01f1b69d-8375-15e1-b995-9c505a88ea63) - Closing
[0m21:21:50.128370 [debug] [Thread-6 (]: Sending event: {'category': 'dbt', 'action': 'run_model', 'label': 'f5a9356f-3eb0-4c79-84f1-c38f853de96f', 'context': [<snowplow_tracker.self_describing_json.SelfDescribingJson object at 0x000001A7D5BBE450>]}
[0m21:21:50.130654 [info ] [Thread-6 (]: 4 of 5 OK snapshotted gold.dim_products ........................................ [[32mOK[0m in 5.93s]
[0m21:21:50.132159 [debug] [Thread-6 (]: Finished running node snapshot.walmart_project.dim_products
[0m21:21:50.132159 [debug] [Thread-6 (]: Began running node snapshot.walmart_project.dim_stores
[0m21:21:50.133554 [info ] [Thread-6 (]: 5 of 5 START snapshot gold.dim_stores .......................................... [RUN]
[0m21:21:50.134902 [debug] [Thread-6 (]: Databricks adapter: DatabricksDBTConnection(session-id=None, name=snapshot.walmart_project.dim_stores) - Creating connection
[0m21:21:50.135806 [debug] [Thread-6 (]: Acquiring new databricks connection 'snapshot.walmart_project.dim_stores'
[0m21:21:50.136864 [debug] [Thread-6 (]: Began compiling node snapshot.walmart_project.dim_stores
[0m21:21:50.144756 [debug] [Thread-6 (]: Writing injected SQL for node "snapshot.walmart_project.dim_stores"
[0m21:21:50.148751 [debug] [Thread-6 (]: Writing injected SQL for node "snapshot.walmart_project.dim_stores"
[0m21:21:50.150896 [debug] [Thread-6 (]: Began executing node snapshot.walmart_project.dim_stores
[0m21:21:50.158896 [debug] [Thread-6 (]: Using databricks connection "snapshot.walmart_project.dim_stores"
[0m21:21:50.160894 [debug] [Thread-6 (]: On snapshot.walmart_project.dim_stores: /* {"app": "dbt", "dbt_version": "1.12.5", "dbt_databricks_version": "1.10.9", "databricks_sql_connector_version": "4.5.0", "profile_name": "walmart_project", "target_name": "dev", "node_id": "snapshot.walmart_project.dim_stores"} */
select * from (
        
    

    select *,
        md5(coalesce(cast(store_id as string ), '')
         || '|' || coalesce(cast(store_updated_timestamp as string ), '')
        ) as dbt_scd_id,
        store_updated_timestamp as dbt_updated_at,
        store_updated_timestamp as dbt_valid_from,
        
  
  coalesce(nullif(store_updated_timestamp, store_updated_timestamp), to_date('9999-12-31'))
  as dbt_valid_to
from (
        with __dbt__cte__eph_stores as (
SELECT 
    DISTINCT
    store_id,
    store_name,
    store_city,
    store_province,
    store_country,
    store_created_timestamp,
    store_updated_timestamp,
    store_is_active,
    store_processed_at,
    CURRENT_TIMESTAMP() AS store_gold_processed_at
FROM 
    `walmart`.`silver_b`.`obt_b`
) select * from __dbt__cte__eph_stores
    ) sbq



    ) as __dbt_sbq
    where false
    limit 0

[0m21:21:50.162401 [debug] [Thread-6 (]: Opening a new connection, currently in state init
[0m21:21:52.370799 [debug] [Thread-6 (]: Databricks adapter: Connection(session-id=01f1b69d-87a8-1e9d-aa6f-839bcffccf27) - Created
[0m21:21:53.207745 [debug] [Thread-6 (]: SQL status: OK in 3.050 seconds
[0m21:21:53.210103 [debug] [Thread-6 (]: Using databricks connection "snapshot.walmart_project.dim_stores"
[0m21:21:53.211099 [debug] [Thread-6 (]: On snapshot.walmart_project.dim_stores: /* {"app": "dbt", "dbt_version": "1.12.5", "dbt_databricks_version": "1.10.9", "databricks_sql_connector_version": "4.5.0", "profile_name": "walmart_project", "target_name": "dev", "node_id": "snapshot.walmart_project.dim_stores"} */
select * from (
        select 
    current_timestamp()
 as dbt_snapshot_time
    ) as __dbt_sbq
    where false
    limit 0

[0m21:21:53.212099 [debug] [Thread-6 (]: Databricks adapter: Cursor(session-id=01f1b69d-87a8-1e9d-aa6f-839bcffccf27, command-id=01f1b69d-87da-176d-bc6d-f2e324b8c863) - Closing
[0m21:21:53.573156 [debug] [Thread-6 (]: SQL status: OK in 0.360 seconds
[0m21:21:53.575242 [debug] [Thread-6 (]: Writing runtime sql for node "snapshot.walmart_project.dim_stores"
[0m21:21:53.578493 [debug] [Thread-6 (]: Using databricks connection "snapshot.walmart_project.dim_stores"
[0m21:21:53.579491 [debug] [Thread-6 (]: On snapshot.walmart_project.dim_stores: /* {"app": "dbt", "dbt_version": "1.12.5", "dbt_databricks_version": "1.10.9", "databricks_sql_connector_version": "4.5.0", "profile_name": "walmart_project", "target_name": "dev", "node_id": "snapshot.walmart_project.dim_stores"} */

      
  
    
        create or replace table `walmart`.`gold`.`dim_stores`
      
      
  using delta
      
      
      
      
      
      
      
      as
      
    

    select *,
        md5(coalesce(cast(store_id as string ), '')
         || '|' || coalesce(cast(store_updated_timestamp as string ), '')
        ) as dbt_scd_id,
        store_updated_timestamp as dbt_updated_at,
        store_updated_timestamp as dbt_valid_from,
        
  
  coalesce(nullif(store_updated_timestamp, store_updated_timestamp), to_date('9999-12-31'))
  as dbt_valid_to
from (
        with __dbt__cte__eph_stores as (
SELECT 
    DISTINCT
    store_id,
    store_name,
    store_city,
    store_province,
    store_country,
    store_created_timestamp,
    store_updated_timestamp,
    store_is_active,
    store_processed_at,
    CURRENT_TIMESTAMP() AS store_gold_processed_at
FROM 
    `walmart`.`silver_b`.`obt_b`
) select * from __dbt__cte__eph_stores
    ) sbq



  
  
[0m21:21:53.580957 [debug] [Thread-6 (]: Databricks adapter: Cursor(session-id=01f1b69d-87a8-1e9d-aa6f-839bcffccf27, command-id=01f1b69d-8858-1cce-aace-b2488d05b09f) - Closing
[0m21:21:57.447427 [debug] [Thread-6 (]: SQL status: OK in 3.870 seconds
[0m21:21:57.449339 [debug] [Thread-6 (]: Databricks adapter: Cursor(session-id=01f1b69d-87a8-1e9d-aa6f-839bcffccf27, command-id=01f1b69d-8890-1d90-9e83-320cd61edc49) - Closing
[0m21:21:57.454787 [debug] [Thread-6 (]: On snapshot.walmart_project.dim_stores: Close
[0m21:21:57.455788 [debug] [Thread-6 (]: Databricks adapter: Connection(session-id=01f1b69d-87a8-1e9d-aa6f-839bcffccf27) - Closing
[0m21:21:57.754641 [debug] [Thread-6 (]: Sending event: {'category': 'dbt', 'action': 'run_model', 'label': 'f5a9356f-3eb0-4c79-84f1-c38f853de96f', 'context': [<snowplow_tracker.self_describing_json.SelfDescribingJson object at 0x000001A7E2EC6510>]}
[0m21:21:57.756727 [info ] [Thread-6 (]: 5 of 5 OK snapshotted gold.dim_stores .......................................... [[32mOK[0m in 7.62s]
[0m21:21:57.759993 [debug] [Thread-6 (]: Finished running node snapshot.walmart_project.dim_stores
[0m21:21:57.763083 [debug] [MainThread]: Databricks adapter: DatabricksDBTConnection(session-id=None, name=master) - Creating connection
[0m21:21:57.764101 [debug] [MainThread]: Acquiring new databricks connection 'master'
[0m21:21:57.765094 [info ] [MainThread]: 
[0m21:21:57.766101 [info ] [MainThread]: Finished running 5 snapshots in 0 hours 0 minutes and 51.83 seconds (51.83s).
[0m21:21:57.770989 [debug] [MainThread]: Command end result
[0m21:21:57.854296 [debug] [MainThread]: Wrote artifact WritableManifest to D:\Data-Engineering-Projects\Walmart_Project\data_project_dbt\walmart_project\target\manifest.json
[0m21:21:57.858393 [debug] [MainThread]: Wrote artifact SemanticManifest to D:\Data-Engineering-Projects\Walmart_Project\data_project_dbt\walmart_project\target\semantic_manifest.json
[0m21:21:57.862484 [debug] [MainThread]: Wrote artifact OsiDocument to D:\Data-Engineering-Projects\Walmart_Project\data_project_dbt\walmart_project\target\osi_document.json
[0m21:21:57.871479 [debug] [MainThread]: Wrote artifact RunExecutionResult to D:\Data-Engineering-Projects\Walmart_Project\data_project_dbt\walmart_project\target\run_results.json
[0m21:21:57.871479 [info ] [MainThread]: 
[0m21:21:57.872626 [info ] [MainThread]: [32mCompleted successfully[0m
[0m21:21:57.873633 [info ] [MainThread]: 
[0m21:21:57.874640 [info ] [MainThread]: Done. PASS=5 WARN=0 ERROR=0 SKIP=0 NO-OP=0 REUSED=0 TOTAL=5
[0m21:21:57.875640 [debug] [MainThread]: Command `dbt snapshot` succeeded at 21:21:57.875640 after 70.35 seconds
[0m21:21:57.876647 [debug] [MainThread]: Sending event: {'category': 'dbt', 'action': 'invocation', 'label': 'end', 'context': [<snowplow_tracker.self_describing_json.SelfDescribingJson object at 0x000001A7D225DF40>, <snowplow_tracker.self_describing_json.SelfDescribingJson object at 0x000001A7E15EBBF0>, <snowplow_tracker.self_describing_json.SelfDescribingJson object at 0x000001A7E2DE3290>]}
[0m21:21:57.877644 [debug] [MainThread]: Flushing usage events
[0m21:21:58.921362 [debug] [MainThread]: An error was encountered while trying to flush usage events
[0m21:53:04.430920 [debug] [MainThread]: Sending event: {'category': 'dbt', 'action': 'invocation', 'label': 'start', 'context': [<snowplow_tracker.self_describing_json.SelfDescribingJson object at 0x000001CC8A034A40>, <snowplow_tracker.self_describing_json.SelfDescribingJson object at 0x000001CC89205D00>, <snowplow_tracker.self_describing_json.SelfDescribingJson object at 0x000001CC89C49400>]}


============================== 21:53:04.447039 | b8273f37-3961-46ab-b8cc-2fe4a82784de ==============================
[0m21:53:04.447039 [info ] [MainThread]: Running with dbt=1.12.5
[0m21:53:04.447039 [debug] [MainThread]: running dbt with arguments {'static_parser': 'True', 'no_print': 'None', 'maximum_seed_size_mib': '1', 'warn_error_options': 'WarnErrorOptionsV2(error=[], warn=[], silence=[])', 'target_path': 'None', 'version_check': 'True', 'printer_width': '80', 'write_json': 'True', 'empty': 'False', 'log_cache_events': 'False', 'introspect': 'True', 'cache_selected_only': 'False', 'log_format': 'default', 'debug': 'False', 'fail_fast': 'False', 'profiles_dir': 'D:\\Data-Engineering-Projects\\Walmart_Project\\data_project_dbt\\walmart_project', 'send_anonymous_usage_stats': 'True', 'quiet': 'False', 'warn_error': 'None', 'partial_parse': 'True', 'use_colors': 'True', 'hints_enabled': 'True', 'indirect_selection': 'eager', 'use_experimental_parser': 'False', 'invocation_command': 'dbt run', 'log_path': 'D:\\Data-Engineering-Projects\\Walmart_Project\\data_project_dbt\\walmart_project\\logs'}
[0m21:53:06.997379 [debug] [MainThread]: Spark adapter: Setting pyhive.hive logging to ERROR
[0m21:53:06.997379 [debug] [MainThread]: Spark adapter: Setting thrift.transport logging to ERROR
[0m21:53:06.997379 [debug] [MainThread]: Spark adapter: Setting thrift.protocol logging to ERROR
[0m21:53:16.073008 [debug] [MainThread]: Sending event: {'category': 'dbt', 'action': 'project_id', 'label': 'b8273f37-3961-46ab-b8cc-2fe4a82784de', 'context': [<snowplow_tracker.self_describing_json.SelfDescribingJson object at 0x000001CC8762FE30>]}
[0m21:53:16.142966 [debug] [MainThread]: Sending event: {'category': 'dbt', 'action': 'adapter_info', 'label': 'b8273f37-3961-46ab-b8cc-2fe4a82784de', 'context': [<snowplow_tracker.self_describing_json.SelfDescribingJson object at 0x000001CC95ACAE40>]}
[0m21:53:16.142966 [info ] [MainThread]: Registered adapter: databricks=1.10.9
[0m21:53:22.114145 [debug] [MainThread]: checksum: c6692066af086a4208ee6a2d343b9da3ce9763b98f9383873b954800d1e1f71c, vars: {}, profile: walmart_project, target: dev, version: 1.12.5
[0m21:53:23.279484 [debug] [MainThread]: Partial parsing enabled: 0 files deleted, 0 files added, 0 files changed.
[0m21:53:23.279484 [debug] [MainThread]: Nothing changed, skipping partial parsing.
[0m21:53:23.281492 [debug] [MainThread]: Partial parsing enabled, no changes found, skipping parsing
[0m21:53:23.293470 [debug] [MainThread]: Sending event: {'category': 'dbt', 'action': 'load_project', 'label': 'b8273f37-3961-46ab-b8cc-2fe4a82784de', 'context': [<snowplow_tracker.self_describing_json.SelfDescribingJson object at 0x000001CC972B1AF0>]}
[0m21:53:23.594754 [debug] [MainThread]: Wrote artifact WritableManifest to D:\Data-Engineering-Projects\Walmart_Project\data_project_dbt\walmart_project\target\manifest.json
[0m21:53:23.637211 [debug] [MainThread]: Wrote artifact SemanticManifest to D:\Data-Engineering-Projects\Walmart_Project\data_project_dbt\walmart_project\target\semantic_manifest.json
[0m21:53:24.071250 [debug] [MainThread]: Wrote artifact OsiDocument to D:\Data-Engineering-Projects\Walmart_Project\data_project_dbt\walmart_project\target\osi_document.json
[0m21:53:24.262741 [debug] [MainThread]: Sending event: {'category': 'dbt', 'action': 'resource_counts', 'label': 'b8273f37-3961-46ab-b8cc-2fe4a82784de', 'context': [<snowplow_tracker.self_describing_json.SelfDescribingJson object at 0x000001CC95FF5430>]}
[0m21:53:24.263680 [info ] [MainThread]: Found 13 models, 1 analysis, 5 data tests, 5 snapshots, 6 sources, 727 macros
[0m21:53:24.265413 [debug] [MainThread]: Sending event: {'category': 'dbt', 'action': 'runnable_timing', 'label': 'b8273f37-3961-46ab-b8cc-2fe4a82784de', 'context': [<snowplow_tracker.self_describing_json.SelfDescribingJson object at 0x000001CC975901A0>]}
[0m21:53:24.274222 [info ] [MainThread]: 
[0m21:53:24.274222 [info ] [MainThread]: Concurrency: 1 threads (target='dev')
[0m21:53:24.277503 [info ] [MainThread]: 
[0m21:53:24.279511 [debug] [MainThread]: Databricks adapter: DatabricksDBTConnection(session-id=None, name=master) - Creating connection
[0m21:53:24.279511 [debug] [MainThread]: Acquiring new databricks connection 'master'
[0m21:53:24.290342 [debug] [ThreadPool]: Databricks adapter: DatabricksDBTConnection(session-id=None, name=list_walmart) - Creating connection
[0m21:53:24.292086 [debug] [ThreadPool]: Acquiring new databricks connection 'list_walmart'
[0m21:53:24.294094 [debug] [ThreadPool]: Using databricks connection "list_walmart"
[0m21:53:24.294094 [debug] [ThreadPool]: On list_walmart: GetSchemas(database=walmart, schema=None)
[0m21:53:24.294094 [debug] [ThreadPool]: Opening a new connection, currently in state init
[0m21:53:27.775553 [debug] [ThreadPool]: Databricks adapter: Connection(session-id=01f1b6a1-f04c-1ce3-8666-5f56e35f65d0) - Created
[0m21:53:29.176557 [debug] [ThreadPool]: SQL status: OK in 4.880 seconds
[0m21:53:29.176557 [debug] [ThreadPool]: Databricks adapter: Cursor(session-id=01f1b6a1-f04c-1ce3-8666-5f56e35f65d0, command-id=01f1b6a1-f197-1dbb-82be-a499c4e6d28c) - Closing
[0m21:53:29.176557 [debug] [ThreadPool]: On list_walmart: Close
[0m21:53:29.176557 [debug] [ThreadPool]: Databricks adapter: Connection(session-id=01f1b6a1-f04c-1ce3-8666-5f56e35f65d0) - Closing
[0m21:53:29.511461 [debug] [ThreadPool]: Databricks adapter: DatabricksDBTConnection(session-id=None, name=list_walmart) - Creating connection
[0m21:53:29.511461 [debug] [ThreadPool]: Acquiring new databricks connection 'list_walmart'
[0m21:53:29.511461 [debug] [ThreadPool]: Using databricks connection "list_walmart"
[0m21:53:29.511461 [debug] [ThreadPool]: On list_walmart: GetSchemas(database=walmart, schema=None)
[0m21:53:29.511461 [debug] [ThreadPool]: Opening a new connection, currently in state init
[0m21:53:30.699872 [debug] [ThreadPool]: Databricks adapter: Connection(session-id=01f1b6a1-f323-14cd-bad2-1466e13fec9e) - Created
[0m21:53:31.103753 [debug] [ThreadPool]: SQL status: OK in 1.590 seconds
[0m21:53:31.105750 [debug] [ThreadPool]: Databricks adapter: Cursor(session-id=01f1b6a1-f323-14cd-bad2-1466e13fec9e, command-id=01f1b6a1-f355-1b75-8cf2-f340deab48cc) - Closing
[0m21:53:31.105750 [debug] [ThreadPool]: On list_walmart: Close
[0m21:53:31.105750 [debug] [ThreadPool]: Databricks adapter: Connection(session-id=01f1b6a1-f323-14cd-bad2-1466e13fec9e) - Closing
[0m21:53:31.439949 [debug] [ThreadPool]: Databricks adapter: DatabricksDBTConnection(session-id=None, name=list_walmart) - Creating connection
[0m21:53:31.441835 [debug] [ThreadPool]: Acquiring new databricks connection 'list_walmart'
[0m21:53:31.441835 [debug] [ThreadPool]: Using databricks connection "list_walmart"
[0m21:53:31.441835 [debug] [ThreadPool]: On list_walmart: GetSchemas(database=walmart, schema=None)
[0m21:53:31.441835 [debug] [ThreadPool]: Opening a new connection, currently in state init
[0m21:53:32.573135 [debug] [ThreadPool]: Databricks adapter: Connection(session-id=01f1b6a1-f441-125c-b103-76479aafa2bf) - Created
[0m21:53:32.942771 [debug] [ThreadPool]: SQL status: OK in 1.500 seconds
[0m21:53:32.944778 [debug] [ThreadPool]: Databricks adapter: Cursor(session-id=01f1b6a1-f441-125c-b103-76479aafa2bf, command-id=01f1b6a1-f472-12db-bf9f-8b13e0b194c4) - Closing
[0m21:53:32.944778 [debug] [ThreadPool]: On list_walmart: Close
[0m21:53:32.944778 [debug] [ThreadPool]: Databricks adapter: Connection(session-id=01f1b6a1-f441-125c-b103-76479aafa2bf) - Closing
[0m21:53:33.261196 [debug] [ThreadPool]: Databricks adapter: DatabricksDBTConnection(session-id=None, name=list_walmart_silver_b) - Creating connection
[0m21:53:33.261196 [debug] [ThreadPool]: Acquiring new databricks connection 'list_walmart_silver_b'
[0m21:53:33.276615 [debug] [ThreadPool]: Using databricks connection "list_walmart_silver_b"
[0m21:53:33.276615 [debug] [ThreadPool]: On list_walmart_silver_b: /* {"app": "dbt", "dbt_version": "1.12.5", "dbt_databricks_version": "1.10.9", "databricks_sql_connector_version": "4.5.0", "profile_name": "walmart_project", "target_name": "dev", "connection_name": "list_walmart_silver_b"} */

    
SELECT
  table_name,
  if(table_type IN ('EXTERNAL', 'MANAGED', 'MANAGED_SHALLOW_CLONE', 'EXTERNAL_SHALLOW_CLONE'), 'table', lower(table_type)) AS table_type,
  lower(data_source_format) AS file_format,
  table_owner,
  if(
    table_type IN (
      'EXTERNAL',
      'MANAGED',
      'MANAGED_SHALLOW_CLONE',
      'EXTERNAL_SHALLOW_CLONE'
    ),
    lower(table_type),
    NULL
  ) AS databricks_table_type
FROM `system`.`information_schema`.`tables`
WHERE table_catalog = 'walmart' 
  AND table_schema = 'silver_b'

  
[0m21:53:33.276615 [debug] [ThreadPool]: Opening a new connection, currently in state init
[0m21:53:34.367216 [debug] [ThreadPool]: Databricks adapter: Connection(session-id=01f1b6a1-f555-137b-aaf7-68d9e319a03d) - Created
[0m21:53:35.764902 [debug] [ThreadPool]: SQL status: OK in 2.490 seconds
[0m21:53:36.414251 [debug] [ThreadPool]: Databricks adapter: Cursor(session-id=01f1b6a1-f555-137b-aaf7-68d9e319a03d, command-id=01f1b6a1-f584-12ee-add9-da76d7d0cffb) - Closing
[0m21:53:36.414251 [debug] [ThreadPool]: On list_walmart_silver_b: Close
[0m21:53:36.416265 [debug] [ThreadPool]: Databricks adapter: Connection(session-id=01f1b6a1-f555-137b-aaf7-68d9e319a03d) - Closing
[0m21:53:36.728430 [debug] [ThreadPool]: Databricks adapter: DatabricksDBTConnection(session-id=None, name=list_walmart_gold) - Creating connection
[0m21:53:36.728430 [debug] [ThreadPool]: Acquiring new databricks connection 'list_walmart_gold'
[0m21:53:36.730035 [debug] [ThreadPool]: Using databricks connection "list_walmart_gold"
[0m21:53:36.730035 [debug] [ThreadPool]: On list_walmart_gold: /* {"app": "dbt", "dbt_version": "1.12.5", "dbt_databricks_version": "1.10.9", "databricks_sql_connector_version": "4.5.0", "profile_name": "walmart_project", "target_name": "dev", "connection_name": "list_walmart_gold"} */

    
SELECT
  table_name,
  if(table_type IN ('EXTERNAL', 'MANAGED', 'MANAGED_SHALLOW_CLONE', 'EXTERNAL_SHALLOW_CLONE'), 'table', lower(table_type)) AS table_type,
  lower(data_source_format) AS file_format,
  table_owner,
  if(
    table_type IN (
      'EXTERNAL',
      'MANAGED',
      'MANAGED_SHALLOW_CLONE',
      'EXTERNAL_SHALLOW_CLONE'
    ),
    lower(table_type),
    NULL
  ) AS databricks_table_type
FROM `system`.`information_schema`.`tables`
WHERE table_catalog = 'walmart' 
  AND table_schema = 'gold'

  
[0m21:53:36.730035 [debug] [ThreadPool]: Opening a new connection, currently in state init
[0m21:53:37.807487 [debug] [ThreadPool]: Databricks adapter: Connection(session-id=01f1b6a1-f764-1b08-9757-e784bdc409d4) - Created
[0m21:53:38.537330 [debug] [ThreadPool]: SQL status: OK in 1.810 seconds
[0m21:53:38.544713 [debug] [ThreadPool]: Databricks adapter: Cursor(session-id=01f1b6a1-f764-1b08-9757-e784bdc409d4, command-id=01f1b6a1-f792-1132-8a64-f7f19f2dae88) - Closing
[0m21:53:38.544713 [debug] [ThreadPool]: On list_walmart_gold: Close
[0m21:53:38.546723 [debug] [ThreadPool]: Databricks adapter: Connection(session-id=01f1b6a1-f764-1b08-9757-e784bdc409d4) - Closing
[0m21:53:38.840792 [debug] [ThreadPool]: Databricks adapter: DatabricksDBTConnection(session-id=None, name=list_walmart_silver_t) - Creating connection
[0m21:53:38.840792 [debug] [ThreadPool]: Acquiring new databricks connection 'list_walmart_silver_t'
[0m21:53:38.840792 [debug] [ThreadPool]: Using databricks connection "list_walmart_silver_t"
[0m21:53:38.840792 [debug] [ThreadPool]: On list_walmart_silver_t: /* {"app": "dbt", "dbt_version": "1.12.5", "dbt_databricks_version": "1.10.9", "databricks_sql_connector_version": "4.5.0", "profile_name": "walmart_project", "target_name": "dev", "connection_name": "list_walmart_silver_t"} */

    
SELECT
  table_name,
  if(table_type IN ('EXTERNAL', 'MANAGED', 'MANAGED_SHALLOW_CLONE', 'EXTERNAL_SHALLOW_CLONE'), 'table', lower(table_type)) AS table_type,
  lower(data_source_format) AS file_format,
  table_owner,
  if(
    table_type IN (
      'EXTERNAL',
      'MANAGED',
      'MANAGED_SHALLOW_CLONE',
      'EXTERNAL_SHALLOW_CLONE'
    ),
    lower(table_type),
    NULL
  ) AS databricks_table_type
FROM `system`.`information_schema`.`tables`
WHERE table_catalog = 'walmart' 
  AND table_schema = 'silver_t'

  
[0m21:53:38.840792 [debug] [ThreadPool]: Opening a new connection, currently in state init
[0m21:53:39.922950 [debug] [ThreadPool]: Databricks adapter: Connection(session-id=01f1b6a1-f8a4-1db1-bfbe-a258333d3438) - Created
[0m21:53:40.592107 [debug] [ThreadPool]: SQL status: OK in 1.750 seconds
[0m21:53:40.596121 [debug] [ThreadPool]: Databricks adapter: Cursor(session-id=01f1b6a1-f8a4-1db1-bfbe-a258333d3438, command-id=01f1b6a1-f8d4-18a5-9629-ca6ae863b592) - Closing
[0m21:53:40.596121 [debug] [ThreadPool]: On list_walmart_silver_t: Close
[0m21:53:40.596121 [debug] [ThreadPool]: Databricks adapter: Connection(session-id=01f1b6a1-f8a4-1db1-bfbe-a258333d3438) - Closing
[0m21:53:40.893283 [debug] [MainThread]: Sending event: {'category': 'dbt', 'action': 'runnable_timing', 'label': 'b8273f37-3961-46ab-b8cc-2fe4a82784de', 'context': [<snowplow_tracker.self_describing_json.SelfDescribingJson object at 0x000001CC975939E0>]}
[0m21:53:40.904385 [debug] [Thread-7 (]: Began running node model.walmart_project.customers_t
[0m21:53:40.904385 [info ] [Thread-7 (]: 1 of 8 START sql incremental model silver_t.customers_t ........................ [RUN]
[0m21:53:40.904385 [debug] [Thread-7 (]: Databricks adapter: DatabricksDBTConnection(session-id=None, name=model.walmart_project.customers_t) - Creating connection
[0m21:53:40.904385 [debug] [Thread-7 (]: Acquiring new databricks connection 'model.walmart_project.customers_t'
[0m21:53:40.904385 [debug] [Thread-7 (]: Began compiling node model.walmart_project.customers_t
[0m21:53:40.924668 [debug] [Thread-7 (]: Writing injected SQL for node "model.walmart_project.customers_t"
[0m21:53:41.061926 [debug] [Thread-7 (]: Began executing node model.walmart_project.customers_t
[0m21:53:41.109588 [debug] [Thread-7 (]: MATERIALIZING INCREMENTAL
[0m21:53:41.117611 [warn ] [Thread-7 (]: [[33mWARNING[0m]: Use revamped materializations based on separating create and insert.  This allows more performant column comments, as well as new column features.
You may opt into the new behavior sooner by setting `flags.use_materialization_v2` to `True` in `dbt_project.yml`.
Visit https://docs.getdbt.com/reference/global-configs/behavior-changes for more information.
[0m21:53:41.117611 [debug] [Thread-7 (]: Sending event: {'category': 'dbt', 'action': 'BehaviorChangeEvent', 'label': 'b8273f37-3961-46ab-b8cc-2fe4a82784de', 'context': [<snowplow_tracker.self_describing_json.SelfDescribingJson object at 0x000001CC8A5CCEC0>]}
[0m21:53:41.125235 [debug] [Thread-7 (]: Using databricks connection "model.walmart_project.customers_t"
[0m21:53:41.125235 [debug] [Thread-7 (]: On model.walmart_project.customers_t: /* {"app": "dbt", "dbt_version": "1.12.5", "dbt_databricks_version": "1.10.9", "databricks_sql_connector_version": "4.5.0", "profile_name": "walmart_project", "target_name": "dev", "node_id": "model.walmart_project.customers_t"} */
SELECT tag_name, tag_value
  FROM `system`.`information_schema`.`table_tags`
  WHERE catalog_name = 'walmart' 
    AND schema_name = 'silver_t'
    AND table_name = 'customers_t'
  
[0m21:53:41.125235 [debug] [Thread-7 (]: Opening a new connection, currently in state init
[0m21:53:43.321588 [debug] [Thread-7 (]: Databricks adapter: Connection(session-id=01f1b6a1-faab-18b8-b27e-1abdb546f576) - Created
[0m21:53:43.976777 [debug] [Thread-7 (]: SQL status: OK in 2.850 seconds
[0m21:53:44.073018 [debug] [Thread-7 (]: Databricks adapter: Cursor(session-id=01f1b6a1-faab-18b8-b27e-1abdb546f576, command-id=01f1b6a1-fada-1adb-a9f6-fd3be5543d15) - Closing
[0m21:53:44.073018 [debug] [Thread-7 (]: Using databricks connection "model.walmart_project.customers_t"
[0m21:53:44.073018 [debug] [Thread-7 (]: On model.walmart_project.customers_t: /* {"app": "dbt", "dbt_version": "1.12.5", "dbt_databricks_version": "1.10.9", "databricks_sql_connector_version": "4.5.0", "profile_name": "walmart_project", "target_name": "dev", "node_id": "model.walmart_project.customers_t"} */
SELECT 
    column_name,
    tag_name,
    tag_value
  FROM `system`.`information_schema`.`column_tags`
  WHERE catalog_name = 'walmart'
    AND schema_name = 'silver_t'
    AND table_name = 'customers_t';
  
[0m21:53:44.600715 [debug] [Thread-7 (]: SQL status: OK in 0.530 seconds
[0m21:53:44.600715 [debug] [Thread-7 (]: Databricks adapter: Cursor(session-id=01f1b6a1-faab-18b8-b27e-1abdb546f576, command-id=01f1b6a1-fb4e-1cad-a748-d07eacf08dfb) - Closing
[0m21:53:44.616699 [debug] [Thread-7 (]: Using databricks connection "model.walmart_project.customers_t"
[0m21:53:44.616699 [debug] [Thread-7 (]: On model.walmart_project.customers_t: /* {"app": "dbt", "dbt_version": "1.12.5", "dbt_databricks_version": "1.10.9", "databricks_sql_connector_version": "4.5.0", "profile_name": "walmart_project", "target_name": "dev", "node_id": "model.walmart_project.customers_t"} */
SELECT column_name
  FROM `walmart`.`information_schema`.`columns`
  WHERE table_catalog = 'walmart' 
    AND table_schema = 'silver_t'
    AND table_name = 'customers_t'
    AND is_nullable = 'NO';
  
[0m21:53:45.402120 [debug] [Thread-7 (]: SQL status: OK in 0.790 seconds
[0m21:53:45.402120 [debug] [Thread-7 (]: Databricks adapter: Cursor(session-id=01f1b6a1-faab-18b8-b27e-1abdb546f576, command-id=01f1b6a1-fba0-1c03-ad91-1abca337c910) - Closing
[0m21:53:45.420211 [debug] [Thread-7 (]: Using databricks connection "model.walmart_project.customers_t"
[0m21:53:45.420211 [debug] [Thread-7 (]: On model.walmart_project.customers_t: /* {"app": "dbt", "dbt_version": "1.12.5", "dbt_databricks_version": "1.10.9", "databricks_sql_connector_version": "4.5.0", "profile_name": "walmart_project", "target_name": "dev", "node_id": "model.walmart_project.customers_t"} */
SELECT kcu.constraint_name, kcu.column_name
  FROM `walmart`.information_schema.key_column_usage kcu
  WHERE kcu.table_catalog = 'walmart' 
    AND kcu.table_schema = 'silver_t'
    AND kcu.table_name = 'customers_t' 
    AND kcu.constraint_name = (
      SELECT constraint_name
      FROM `walmart`.information_schema.table_constraints
      WHERE table_catalog = 'walmart'
        AND table_schema = 'silver_t'
        AND table_name = 'customers_t' 
        AND constraint_type = 'PRIMARY KEY'
    )
  ORDER BY kcu.ordinal_position;
  
[0m21:53:46.584940 [debug] [Thread-7 (]: SQL status: OK in 1.160 seconds
[0m21:53:46.584940 [debug] [Thread-7 (]: Databricks adapter: Cursor(session-id=01f1b6a1-faab-18b8-b27e-1abdb546f576, command-id=01f1b6a1-fc1a-14ae-99e7-9bebac2eccfb) - Closing
[0m21:53:46.584940 [debug] [Thread-7 (]: Using databricks connection "model.walmart_project.customers_t"
[0m21:53:46.584940 [debug] [Thread-7 (]: On model.walmart_project.customers_t: /* {"app": "dbt", "dbt_version": "1.12.5", "dbt_databricks_version": "1.10.9", "databricks_sql_connector_version": "4.5.0", "profile_name": "walmart_project", "target_name": "dev", "node_id": "model.walmart_project.customers_t"} */
SELECT
    kcu.constraint_name,
    kcu.column_name AS from_column,
    ukcu.table_catalog AS to_catalog,
    ukcu.table_schema AS to_schema,
    ukcu.table_name AS to_table,
    ukcu.column_name AS to_column
  FROM `walmart`.information_schema.key_column_usage kcu
  JOIN `walmart`.information_schema.referential_constraints rc
    ON kcu.constraint_name = rc.constraint_name
  JOIN `walmart`.information_schema.key_column_usage ukcu
    ON rc.unique_constraint_name = ukcu.constraint_name
    AND kcu.ordinal_position = ukcu.ordinal_position
  WHERE kcu.table_catalog = 'walmart'
    AND kcu.table_schema = 'silver_t'
    AND kcu.table_name = 'customers_t'
    AND kcu.constraint_name IN (
      SELECT constraint_name
      FROM `walmart`.information_schema.table_constraints
      WHERE table_catalog = 'walmart'
        AND table_schema = 'silver_t'
        AND table_name = 'customers_t'
        AND constraint_type = 'FOREIGN KEY'
    )
  ORDER BY kcu.ordinal_position;
  
[0m21:53:48.116960 [debug] [Thread-7 (]: SQL status: OK in 1.530 seconds
[0m21:53:48.116960 [debug] [Thread-7 (]: Databricks adapter: Cursor(session-id=01f1b6a1-faab-18b8-b27e-1abdb546f576, command-id=01f1b6a1-fcce-1cd5-893a-6ab8482e4e2e) - Closing
[0m21:53:48.123983 [debug] [Thread-7 (]: Using databricks connection "model.walmart_project.customers_t"
[0m21:53:48.123983 [debug] [Thread-7 (]: On model.walmart_project.customers_t: /* {"app": "dbt", "dbt_version": "1.12.5", "dbt_databricks_version": "1.10.9", "databricks_sql_connector_version": "4.5.0", "profile_name": "walmart_project", "target_name": "dev", "node_id": "model.walmart_project.customers_t"} */
SELECT 
    column_name,
    mask_name,
    using_columns
  FROM `system`.`information_schema`.`column_masks`
  WHERE table_catalog = 'walmart'
    AND table_schema = 'silver_t'
    AND table_name = 'customers_t';
  
[0m21:53:48.673006 [debug] [Thread-7 (]: SQL status: OK in 0.550 seconds
[0m21:53:48.687574 [debug] [Thread-7 (]: Databricks adapter: Cursor(session-id=01f1b6a1-faab-18b8-b27e-1abdb546f576, command-id=01f1b6a1-fdb7-1df7-9852-7f2008fffed1) - Closing
[0m21:53:48.691594 [debug] [Thread-7 (]: Using databricks connection "model.walmart_project.customers_t"
[0m21:53:48.691594 [debug] [Thread-7 (]: On model.walmart_project.customers_t: /* {"app": "dbt", "dbt_version": "1.12.5", "dbt_databricks_version": "1.10.9", "databricks_sql_connector_version": "4.5.0", "profile_name": "walmart_project", "target_name": "dev", "node_id": "model.walmart_project.customers_t"} */
SHOW TBLPROPERTIES `walmart`.`silver_t`.`customers_t`
  
[0m21:53:50.500439 [debug] [Thread-7 (]: SQL status: OK in 1.810 seconds
[0m21:53:50.500439 [debug] [Thread-7 (]: Databricks adapter: Cursor(session-id=01f1b6a1-faab-18b8-b27e-1abdb546f576, command-id=01f1b6a1-fe0d-1c0f-b37a-fd9bdc2ee18b) - Closing
[0m21:53:50.500439 [debug] [Thread-7 (]: Using databricks connection "model.walmart_project.customers_t"
[0m21:53:50.500439 [debug] [Thread-7 (]: On model.walmart_project.customers_t: /* {"app": "dbt", "dbt_version": "1.12.5", "dbt_databricks_version": "1.10.9", "databricks_sql_connector_version": "4.5.0", "profile_name": "walmart_project", "target_name": "dev", "node_id": "model.walmart_project.customers_t"} */
describe extended `walmart`.`silver_t`.`customers_t`
  
[0m21:53:51.253007 [debug] [Thread-7 (]: SQL status: OK in 0.750 seconds
[0m21:53:51.376413 [debug] [Thread-7 (]: Databricks adapter: Cursor(session-id=01f1b6a1-faab-18b8-b27e-1abdb546f576, command-id=01f1b6a1-ff22-1ea3-83d7-78c2346d4d6e) - Closing
[0m21:53:51.557802 [debug] [Thread-7 (]: Databricks adapter: Getting diff for ColumnCommentsConfig: comments={} quoted={} persist=False and comments={'customer_id': '', 'first_name': '', 'last_name': '', 'email': '', 'phone': '', 'city': '', 'province': '', 'country': '', 'created_timestamp': '', 'updated_timestamp': '', 'is_active': '', 'processed_at': '', '': ''} quoted={} persist=False
[0m21:53:51.574741 [debug] [Thread-7 (]: Using databricks connection "model.walmart_project.customers_t"
[0m21:53:51.574741 [debug] [Thread-7 (]: On model.walmart_project.customers_t: /* {"app": "dbt", "dbt_version": "1.12.5", "dbt_databricks_version": "1.10.9", "databricks_sql_connector_version": "4.5.0", "profile_name": "walmart_project", "target_name": "dev", "node_id": "model.walmart_project.customers_t"} */

  
    create or replace temporary view `customers_t__dbt_tmp` as
      SELECT 
    *,
    current_timestamp() AS processed_at
FROM 
    `walmart`.`bronze`.`customers`



    WHERE updated_timestamp > (SELECT COALESCE(MAX(updated_timestamp), '1900-01-01') FROM `walmart`.`silver_t`.`customers_t`)
  
[0m21:53:52.857498 [debug] [Thread-7 (]: SQL status: OK in 1.280 seconds
[0m21:53:52.857498 [debug] [Thread-7 (]: Databricks adapter: Cursor(session-id=01f1b6a1-faab-18b8-b27e-1abdb546f576, command-id=01f1b6a1-ffc6-1246-b22e-c48be591ad7d) - Closing
[0m21:53:52.882993 [debug] [Thread-7 (]: Using databricks connection "model.walmart_project.customers_t"
[0m21:53:52.882993 [debug] [Thread-7 (]: On model.walmart_project.customers_t: /* {"app": "dbt", "dbt_version": "1.12.5", "dbt_databricks_version": "1.10.9", "databricks_sql_connector_version": "4.5.0", "profile_name": "walmart_project", "target_name": "dev", "node_id": "model.walmart_project.customers_t"} */

    
  DESCRIBE TABLE EXTENDED `walmart`.`silver_t`.`customers_t` AS JSON

  
[0m21:53:53.923231 [debug] [Thread-7 (]: SQL status: OK in 1.040 seconds
[0m21:53:53.932240 [debug] [Thread-7 (]: Databricks adapter: Cursor(session-id=01f1b6a1-faab-18b8-b27e-1abdb546f576, command-id=01f1b6a2-00c6-1831-a42e-5ddbccc7982d) - Closing
[0m21:53:53.932752 [debug] [Thread-7 (]: Using databricks connection "model.walmart_project.customers_t"
[0m21:53:53.932752 [debug] [Thread-7 (]: On model.walmart_project.customers_t: /* {"app": "dbt", "dbt_version": "1.12.5", "dbt_databricks_version": "1.10.9", "databricks_sql_connector_version": "4.5.0", "profile_name": "walmart_project", "target_name": "dev", "node_id": "model.walmart_project.customers_t"} */

    
  DESCRIBE TABLE EXTENDED `customers_t__dbt_tmp` AS JSON

  
[0m21:53:54.402845 [debug] [Thread-7 (]: SQL status: OK in 0.470 seconds
[0m21:53:54.402845 [debug] [Thread-7 (]: Databricks adapter: Cursor(session-id=01f1b6a1-faab-18b8-b27e-1abdb546f576, command-id=01f1b6a2-012d-1e05-aa0b-bdf71fc6a22a) - Closing
[0m21:53:54.418125 [debug] [Thread-7 (]: Writing runtime sql for node "model.walmart_project.customers_t"
[0m21:53:54.460149 [debug] [Thread-7 (]: Using databricks connection "model.walmart_project.customers_t"
[0m21:53:54.465935 [debug] [Thread-7 (]: On model.walmart_project.customers_t: /* {"app": "dbt", "dbt_version": "1.12.5", "dbt_databricks_version": "1.10.9", "databricks_sql_connector_version": "4.5.0", "profile_name": "walmart_project", "target_name": "dev", "node_id": "model.walmart_project.customers_t"} */
-- back compat for old kwarg name
  
  
  
  
  
  
      
          
          
      
  

    merge
    into
        `walmart`.`silver_t`.`customers_t` as DBT_INTERNAL_DEST
    using
        `customers_t__dbt_tmp` as DBT_INTERNAL_SOURCE
    on
        
              DBT_INTERNAL_SOURCE.customer_id <=> DBT_INTERNAL_DEST.customer_id
          
    when matched
        then update set
            *
    when not matched
        then insert
            *

[0m21:54:02.715027 [debug] [Thread-7 (]: SQL status: OK in 8.250 seconds
[0m21:54:02.715027 [debug] [Thread-7 (]: Databricks adapter: Cursor(session-id=01f1b6a1-faab-18b8-b27e-1abdb546f576, command-id=01f1b6a2-017f-111f-bbde-9d0a61607e98) - Closing
[0m21:54:03.066760 [debug] [Thread-7 (]: On model.walmart_project.customers_t: Close
[0m21:54:03.066760 [debug] [Thread-7 (]: Databricks adapter: Connection(session-id=01f1b6a1-faab-18b8-b27e-1abdb546f576) - Closing
[0m21:54:03.391008 [debug] [Thread-7 (]: Sending event: {'category': 'dbt', 'action': 'run_model', 'label': 'b8273f37-3961-46ab-b8cc-2fe4a82784de', 'context': [<snowplow_tracker.self_describing_json.SelfDescribingJson object at 0x000001CC8762EF60>]}
[0m21:54:03.391008 [info ] [Thread-7 (]: 1 of 8 OK created sql incremental model silver_t.customers_t ................... [[32mOK[0m in 22.48s]
[0m21:54:03.394907 [debug] [Thread-7 (]: Finished running node model.walmart_project.customers_t
[0m21:54:03.394907 [debug] [Thread-7 (]: Began running node model.walmart_project.employees_t
[0m21:54:03.394907 [info ] [Thread-7 (]: 2 of 8 START sql incremental model silver_t.employees_t ........................ [RUN]
[0m21:54:03.394907 [debug] [Thread-7 (]: Databricks adapter: DatabricksDBTConnection(session-id=None, name=model.walmart_project.employees_t) - Creating connection
[0m21:54:03.394907 [debug] [Thread-7 (]: Acquiring new databricks connection 'model.walmart_project.employees_t'
[0m21:54:03.394907 [debug] [Thread-7 (]: Began compiling node model.walmart_project.employees_t
[0m21:54:03.403084 [debug] [Thread-7 (]: Writing injected SQL for node "model.walmart_project.employees_t"
[0m21:54:03.405237 [debug] [Thread-7 (]: Began executing node model.walmart_project.employees_t
[0m21:54:03.405237 [debug] [Thread-7 (]: MATERIALIZING INCREMENTAL
[0m21:54:03.405237 [debug] [Thread-7 (]: Using databricks connection "model.walmart_project.employees_t"
[0m21:54:03.405237 [debug] [Thread-7 (]: On model.walmart_project.employees_t: /* {"app": "dbt", "dbt_version": "1.12.5", "dbt_databricks_version": "1.10.9", "databricks_sql_connector_version": "4.5.0", "profile_name": "walmart_project", "target_name": "dev", "node_id": "model.walmart_project.employees_t"} */
SELECT tag_name, tag_value
  FROM `system`.`information_schema`.`table_tags`
  WHERE catalog_name = 'walmart' 
    AND schema_name = 'silver_t'
    AND table_name = 'employees_t'
  
[0m21:54:03.405237 [debug] [Thread-7 (]: Opening a new connection, currently in state init
[0m21:54:04.475121 [debug] [Thread-7 (]: Databricks adapter: Connection(session-id=01f1b6a2-0746-1e02-b320-8f177fa84fe2) - Created
[0m21:54:05.504553 [debug] [Thread-7 (]: SQL status: OK in 2.100 seconds
[0m21:54:05.506560 [debug] [Thread-7 (]: Databricks adapter: Cursor(session-id=01f1b6a2-0746-1e02-b320-8f177fa84fe2, command-id=01f1b6a2-0775-1b91-83cb-e70c352d99db) - Closing
[0m21:54:05.506560 [debug] [Thread-7 (]: Using databricks connection "model.walmart_project.employees_t"
[0m21:54:05.506560 [debug] [Thread-7 (]: On model.walmart_project.employees_t: /* {"app": "dbt", "dbt_version": "1.12.5", "dbt_databricks_version": "1.10.9", "databricks_sql_connector_version": "4.5.0", "profile_name": "walmart_project", "target_name": "dev", "node_id": "model.walmart_project.employees_t"} */
SELECT 
    column_name,
    tag_name,
    tag_value
  FROM `system`.`information_schema`.`column_tags`
  WHERE catalog_name = 'walmart'
    AND schema_name = 'silver_t'
    AND table_name = 'employees_t';
  
[0m21:54:06.035584 [debug] [Thread-7 (]: SQL status: OK in 0.530 seconds
[0m21:54:06.049333 [debug] [Thread-7 (]: Databricks adapter: Cursor(session-id=01f1b6a2-0746-1e02-b320-8f177fa84fe2, command-id=01f1b6a2-0812-1d59-bbd6-3b5edc850c5a) - Closing
[0m21:54:06.051352 [debug] [Thread-7 (]: Using databricks connection "model.walmart_project.employees_t"
[0m21:54:06.053369 [debug] [Thread-7 (]: On model.walmart_project.employees_t: /* {"app": "dbt", "dbt_version": "1.12.5", "dbt_databricks_version": "1.10.9", "databricks_sql_connector_version": "4.5.0", "profile_name": "walmart_project", "target_name": "dev", "node_id": "model.walmart_project.employees_t"} */
SELECT column_name
  FROM `walmart`.`information_schema`.`columns`
  WHERE table_catalog = 'walmart' 
    AND table_schema = 'silver_t'
    AND table_name = 'employees_t'
    AND is_nullable = 'NO';
  
[0m21:54:06.646370 [debug] [Thread-7 (]: SQL status: OK in 0.590 seconds
[0m21:54:06.646370 [debug] [Thread-7 (]: Databricks adapter: Cursor(session-id=01f1b6a2-0746-1e02-b320-8f177fa84fe2, command-id=01f1b6a2-0865-1c88-ba6a-b1270a735aac) - Closing
[0m21:54:06.654104 [debug] [Thread-7 (]: Using databricks connection "model.walmart_project.employees_t"
[0m21:54:06.656117 [debug] [Thread-7 (]: On model.walmart_project.employees_t: /* {"app": "dbt", "dbt_version": "1.12.5", "dbt_databricks_version": "1.10.9", "databricks_sql_connector_version": "4.5.0", "profile_name": "walmart_project", "target_name": "dev", "node_id": "model.walmart_project.employees_t"} */
SELECT kcu.constraint_name, kcu.column_name
  FROM `walmart`.information_schema.key_column_usage kcu
  WHERE kcu.table_catalog = 'walmart' 
    AND kcu.table_schema = 'silver_t'
    AND kcu.table_name = 'employees_t' 
    AND kcu.constraint_name = (
      SELECT constraint_name
      FROM `walmart`.information_schema.table_constraints
      WHERE table_catalog = 'walmart'
        AND table_schema = 'silver_t'
        AND table_name = 'employees_t' 
        AND constraint_type = 'PRIMARY KEY'
    )
  ORDER BY kcu.ordinal_position;
  
[0m21:54:07.508195 [debug] [Thread-7 (]: SQL status: OK in 0.850 seconds
[0m21:54:07.508195 [debug] [Thread-7 (]: Databricks adapter: Cursor(session-id=01f1b6a2-0746-1e02-b320-8f177fa84fe2, command-id=01f1b6a2-08c2-16cd-82ae-4ac917c5c247) - Closing
[0m21:54:07.508195 [debug] [Thread-7 (]: Using databricks connection "model.walmart_project.employees_t"
[0m21:54:07.508195 [debug] [Thread-7 (]: On model.walmart_project.employees_t: /* {"app": "dbt", "dbt_version": "1.12.5", "dbt_databricks_version": "1.10.9", "databricks_sql_connector_version": "4.5.0", "profile_name": "walmart_project", "target_name": "dev", "node_id": "model.walmart_project.employees_t"} */
SELECT
    kcu.constraint_name,
    kcu.column_name AS from_column,
    ukcu.table_catalog AS to_catalog,
    ukcu.table_schema AS to_schema,
    ukcu.table_name AS to_table,
    ukcu.column_name AS to_column
  FROM `walmart`.information_schema.key_column_usage kcu
  JOIN `walmart`.information_schema.referential_constraints rc
    ON kcu.constraint_name = rc.constraint_name
  JOIN `walmart`.information_schema.key_column_usage ukcu
    ON rc.unique_constraint_name = ukcu.constraint_name
    AND kcu.ordinal_position = ukcu.ordinal_position
  WHERE kcu.table_catalog = 'walmart'
    AND kcu.table_schema = 'silver_t'
    AND kcu.table_name = 'employees_t'
    AND kcu.constraint_name IN (
      SELECT constraint_name
      FROM `walmart`.information_schema.table_constraints
      WHERE table_catalog = 'walmart'
        AND table_schema = 'silver_t'
        AND table_name = 'employees_t'
        AND constraint_type = 'FOREIGN KEY'
    )
  ORDER BY kcu.ordinal_position;
  
[0m21:54:09.048080 [debug] [Thread-7 (]: SQL status: OK in 1.540 seconds
[0m21:54:09.048080 [debug] [Thread-7 (]: Databricks adapter: Cursor(session-id=01f1b6a2-0746-1e02-b320-8f177fa84fe2, command-id=01f1b6a2-0945-173f-b591-99401e6f3946) - Closing
[0m21:54:09.048080 [debug] [Thread-7 (]: Using databricks connection "model.walmart_project.employees_t"
[0m21:54:09.048080 [debug] [Thread-7 (]: On model.walmart_project.employees_t: /* {"app": "dbt", "dbt_version": "1.12.5", "dbt_databricks_version": "1.10.9", "databricks_sql_connector_version": "4.5.0", "profile_name": "walmart_project", "target_name": "dev", "node_id": "model.walmart_project.employees_t"} */
SELECT 
    column_name,
    mask_name,
    using_columns
  FROM `system`.`information_schema`.`column_masks`
  WHERE table_catalog = 'walmart'
    AND table_schema = 'silver_t'
    AND table_name = 'employees_t';
  
[0m21:54:09.594568 [debug] [Thread-7 (]: SQL status: OK in 0.550 seconds
[0m21:54:09.594568 [debug] [Thread-7 (]: Databricks adapter: Cursor(session-id=01f1b6a2-0746-1e02-b320-8f177fa84fe2, command-id=01f1b6a2-0a2f-154c-9d82-61aa5d126ba8) - Closing
[0m21:54:09.602716 [debug] [Thread-7 (]: Using databricks connection "model.walmart_project.employees_t"
[0m21:54:09.602716 [debug] [Thread-7 (]: On model.walmart_project.employees_t: /* {"app": "dbt", "dbt_version": "1.12.5", "dbt_databricks_version": "1.10.9", "databricks_sql_connector_version": "4.5.0", "profile_name": "walmart_project", "target_name": "dev", "node_id": "model.walmart_project.employees_t"} */
SHOW TBLPROPERTIES `walmart`.`silver_t`.`employees_t`
  
[0m21:54:10.445437 [debug] [Thread-7 (]: SQL status: OK in 0.840 seconds
[0m21:54:10.447453 [debug] [Thread-7 (]: Databricks adapter: Cursor(session-id=01f1b6a2-0746-1e02-b320-8f177fa84fe2, command-id=01f1b6a2-0a84-1333-a69b-2c0eebbfca17) - Closing
[0m21:54:10.447453 [debug] [Thread-7 (]: Using databricks connection "model.walmart_project.employees_t"
[0m21:54:10.447453 [debug] [Thread-7 (]: On model.walmart_project.employees_t: /* {"app": "dbt", "dbt_version": "1.12.5", "dbt_databricks_version": "1.10.9", "databricks_sql_connector_version": "4.5.0", "profile_name": "walmart_project", "target_name": "dev", "node_id": "model.walmart_project.employees_t"} */
describe extended `walmart`.`silver_t`.`employees_t`
  
[0m21:54:11.005749 [debug] [Thread-7 (]: SQL status: OK in 0.560 seconds
[0m21:54:11.005749 [debug] [Thread-7 (]: Databricks adapter: Cursor(session-id=01f1b6a2-0746-1e02-b320-8f177fa84fe2, command-id=01f1b6a2-0b06-132d-97ff-ded9b7829799) - Closing
[0m21:54:11.005749 [debug] [Thread-7 (]: Databricks adapter: Getting diff for ColumnCommentsConfig: comments={} quoted={} persist=False and comments={'employee_id': '', 'store_id': '', 'first_name': '', 'last_name': '', 'email': '', 'job_title': '', 'salary': '', 'created_timestamp': '', 'updated_timestamp': '', 'is_active': '', 'processed_at': '', '': ''} quoted={} persist=False
[0m21:54:11.005749 [debug] [Thread-7 (]: Using databricks connection "model.walmart_project.employees_t"
[0m21:54:11.005749 [debug] [Thread-7 (]: On model.walmart_project.employees_t: /* {"app": "dbt", "dbt_version": "1.12.5", "dbt_databricks_version": "1.10.9", "databricks_sql_connector_version": "4.5.0", "profile_name": "walmart_project", "target_name": "dev", "node_id": "model.walmart_project.employees_t"} */

  
    create or replace temporary view `employees_t__dbt_tmp` as
      SELECT 
    *,
    current_timestamp() AS processed_at
FROM 
    `walmart`.`bronze`.`employees`



    WHERE updated_timestamp > (SELECT COALESCE(MAX(updated_timestamp), '1900-01-01') FROM `walmart`.`silver_t`.`employees_t`)
  
[0m21:54:12.047460 [debug] [Thread-7 (]: SQL status: OK in 1.040 seconds
[0m21:54:12.047460 [debug] [Thread-7 (]: Databricks adapter: Cursor(session-id=01f1b6a2-0746-1e02-b320-8f177fa84fe2, command-id=01f1b6a2-0b5a-1ed2-8f7b-825a2b60e6e3) - Closing
[0m21:54:12.047460 [debug] [Thread-7 (]: Using databricks connection "model.walmart_project.employees_t"
[0m21:54:12.047460 [debug] [Thread-7 (]: On model.walmart_project.employees_t: /* {"app": "dbt", "dbt_version": "1.12.5", "dbt_databricks_version": "1.10.9", "databricks_sql_connector_version": "4.5.0", "profile_name": "walmart_project", "target_name": "dev", "node_id": "model.walmart_project.employees_t"} */

    
  DESCRIBE TABLE EXTENDED `walmart`.`silver_t`.`employees_t` AS JSON

  
[0m21:54:12.605580 [debug] [Thread-7 (]: SQL status: OK in 0.560 seconds
[0m21:54:12.605580 [debug] [Thread-7 (]: Databricks adapter: Cursor(session-id=01f1b6a2-0746-1e02-b320-8f177fa84fe2, command-id=01f1b6a2-0bf9-1e04-9968-c5e7a3f8ee2a) - Closing
[0m21:54:12.605580 [debug] [Thread-7 (]: Using databricks connection "model.walmart_project.employees_t"
[0m21:54:12.605580 [debug] [Thread-7 (]: On model.walmart_project.employees_t: /* {"app": "dbt", "dbt_version": "1.12.5", "dbt_databricks_version": "1.10.9", "databricks_sql_connector_version": "4.5.0", "profile_name": "walmart_project", "target_name": "dev", "node_id": "model.walmart_project.employees_t"} */

    
  DESCRIBE TABLE EXTENDED `employees_t__dbt_tmp` AS JSON

  
[0m21:54:12.994664 [debug] [Thread-7 (]: SQL status: OK in 0.390 seconds
[0m21:54:12.994664 [debug] [Thread-7 (]: Databricks adapter: Cursor(session-id=01f1b6a2-0746-1e02-b320-8f177fa84fe2, command-id=01f1b6a2-0c4f-1645-b321-a921657d1cc9) - Closing
[0m21:54:13.001579 [debug] [Thread-7 (]: Writing runtime sql for node "model.walmart_project.employees_t"
[0m21:54:13.003596 [debug] [Thread-7 (]: Using databricks connection "model.walmart_project.employees_t"
[0m21:54:13.003596 [debug] [Thread-7 (]: On model.walmart_project.employees_t: /* {"app": "dbt", "dbt_version": "1.12.5", "dbt_databricks_version": "1.10.9", "databricks_sql_connector_version": "4.5.0", "profile_name": "walmart_project", "target_name": "dev", "node_id": "model.walmart_project.employees_t"} */
-- back compat for old kwarg name
  
  
  
  
  
  
      
          
          
      
  

    merge
    into
        `walmart`.`silver_t`.`employees_t` as DBT_INTERNAL_DEST
    using
        `employees_t__dbt_tmp` as DBT_INTERNAL_SOURCE
    on
        
              DBT_INTERNAL_SOURCE.employee_id <=> DBT_INTERNAL_DEST.employee_id
          
    when matched
        then update set
            *
    when not matched
        then insert
            *

[0m21:54:17.704766 [debug] [Thread-7 (]: SQL status: OK in 4.700 seconds
[0m21:54:17.704766 [debug] [Thread-7 (]: Databricks adapter: Cursor(session-id=01f1b6a2-0746-1e02-b320-8f177fa84fe2, command-id=01f1b6a2-0c8b-1000-82d2-99d73aa92355) - Closing
[0m21:54:17.704766 [debug] [Thread-7 (]: On model.walmart_project.employees_t: Close
[0m21:54:17.713054 [debug] [Thread-7 (]: Databricks adapter: Connection(session-id=01f1b6a2-0746-1e02-b320-8f177fa84fe2) - Closing
[0m21:54:18.009276 [debug] [Thread-7 (]: Sending event: {'category': 'dbt', 'action': 'run_model', 'label': 'b8273f37-3961-46ab-b8cc-2fe4a82784de', 'context': [<snowplow_tracker.self_describing_json.SelfDescribingJson object at 0x000001CC8A5B4AD0>]}
[0m21:54:18.010021 [info ] [Thread-7 (]: 2 of 8 OK created sql incremental model silver_t.employees_t ................... [[32mOK[0m in 14.61s]
[0m21:54:18.010021 [debug] [Thread-7 (]: Finished running node model.walmart_project.employees_t
[0m21:54:18.012030 [debug] [Thread-7 (]: Began running node model.walmart_project.obt_b
[0m21:54:18.012030 [info ] [Thread-7 (]: 3 of 8 START sql table model silver_b.obt_b .................................... [RUN]
[0m21:54:18.014651 [debug] [Thread-7 (]: Databricks adapter: DatabricksDBTConnection(session-id=None, name=model.walmart_project.obt_b) - Creating connection
[0m21:54:18.014651 [debug] [Thread-7 (]: Acquiring new databricks connection 'model.walmart_project.obt_b'
[0m21:54:18.014651 [debug] [Thread-7 (]: Began compiling node model.walmart_project.obt_b
[0m21:54:18.022062 [debug] [Thread-7 (]: Writing injected SQL for node "model.walmart_project.obt_b"
[0m21:54:18.025003 [debug] [Thread-7 (]: Began executing node model.walmart_project.obt_b
[0m21:54:18.048000 [debug] [Thread-7 (]: MATERIALIZING TABLE
[0m21:54:18.083428 [debug] [Thread-7 (]: Writing runtime sql for node "model.walmart_project.obt_b"
[0m21:54:18.085440 [debug] [Thread-7 (]: Using databricks connection "model.walmart_project.obt_b"
[0m21:54:18.085440 [debug] [Thread-7 (]: On model.walmart_project.obt_b: /* {"app": "dbt", "dbt_version": "1.12.5", "dbt_databricks_version": "1.10.9", "databricks_sql_connector_version": "4.5.0", "profile_name": "walmart_project", "target_name": "dev", "node_id": "model.walmart_project.obt_b"} */

  
    
        create or replace table `walmart`.`silver_b`.`obt_b`
      
      
  using delta
      
      
      
      
      
      
      
      as
      SELECT 
    
        o.order_id,
                        o.store_id,
                        o.order_timestamp,
                        o.payment_method,
                        o.order_status,
                        o.total_amount,
                        o.created_timestamp AS order_created_timestamp,
                        o.updated_timestamp AS order_updated_timestamp,
                        o.is_active AS order_is_active,
                        o.processed_at AS order_processed_at,
                        current_timestamp() AS obt_b_processed_at
                    ,
    
            c.customer_id,
                        c.first_name AS customer_first_name,
                        c.last_name AS customer_last_name,
                        c.email AS customer_email,
                        c.phone AS customer_phone,
                        c.city AS customer_city,
                        c.province AS customer_province,
                        c.country AS customer_country,
                        c.created_timestamp AS customer_created_timestamp,
                        c.updated_timestamp AS customer_updated_timestamp,
                        c.is_active AS customer_is_active,
                        c.processed_at AS customer_processed_at
                    ,
    
                oi.order_item_id,
                            oi.quantity,
                            oi.unit_price,
                            oi.line_amount,
                            oi.created_timestamp AS order_item_created_timestamp,
                            oi.updated_timestamp AS order_item_updated_timestamp,
                            oi.is_active AS order_item_is_active,
                            oi.processed_at AS order_item_processed_at
                    ,
    
                p.product_id,
                            p.product_name,
                            p.category,
                            p.brand,
                            p.price,
                            p.created_timestamp AS product_created_timestamp,
                            p.updated_timestamp AS product_updated_timestamp,
                            p.is_active AS product_is_active,
                            p.processed_at AS product_processed_at
                    ,
    
                e.employee_id,
                                e.first_name AS employee_first_name,
                                e.last_name AS employee_last_name,
                                e.email AS employee_email,
                                e.job_title,
                                e.salary,
                                e.created_timestamp AS employee_created_timestamp,
                                e.updated_timestamp AS employee_updated_timestamp,
                                e.is_active AS employee_is_active,
                                e.processed_at AS employee_processed_at
                    ,
    
                s.store_name,
                            s.city AS store_city,
                            s.province AS store_province,
                            s.country AS store_country,
                            s.created_timestamp AS store_created_timestamp,
                            s.updated_timestamp AS store_updated_timestamp,
                            s.is_active AS store_is_active,
                            s.processed_at AS store_processed_at
                    
    
FROM 
    
        
            walmart.silver_t.orders_t AS o
        
    
        
LEFT JOIN
        walmart.silver_t.customers_t AS c 
        ON o.customer_id = c.customer_id
        
    
        
LEFT JOIN
        walmart.silver_t.order_items_t AS oi 
        ON o.order_id = oi.order_id
        
    
        
LEFT JOIN
        walmart.silver_t.products_t AS p 
        ON oi.product_id = p.product_id
        
    
        
LEFT JOIN
        walmart.silver_t.employees_t AS e 
        ON o.store_id = e.store_id
        
    
        
LEFT JOIN
        walmart.silver_t.stores_t AS s 
        ON o.store_id = s.store_id
  
[0m21:54:18.087447 [debug] [Thread-7 (]: Opening a new connection, currently in state init
[0m21:54:19.161012 [debug] [Thread-7 (]: Databricks adapter: Connection(session-id=01f1b6a2-1009-16a3-818b-1a76fd4b0e4d) - Created
[0m21:54:27.357923 [debug] [Thread-7 (]: SQL status: OK in 9.270 seconds
[0m21:54:27.373689 [debug] [Thread-7 (]: Databricks adapter: Cursor(session-id=01f1b6a2-1009-16a3-818b-1a76fd4b0e4d, command-id=01f1b6a2-1037-1a0a-af5b-eca31d26318a) - Closing
[0m21:54:27.704558 [debug] [Thread-7 (]: Applying tags to relation None
[0m21:54:27.710313 [debug] [Thread-7 (]: On model.walmart_project.obt_b: Close
[0m21:54:27.710313 [debug] [Thread-7 (]: Databricks adapter: Connection(session-id=01f1b6a2-1009-16a3-818b-1a76fd4b0e4d) - Closing
[0m21:54:28.017329 [debug] [Thread-7 (]: Sending event: {'category': 'dbt', 'action': 'run_model', 'label': 'b8273f37-3961-46ab-b8cc-2fe4a82784de', 'context': [<snowplow_tracker.self_describing_json.SelfDescribingJson object at 0x000001CC8A5933E0>]}
[0m21:54:28.017329 [info ] [Thread-7 (]: 3 of 8 OK created sql table model silver_b.obt_b ............................... [[32mOK[0m in 10.00s]
[0m21:54:28.017329 [debug] [Thread-7 (]: Finished running node model.walmart_project.obt_b
[0m21:54:28.017329 [debug] [Thread-7 (]: Began running node model.walmart_project.order_items_t
[0m21:54:28.029836 [info ] [Thread-7 (]: 4 of 8 START sql incremental model silver_t.order_items_t ...................... [RUN]
[0m21:54:28.029836 [debug] [Thread-7 (]: Databricks adapter: DatabricksDBTConnection(session-id=None, name=model.walmart_project.order_items_t) - Creating connection
[0m21:54:28.029836 [debug] [Thread-7 (]: Acquiring new databricks connection 'model.walmart_project.order_items_t'
[0m21:54:28.029836 [debug] [Thread-7 (]: Began compiling node model.walmart_project.order_items_t
[0m21:54:28.029836 [debug] [Thread-7 (]: Writing injected SQL for node "model.walmart_project.order_items_t"
[0m21:54:28.029836 [debug] [Thread-7 (]: Began executing node model.walmart_project.order_items_t
[0m21:54:28.037481 [debug] [Thread-7 (]: MATERIALIZING INCREMENTAL
[0m21:54:28.039492 [debug] [Thread-7 (]: Using databricks connection "model.walmart_project.order_items_t"
[0m21:54:28.039492 [debug] [Thread-7 (]: On model.walmart_project.order_items_t: /* {"app": "dbt", "dbt_version": "1.12.5", "dbt_databricks_version": "1.10.9", "databricks_sql_connector_version": "4.5.0", "profile_name": "walmart_project", "target_name": "dev", "node_id": "model.walmart_project.order_items_t"} */
SELECT tag_name, tag_value
  FROM `system`.`information_schema`.`table_tags`
  WHERE catalog_name = 'walmart' 
    AND schema_name = 'silver_t'
    AND table_name = 'order_items_t'
  
[0m21:54:28.039492 [debug] [Thread-7 (]: Opening a new connection, currently in state init
[0m21:54:29.920762 [debug] [Thread-7 (]: Databricks adapter: Connection(session-id=01f1b6a2-1675-176f-8687-3a3361d786da) - Created
[0m21:54:32.082301 [debug] [Thread-7 (]: SQL status: OK in 4.040 seconds
[0m21:54:32.082301 [debug] [Thread-7 (]: Databricks adapter: Cursor(session-id=01f1b6a2-1675-176f-8687-3a3361d786da, command-id=01f1b6a2-16a3-1c4b-9f37-fc7c2c5b0420) - Closing
[0m21:54:32.082301 [debug] [Thread-7 (]: Using databricks connection "model.walmart_project.order_items_t"
[0m21:54:32.082301 [debug] [Thread-7 (]: On model.walmart_project.order_items_t: /* {"app": "dbt", "dbt_version": "1.12.5", "dbt_databricks_version": "1.10.9", "databricks_sql_connector_version": "4.5.0", "profile_name": "walmart_project", "target_name": "dev", "node_id": "model.walmart_project.order_items_t"} */
SELECT 
    column_name,
    tag_name,
    tag_value
  FROM `system`.`information_schema`.`column_tags`
  WHERE catalog_name = 'walmart'
    AND schema_name = 'silver_t'
    AND table_name = 'order_items_t';
  
[0m21:54:32.625089 [debug] [Thread-7 (]: SQL status: OK in 0.540 seconds
[0m21:54:32.625089 [debug] [Thread-7 (]: Databricks adapter: Cursor(session-id=01f1b6a2-1675-176f-8687-3a3361d786da, command-id=01f1b6a2-17eb-1eb6-9a6f-aa514933a4c0) - Closing
[0m21:54:32.625089 [debug] [Thread-7 (]: Using databricks connection "model.walmart_project.order_items_t"
[0m21:54:32.625089 [debug] [Thread-7 (]: On model.walmart_project.order_items_t: /* {"app": "dbt", "dbt_version": "1.12.5", "dbt_databricks_version": "1.10.9", "databricks_sql_connector_version": "4.5.0", "profile_name": "walmart_project", "target_name": "dev", "node_id": "model.walmart_project.order_items_t"} */
SELECT column_name
  FROM `walmart`.`information_schema`.`columns`
  WHERE table_catalog = 'walmart' 
    AND table_schema = 'silver_t'
    AND table_name = 'order_items_t'
    AND is_nullable = 'NO';
  
[0m21:54:33.247575 [debug] [Thread-7 (]: SQL status: OK in 0.620 seconds
[0m21:54:33.249295 [debug] [Thread-7 (]: Databricks adapter: Cursor(session-id=01f1b6a2-1675-176f-8687-3a3361d786da, command-id=01f1b6a2-1840-176e-84d7-88a633d8ba7a) - Closing
[0m21:54:33.249295 [debug] [Thread-7 (]: Using databricks connection "model.walmart_project.order_items_t"
[0m21:54:33.249295 [debug] [Thread-7 (]: On model.walmart_project.order_items_t: /* {"app": "dbt", "dbt_version": "1.12.5", "dbt_databricks_version": "1.10.9", "databricks_sql_connector_version": "4.5.0", "profile_name": "walmart_project", "target_name": "dev", "node_id": "model.walmart_project.order_items_t"} */
SELECT kcu.constraint_name, kcu.column_name
  FROM `walmart`.information_schema.key_column_usage kcu
  WHERE kcu.table_catalog = 'walmart' 
    AND kcu.table_schema = 'silver_t'
    AND kcu.table_name = 'order_items_t' 
    AND kcu.constraint_name = (
      SELECT constraint_name
      FROM `walmart`.information_schema.table_constraints
      WHERE table_catalog = 'walmart'
        AND table_schema = 'silver_t'
        AND table_name = 'order_items_t' 
        AND constraint_type = 'PRIMARY KEY'
    )
  ORDER BY kcu.ordinal_position;
  
[0m21:54:34.020231 [debug] [Thread-7 (]: SQL status: OK in 0.770 seconds
[0m21:54:34.031617 [debug] [Thread-7 (]: Databricks adapter: Cursor(session-id=01f1b6a2-1675-176f-8687-3a3361d786da, command-id=01f1b6a2-189f-1047-9505-4b0acb970ad5) - Closing
[0m21:54:34.031617 [debug] [Thread-7 (]: Using databricks connection "model.walmart_project.order_items_t"
[0m21:54:34.031617 [debug] [Thread-7 (]: On model.walmart_project.order_items_t: /* {"app": "dbt", "dbt_version": "1.12.5", "dbt_databricks_version": "1.10.9", "databricks_sql_connector_version": "4.5.0", "profile_name": "walmart_project", "target_name": "dev", "node_id": "model.walmart_project.order_items_t"} */
SELECT
    kcu.constraint_name,
    kcu.column_name AS from_column,
    ukcu.table_catalog AS to_catalog,
    ukcu.table_schema AS to_schema,
    ukcu.table_name AS to_table,
    ukcu.column_name AS to_column
  FROM `walmart`.information_schema.key_column_usage kcu
  JOIN `walmart`.information_schema.referential_constraints rc
    ON kcu.constraint_name = rc.constraint_name
  JOIN `walmart`.information_schema.key_column_usage ukcu
    ON rc.unique_constraint_name = ukcu.constraint_name
    AND kcu.ordinal_position = ukcu.ordinal_position
  WHERE kcu.table_catalog = 'walmart'
    AND kcu.table_schema = 'silver_t'
    AND kcu.table_name = 'order_items_t'
    AND kcu.constraint_name IN (
      SELECT constraint_name
      FROM `walmart`.information_schema.table_constraints
      WHERE table_catalog = 'walmart'
        AND table_schema = 'silver_t'
        AND table_name = 'order_items_t'
        AND constraint_type = 'FOREIGN KEY'
    )
  ORDER BY kcu.ordinal_position;
  
[0m21:54:35.152579 [debug] [Thread-7 (]: SQL status: OK in 1.120 seconds
[0m21:54:35.152579 [debug] [Thread-7 (]: Databricks adapter: Cursor(session-id=01f1b6a2-1675-176f-8687-3a3361d786da, command-id=01f1b6a2-1915-1d17-b70b-cef99964ba9a) - Closing
[0m21:54:35.152579 [debug] [Thread-7 (]: Using databricks connection "model.walmart_project.order_items_t"
[0m21:54:35.152579 [debug] [Thread-7 (]: On model.walmart_project.order_items_t: /* {"app": "dbt", "dbt_version": "1.12.5", "dbt_databricks_version": "1.10.9", "databricks_sql_connector_version": "4.5.0", "profile_name": "walmart_project", "target_name": "dev", "node_id": "model.walmart_project.order_items_t"} */
SELECT 
    column_name,
    mask_name,
    using_columns
  FROM `system`.`information_schema`.`column_masks`
  WHERE table_catalog = 'walmart'
    AND table_schema = 'silver_t'
    AND table_name = 'order_items_t';
  
[0m21:54:35.713086 [debug] [Thread-7 (]: SQL status: OK in 0.560 seconds
[0m21:54:35.713086 [debug] [Thread-7 (]: Databricks adapter: Cursor(session-id=01f1b6a2-1675-176f-8687-3a3361d786da, command-id=01f1b6a2-19c0-1635-8f47-6e195272bbe5) - Closing
[0m21:54:35.713086 [debug] [Thread-7 (]: Using databricks connection "model.walmart_project.order_items_t"
[0m21:54:35.713086 [debug] [Thread-7 (]: On model.walmart_project.order_items_t: /* {"app": "dbt", "dbt_version": "1.12.5", "dbt_databricks_version": "1.10.9", "databricks_sql_connector_version": "4.5.0", "profile_name": "walmart_project", "target_name": "dev", "node_id": "model.walmart_project.order_items_t"} */
SHOW TBLPROPERTIES `walmart`.`silver_t`.`order_items_t`
  
[0m21:54:36.340172 [debug] [Thread-7 (]: SQL status: OK in 0.630 seconds
[0m21:54:36.340172 [debug] [Thread-7 (]: Databricks adapter: Cursor(session-id=01f1b6a2-1675-176f-8687-3a3361d786da, command-id=01f1b6a2-1a17-109d-8d0a-01f35568addf) - Closing
[0m21:54:36.340172 [debug] [Thread-7 (]: Using databricks connection "model.walmart_project.order_items_t"
[0m21:54:36.340172 [debug] [Thread-7 (]: On model.walmart_project.order_items_t: /* {"app": "dbt", "dbt_version": "1.12.5", "dbt_databricks_version": "1.10.9", "databricks_sql_connector_version": "4.5.0", "profile_name": "walmart_project", "target_name": "dev", "node_id": "model.walmart_project.order_items_t"} */
describe extended `walmart`.`silver_t`.`order_items_t`
  
[0m21:54:36.866224 [debug] [Thread-7 (]: SQL status: OK in 0.530 seconds
[0m21:54:36.867971 [debug] [Thread-7 (]: Databricks adapter: Cursor(session-id=01f1b6a2-1675-176f-8687-3a3361d786da, command-id=01f1b6a2-1a75-1ac6-9bd7-5704eb650029) - Closing
[0m21:54:36.867971 [debug] [Thread-7 (]: Databricks adapter: Getting diff for ColumnCommentsConfig: comments={} quoted={} persist=False and comments={'order_item_id': '', 'order_id': '', 'product_id': '', 'quantity': '', 'unit_price': '', 'line_amount': '', 'created_timestamp': '', 'updated_timestamp': '', 'is_active': '', 'processed_at': '', '': ''} quoted={} persist=False
[0m21:54:36.869981 [debug] [Thread-7 (]: Using databricks connection "model.walmart_project.order_items_t"
[0m21:54:36.869981 [debug] [Thread-7 (]: On model.walmart_project.order_items_t: /* {"app": "dbt", "dbt_version": "1.12.5", "dbt_databricks_version": "1.10.9", "databricks_sql_connector_version": "4.5.0", "profile_name": "walmart_project", "target_name": "dev", "node_id": "model.walmart_project.order_items_t"} */

  
    create or replace temporary view `order_items_t__dbt_tmp` as
      SELECT 
    *,
    current_timestamp() AS processed_at
FROM 
    `walmart`.`bronze`.`order_items`



    WHERE updated_timestamp > (SELECT COALESCE(MAX(updated_timestamp), '1900-01-01') FROM `walmart`.`silver_t`.`order_items_t`)
  
[0m21:54:37.800503 [debug] [Thread-7 (]: SQL status: OK in 0.930 seconds
[0m21:54:37.800503 [debug] [Thread-7 (]: Databricks adapter: Cursor(session-id=01f1b6a2-1675-176f-8687-3a3361d786da, command-id=01f1b6a2-1ac5-1abe-ae36-c43c9ae8467f) - Closing
[0m21:54:37.800503 [debug] [Thread-7 (]: Using databricks connection "model.walmart_project.order_items_t"
[0m21:54:37.800503 [debug] [Thread-7 (]: On model.walmart_project.order_items_t: /* {"app": "dbt", "dbt_version": "1.12.5", "dbt_databricks_version": "1.10.9", "databricks_sql_connector_version": "4.5.0", "profile_name": "walmart_project", "target_name": "dev", "node_id": "model.walmart_project.order_items_t"} */

    
  DESCRIBE TABLE EXTENDED `walmart`.`silver_t`.`order_items_t` AS JSON

  
[0m21:54:38.407282 [debug] [Thread-7 (]: SQL status: OK in 0.610 seconds
[0m21:54:38.407282 [debug] [Thread-7 (]: Databricks adapter: Cursor(session-id=01f1b6a2-1675-176f-8687-3a3361d786da, command-id=01f1b6a2-1b54-1b6f-a886-3bebd9e7477b) - Closing
[0m21:54:38.415396 [debug] [Thread-7 (]: Using databricks connection "model.walmart_project.order_items_t"
[0m21:54:38.417408 [debug] [Thread-7 (]: On model.walmart_project.order_items_t: /* {"app": "dbt", "dbt_version": "1.12.5", "dbt_databricks_version": "1.10.9", "databricks_sql_connector_version": "4.5.0", "profile_name": "walmart_project", "target_name": "dev", "node_id": "model.walmart_project.order_items_t"} */

    
  DESCRIBE TABLE EXTENDED `order_items_t__dbt_tmp` AS JSON

  
[0m21:54:38.794781 [debug] [Thread-7 (]: SQL status: OK in 0.380 seconds
[0m21:54:38.796797 [debug] [Thread-7 (]: Databricks adapter: Cursor(session-id=01f1b6a2-1675-176f-8687-3a3361d786da, command-id=01f1b6a2-1bb1-1d3f-98fc-8848b9297d4b) - Closing
[0m21:54:38.802166 [debug] [Thread-7 (]: Writing runtime sql for node "model.walmart_project.order_items_t"
[0m21:54:38.802166 [debug] [Thread-7 (]: Using databricks connection "model.walmart_project.order_items_t"
[0m21:54:38.802166 [debug] [Thread-7 (]: On model.walmart_project.order_items_t: /* {"app": "dbt", "dbt_version": "1.12.5", "dbt_databricks_version": "1.10.9", "databricks_sql_connector_version": "4.5.0", "profile_name": "walmart_project", "target_name": "dev", "node_id": "model.walmart_project.order_items_t"} */
-- back compat for old kwarg name
  
  
  
  
  
  
      
          
          
      
  

    merge
    into
        `walmart`.`silver_t`.`order_items_t` as DBT_INTERNAL_DEST
    using
        `order_items_t__dbt_tmp` as DBT_INTERNAL_SOURCE
    on
        
              DBT_INTERNAL_SOURCE.order_item_id <=> DBT_INTERNAL_DEST.order_item_id
          
    when matched
        then update set
            *
    when not matched
        then insert
            *

[0m21:54:42.046981 [debug] [Thread-7 (]: SQL status: OK in 3.240 seconds
[0m21:54:42.046981 [debug] [Thread-7 (]: Databricks adapter: Cursor(session-id=01f1b6a2-1675-176f-8687-3a3361d786da, command-id=01f1b6a2-1bec-1dda-8594-dad8ae68a34b) - Closing
[0m21:54:42.048989 [debug] [Thread-7 (]: On model.walmart_project.order_items_t: Close
[0m21:54:42.048989 [debug] [Thread-7 (]: Databricks adapter: Connection(session-id=01f1b6a2-1675-176f-8687-3a3361d786da) - Closing
[0m21:54:42.363251 [debug] [Thread-7 (]: Sending event: {'category': 'dbt', 'action': 'run_model', 'label': 'b8273f37-3961-46ab-b8cc-2fe4a82784de', 'context': [<snowplow_tracker.self_describing_json.SelfDescribingJson object at 0x000001CC97B45DF0>]}
[0m21:54:42.363251 [info ] [Thread-7 (]: 4 of 8 OK created sql incremental model silver_t.order_items_t ................. [[32mOK[0m in 14.33s]
[0m21:54:42.363251 [debug] [Thread-7 (]: Finished running node model.walmart_project.order_items_t
[0m21:54:42.369022 [debug] [Thread-7 (]: Began running node model.walmart_project.orders_t
[0m21:54:42.369022 [info ] [Thread-7 (]: 5 of 8 START sql incremental model silver_t.orders_t ........................... [RUN]
[0m21:54:42.369022 [debug] [Thread-7 (]: Databricks adapter: DatabricksDBTConnection(session-id=None, name=model.walmart_project.orders_t) - Creating connection
[0m21:54:42.371030 [debug] [Thread-7 (]: Acquiring new databricks connection 'model.walmart_project.orders_t'
[0m21:54:42.371030 [debug] [Thread-7 (]: Began compiling node model.walmart_project.orders_t
[0m21:54:42.373036 [debug] [Thread-7 (]: Writing injected SQL for node "model.walmart_project.orders_t"
[0m21:54:42.373036 [debug] [Thread-7 (]: Began executing node model.walmart_project.orders_t
[0m21:54:42.375043 [debug] [Thread-7 (]: MATERIALIZING INCREMENTAL
[0m21:54:42.377050 [debug] [Thread-7 (]: Using databricks connection "model.walmart_project.orders_t"
[0m21:54:42.377050 [debug] [Thread-7 (]: On model.walmart_project.orders_t: /* {"app": "dbt", "dbt_version": "1.12.5", "dbt_databricks_version": "1.10.9", "databricks_sql_connector_version": "4.5.0", "profile_name": "walmart_project", "target_name": "dev", "node_id": "model.walmart_project.orders_t"} */
SELECT tag_name, tag_value
  FROM `system`.`information_schema`.`table_tags`
  WHERE catalog_name = 'walmart' 
    AND schema_name = 'silver_t'
    AND table_name = 'orders_t'
  
[0m21:54:42.377050 [debug] [Thread-7 (]: Opening a new connection, currently in state init
[0m21:54:43.435888 [debug] [Thread-7 (]: Databricks adapter: Connection(session-id=01f1b6a2-1e84-192a-ade7-f7a86d19dd48) - Created
[0m21:54:43.978341 [debug] [Thread-7 (]: SQL status: OK in 1.600 seconds
[0m21:54:43.978341 [debug] [Thread-7 (]: Databricks adapter: Cursor(session-id=01f1b6a2-1e84-192a-ade7-f7a86d19dd48, command-id=01f1b6a2-1eb0-1f4d-9595-31401288b488) - Closing
[0m21:54:43.994090 [debug] [Thread-7 (]: Using databricks connection "model.walmart_project.orders_t"
[0m21:54:43.994090 [debug] [Thread-7 (]: On model.walmart_project.orders_t: /* {"app": "dbt", "dbt_version": "1.12.5", "dbt_databricks_version": "1.10.9", "databricks_sql_connector_version": "4.5.0", "profile_name": "walmart_project", "target_name": "dev", "node_id": "model.walmart_project.orders_t"} */
SELECT 
    column_name,
    tag_name,
    tag_value
  FROM `system`.`information_schema`.`column_tags`
  WHERE catalog_name = 'walmart'
    AND schema_name = 'silver_t'
    AND table_name = 'orders_t';
  
[0m21:54:44.542874 [debug] [Thread-7 (]: SQL status: OK in 0.550 seconds
[0m21:54:44.542874 [debug] [Thread-7 (]: Databricks adapter: Cursor(session-id=01f1b6a2-1e84-192a-ade7-f7a86d19dd48, command-id=01f1b6a2-1f03-1e95-8b35-0d41e48e5acf) - Closing
[0m21:54:44.550898 [debug] [Thread-7 (]: Using databricks connection "model.walmart_project.orders_t"
[0m21:54:44.550898 [debug] [Thread-7 (]: On model.walmart_project.orders_t: /* {"app": "dbt", "dbt_version": "1.12.5", "dbt_databricks_version": "1.10.9", "databricks_sql_connector_version": "4.5.0", "profile_name": "walmart_project", "target_name": "dev", "node_id": "model.walmart_project.orders_t"} */
SELECT column_name
  FROM `walmart`.`information_schema`.`columns`
  WHERE table_catalog = 'walmart' 
    AND table_schema = 'silver_t'
    AND table_name = 'orders_t'
    AND is_nullable = 'NO';
  
[0m21:54:45.116531 [debug] [Thread-7 (]: SQL status: OK in 0.560 seconds
[0m21:54:45.116531 [debug] [Thread-7 (]: Databricks adapter: Cursor(session-id=01f1b6a2-1e84-192a-ade7-f7a86d19dd48, command-id=01f1b6a2-1f5a-17be-a262-b97701ed4628) - Closing
[0m21:54:45.124330 [debug] [Thread-7 (]: Using databricks connection "model.walmart_project.orders_t"
[0m21:54:45.124330 [debug] [Thread-7 (]: On model.walmart_project.orders_t: /* {"app": "dbt", "dbt_version": "1.12.5", "dbt_databricks_version": "1.10.9", "databricks_sql_connector_version": "4.5.0", "profile_name": "walmart_project", "target_name": "dev", "node_id": "model.walmart_project.orders_t"} */
SELECT kcu.constraint_name, kcu.column_name
  FROM `walmart`.information_schema.key_column_usage kcu
  WHERE kcu.table_catalog = 'walmart' 
    AND kcu.table_schema = 'silver_t'
    AND kcu.table_name = 'orders_t' 
    AND kcu.constraint_name = (
      SELECT constraint_name
      FROM `walmart`.information_schema.table_constraints
      WHERE table_catalog = 'walmart'
        AND table_schema = 'silver_t'
        AND table_name = 'orders_t' 
        AND constraint_type = 'PRIMARY KEY'
    )
  ORDER BY kcu.ordinal_position;
  
[0m21:54:45.970384 [debug] [Thread-7 (]: SQL status: OK in 0.850 seconds
[0m21:54:45.970384 [debug] [Thread-7 (]: Databricks adapter: Cursor(session-id=01f1b6a2-1e84-192a-ade7-f7a86d19dd48, command-id=01f1b6a2-1fb0-18df-94b6-d58c4aa49371) - Closing
[0m21:54:45.970384 [debug] [Thread-7 (]: Using databricks connection "model.walmart_project.orders_t"
[0m21:54:45.970384 [debug] [Thread-7 (]: On model.walmart_project.orders_t: /* {"app": "dbt", "dbt_version": "1.12.5", "dbt_databricks_version": "1.10.9", "databricks_sql_connector_version": "4.5.0", "profile_name": "walmart_project", "target_name": "dev", "node_id": "model.walmart_project.orders_t"} */
SELECT
    kcu.constraint_name,
    kcu.column_name AS from_column,
    ukcu.table_catalog AS to_catalog,
    ukcu.table_schema AS to_schema,
    ukcu.table_name AS to_table,
    ukcu.column_name AS to_column
  FROM `walmart`.information_schema.key_column_usage kcu
  JOIN `walmart`.information_schema.referential_constraints rc
    ON kcu.constraint_name = rc.constraint_name
  JOIN `walmart`.information_schema.key_column_usage ukcu
    ON rc.unique_constraint_name = ukcu.constraint_name
    AND kcu.ordinal_position = ukcu.ordinal_position
  WHERE kcu.table_catalog = 'walmart'
    AND kcu.table_schema = 'silver_t'
    AND kcu.table_name = 'orders_t'
    AND kcu.constraint_name IN (
      SELECT constraint_name
      FROM `walmart`.information_schema.table_constraints
      WHERE table_catalog = 'walmart'
        AND table_schema = 'silver_t'
        AND table_name = 'orders_t'
        AND constraint_type = 'FOREIGN KEY'
    )
  ORDER BY kcu.ordinal_position;
  
[0m21:54:47.427526 [debug] [Thread-7 (]: SQL status: OK in 1.460 seconds
[0m21:54:47.429533 [debug] [Thread-7 (]: Databricks adapter: Cursor(session-id=01f1b6a2-1e84-192a-ade7-f7a86d19dd48, command-id=01f1b6a2-2032-190f-9871-c3aa12463fff) - Closing
[0m21:54:47.431540 [debug] [Thread-7 (]: Using databricks connection "model.walmart_project.orders_t"
[0m21:54:47.431540 [debug] [Thread-7 (]: On model.walmart_project.orders_t: /* {"app": "dbt", "dbt_version": "1.12.5", "dbt_databricks_version": "1.10.9", "databricks_sql_connector_version": "4.5.0", "profile_name": "walmart_project", "target_name": "dev", "node_id": "model.walmart_project.orders_t"} */
SELECT 
    column_name,
    mask_name,
    using_columns
  FROM `system`.`information_schema`.`column_masks`
  WHERE table_catalog = 'walmart'
    AND table_schema = 'silver_t'
    AND table_name = 'orders_t';
  
[0m21:54:47.922077 [debug] [Thread-7 (]: SQL status: OK in 0.490 seconds
[0m21:54:47.937839 [debug] [Thread-7 (]: Databricks adapter: Cursor(session-id=01f1b6a2-1e84-192a-ade7-f7a86d19dd48, command-id=01f1b6a2-2111-1149-8807-00a9495ccda8) - Closing
[0m21:54:47.937839 [debug] [Thread-7 (]: Using databricks connection "model.walmart_project.orders_t"
[0m21:54:47.937839 [debug] [Thread-7 (]: On model.walmart_project.orders_t: /* {"app": "dbt", "dbt_version": "1.12.5", "dbt_databricks_version": "1.10.9", "databricks_sql_connector_version": "4.5.0", "profile_name": "walmart_project", "target_name": "dev", "node_id": "model.walmart_project.orders_t"} */
SHOW TBLPROPERTIES `walmart`.`silver_t`.`orders_t`
  
[0m21:54:48.481936 [debug] [Thread-7 (]: SQL status: OK in 0.540 seconds
[0m21:54:48.481936 [debug] [Thread-7 (]: Databricks adapter: Cursor(session-id=01f1b6a2-1e84-192a-ade7-f7a86d19dd48, command-id=01f1b6a2-215e-1c8b-a7db-f7a8b9d2bcc9) - Closing
[0m21:54:48.481936 [debug] [Thread-7 (]: Using databricks connection "model.walmart_project.orders_t"
[0m21:54:48.481936 [debug] [Thread-7 (]: On model.walmart_project.orders_t: /* {"app": "dbt", "dbt_version": "1.12.5", "dbt_databricks_version": "1.10.9", "databricks_sql_connector_version": "4.5.0", "profile_name": "walmart_project", "target_name": "dev", "node_id": "model.walmart_project.orders_t"} */
describe extended `walmart`.`silver_t`.`orders_t`
  
[0m21:54:49.002069 [debug] [Thread-7 (]: SQL status: OK in 0.520 seconds
[0m21:54:49.002069 [debug] [Thread-7 (]: Databricks adapter: Cursor(session-id=01f1b6a2-1e84-192a-ade7-f7a86d19dd48, command-id=01f1b6a2-21b1-1c92-baf8-168c206ed763) - Closing
[0m21:54:49.010473 [debug] [Thread-7 (]: Databricks adapter: Getting diff for ColumnCommentsConfig: comments={'order_id': ''} quoted={'order_id': False} persist=False and comments={'order_id': '', 'customer_id': '', 'store_id': '', 'order_timestamp': '', 'payment_method': '', 'order_status': '', 'total_amount': '', 'created_timestamp': '', 'updated_timestamp': '', 'is_active': '', 'processed_at': '', '': ''} quoted={} persist=False
[0m21:54:49.011483 [debug] [Thread-7 (]: Using databricks connection "model.walmart_project.orders_t"
[0m21:54:49.011483 [debug] [Thread-7 (]: On model.walmart_project.orders_t: /* {"app": "dbt", "dbt_version": "1.12.5", "dbt_databricks_version": "1.10.9", "databricks_sql_connector_version": "4.5.0", "profile_name": "walmart_project", "target_name": "dev", "node_id": "model.walmart_project.orders_t"} */

  
    create or replace temporary view `orders_t__dbt_tmp` as
      SELECT 
    *,
    current_timestamp() AS processed_at
FROM 
    `walmart`.`bronze`.`orders`



    WHERE updated_timestamp > (SELECT COALESCE(MAX(updated_timestamp), '1900-01-01') FROM `walmart`.`silver_t`.`orders_t`)
  
[0m21:54:49.990764 [debug] [Thread-7 (]: SQL status: OK in 0.980 seconds
[0m21:54:49.990764 [debug] [Thread-7 (]: Databricks adapter: Cursor(session-id=01f1b6a2-1e84-192a-ade7-f7a86d19dd48, command-id=01f1b6a2-2201-1c9b-80de-1bd9b9dd6288) - Closing
[0m21:54:49.990764 [debug] [Thread-7 (]: Using databricks connection "model.walmart_project.orders_t"
[0m21:54:49.990764 [debug] [Thread-7 (]: On model.walmart_project.orders_t: /* {"app": "dbt", "dbt_version": "1.12.5", "dbt_databricks_version": "1.10.9", "databricks_sql_connector_version": "4.5.0", "profile_name": "walmart_project", "target_name": "dev", "node_id": "model.walmart_project.orders_t"} */

    
  DESCRIBE TABLE EXTENDED `walmart`.`silver_t`.`orders_t` AS JSON

  
[0m21:54:50.660698 [debug] [Thread-7 (]: SQL status: OK in 0.670 seconds
[0m21:54:50.660698 [debug] [Thread-7 (]: Databricks adapter: Cursor(session-id=01f1b6a2-1e84-192a-ade7-f7a86d19dd48, command-id=01f1b6a2-2298-1c32-a1a1-2bc4b7d60510) - Closing
[0m21:54:50.660698 [debug] [Thread-7 (]: Using databricks connection "model.walmart_project.orders_t"
[0m21:54:50.660698 [debug] [Thread-7 (]: On model.walmart_project.orders_t: /* {"app": "dbt", "dbt_version": "1.12.5", "dbt_databricks_version": "1.10.9", "databricks_sql_connector_version": "4.5.0", "profile_name": "walmart_project", "target_name": "dev", "node_id": "model.walmart_project.orders_t"} */

    
  DESCRIBE TABLE EXTENDED `orders_t__dbt_tmp` AS JSON

  
[0m21:54:51.076111 [debug] [Thread-7 (]: SQL status: OK in 0.420 seconds
[0m21:54:51.076111 [debug] [Thread-7 (]: Databricks adapter: Cursor(session-id=01f1b6a2-1e84-192a-ade7-f7a86d19dd48, command-id=01f1b6a2-22fe-1991-ab2f-603b53efb6ab) - Closing
[0m21:54:51.085538 [debug] [Thread-7 (]: Writing runtime sql for node "model.walmart_project.orders_t"
[0m21:54:51.087557 [debug] [Thread-7 (]: Using databricks connection "model.walmart_project.orders_t"
[0m21:54:51.087557 [debug] [Thread-7 (]: On model.walmart_project.orders_t: /* {"app": "dbt", "dbt_version": "1.12.5", "dbt_databricks_version": "1.10.9", "databricks_sql_connector_version": "4.5.0", "profile_name": "walmart_project", "target_name": "dev", "node_id": "model.walmart_project.orders_t"} */
-- back compat for old kwarg name
  
  
  
  
  
  
      
          
          
      
  

    merge
    into
        `walmart`.`silver_t`.`orders_t` as DBT_INTERNAL_DEST
    using
        `orders_t__dbt_tmp` as DBT_INTERNAL_SOURCE
    on
        
              DBT_INTERNAL_SOURCE.order_id <=> DBT_INTERNAL_DEST.order_id
          
    when matched
        then update set
            *
    when not matched
        then insert
            *

[0m21:54:54.195407 [debug] [Thread-7 (]: SQL status: OK in 3.110 seconds
[0m21:54:54.195407 [debug] [Thread-7 (]: Databricks adapter: Cursor(session-id=01f1b6a2-1e84-192a-ade7-f7a86d19dd48, command-id=01f1b6a2-233f-1db0-a800-ebec56fca010) - Closing
[0m21:54:54.195407 [debug] [Thread-7 (]: On model.walmart_project.orders_t: Close
[0m21:54:54.195407 [debug] [Thread-7 (]: Databricks adapter: Connection(session-id=01f1b6a2-1e84-192a-ade7-f7a86d19dd48) - Closing
[0m21:54:54.515954 [debug] [Thread-7 (]: Sending event: {'category': 'dbt', 'action': 'run_model', 'label': 'b8273f37-3961-46ab-b8cc-2fe4a82784de', 'context': [<snowplow_tracker.self_describing_json.SelfDescribingJson object at 0x000001CC9740A1E0>]}
[0m21:54:54.515954 [info ] [Thread-7 (]: 5 of 8 OK created sql incremental model silver_t.orders_t ...................... [[32mOK[0m in 12.15s]
[0m21:54:54.515954 [debug] [Thread-7 (]: Finished running node model.walmart_project.orders_t
[0m21:54:54.515954 [debug] [Thread-7 (]: Began running node model.walmart_project.products_t
[0m21:54:54.524437 [info ] [Thread-7 (]: 6 of 8 START sql incremental model silver_t.products_t ......................... [RUN]
[0m21:54:54.524437 [debug] [Thread-7 (]: Databricks adapter: DatabricksDBTConnection(session-id=None, name=model.walmart_project.products_t) - Creating connection
[0m21:54:54.524437 [debug] [Thread-7 (]: Acquiring new databricks connection 'model.walmart_project.products_t'
[0m21:54:54.524437 [debug] [Thread-7 (]: Began compiling node model.walmart_project.products_t
[0m21:54:54.524437 [debug] [Thread-7 (]: Writing injected SQL for node "model.walmart_project.products_t"
[0m21:54:54.524437 [debug] [Thread-7 (]: Began executing node model.walmart_project.products_t
[0m21:54:54.532109 [debug] [Thread-7 (]: MATERIALIZING INCREMENTAL
[0m21:54:54.532109 [debug] [Thread-7 (]: Using databricks connection "model.walmart_project.products_t"
[0m21:54:54.532109 [debug] [Thread-7 (]: On model.walmart_project.products_t: /* {"app": "dbt", "dbt_version": "1.12.5", "dbt_databricks_version": "1.10.9", "databricks_sql_connector_version": "4.5.0", "profile_name": "walmart_project", "target_name": "dev", "node_id": "model.walmart_project.products_t"} */
SELECT tag_name, tag_value
  FROM `system`.`information_schema`.`table_tags`
  WHERE catalog_name = 'walmart' 
    AND schema_name = 'silver_t'
    AND table_name = 'products_t'
  
[0m21:54:54.532109 [debug] [Thread-7 (]: Opening a new connection, currently in state init
[0m21:54:57.095976 [debug] [Thread-7 (]: Databricks adapter: Connection(session-id=01f1b6a2-26a3-1fa3-b6fc-bd361f3d0ff1) - Created
[0m21:54:57.683664 [debug] [Thread-7 (]: SQL status: OK in 3.150 seconds
[0m21:54:57.699707 [debug] [Thread-7 (]: Databricks adapter: Cursor(session-id=01f1b6a2-26a3-1fa3-b6fc-bd361f3d0ff1, command-id=01f1b6a2-26d3-1b5e-99cb-2da4123aca90) - Closing
[0m21:54:57.699707 [debug] [Thread-7 (]: Using databricks connection "model.walmart_project.products_t"
[0m21:54:57.699707 [debug] [Thread-7 (]: On model.walmart_project.products_t: /* {"app": "dbt", "dbt_version": "1.12.5", "dbt_databricks_version": "1.10.9", "databricks_sql_connector_version": "4.5.0", "profile_name": "walmart_project", "target_name": "dev", "node_id": "model.walmart_project.products_t"} */
SELECT 
    column_name,
    tag_name,
    tag_value
  FROM `system`.`information_schema`.`column_tags`
  WHERE catalog_name = 'walmart'
    AND schema_name = 'silver_t'
    AND table_name = 'products_t';
  
[0m21:54:58.232555 [debug] [Thread-7 (]: SQL status: OK in 0.530 seconds
[0m21:54:58.232555 [debug] [Thread-7 (]: Databricks adapter: Cursor(session-id=01f1b6a2-26a3-1fa3-b6fc-bd361f3d0ff1, command-id=01f1b6a2-272f-197a-abcc-f55328184c73) - Closing
[0m21:54:58.240595 [debug] [Thread-7 (]: Using databricks connection "model.walmart_project.products_t"
[0m21:54:58.240595 [debug] [Thread-7 (]: On model.walmart_project.products_t: /* {"app": "dbt", "dbt_version": "1.12.5", "dbt_databricks_version": "1.10.9", "databricks_sql_connector_version": "4.5.0", "profile_name": "walmart_project", "target_name": "dev", "node_id": "model.walmart_project.products_t"} */
SELECT column_name
  FROM `walmart`.`information_schema`.`columns`
  WHERE table_catalog = 'walmart' 
    AND table_schema = 'silver_t'
    AND table_name = 'products_t'
    AND is_nullable = 'NO';
  
[0m21:54:58.938545 [debug] [Thread-7 (]: SQL status: OK in 0.700 seconds
[0m21:54:58.938545 [debug] [Thread-7 (]: Databricks adapter: Cursor(session-id=01f1b6a2-26a3-1fa3-b6fc-bd361f3d0ff1, command-id=01f1b6a2-2782-144b-9c49-24186c435d36) - Closing
[0m21:54:58.938545 [debug] [Thread-7 (]: Using databricks connection "model.walmart_project.products_t"
[0m21:54:58.938545 [debug] [Thread-7 (]: On model.walmart_project.products_t: /* {"app": "dbt", "dbt_version": "1.12.5", "dbt_databricks_version": "1.10.9", "databricks_sql_connector_version": "4.5.0", "profile_name": "walmart_project", "target_name": "dev", "node_id": "model.walmart_project.products_t"} */
SELECT kcu.constraint_name, kcu.column_name
  FROM `walmart`.information_schema.key_column_usage kcu
  WHERE kcu.table_catalog = 'walmart' 
    AND kcu.table_schema = 'silver_t'
    AND kcu.table_name = 'products_t' 
    AND kcu.constraint_name = (
      SELECT constraint_name
      FROM `walmart`.information_schema.table_constraints
      WHERE table_catalog = 'walmart'
        AND table_schema = 'silver_t'
        AND table_name = 'products_t' 
        AND constraint_type = 'PRIMARY KEY'
    )
  ORDER BY kcu.ordinal_position;
  
[0m21:54:59.923682 [debug] [Thread-7 (]: SQL status: OK in 0.990 seconds
[0m21:54:59.925432 [debug] [Thread-7 (]: Databricks adapter: Cursor(session-id=01f1b6a2-26a3-1fa3-b6fc-bd361f3d0ff1, command-id=01f1b6a2-27ed-187a-b689-687b70f434fb) - Closing
[0m21:54:59.927594 [debug] [Thread-7 (]: Using databricks connection "model.walmart_project.products_t"
[0m21:54:59.927594 [debug] [Thread-7 (]: On model.walmart_project.products_t: /* {"app": "dbt", "dbt_version": "1.12.5", "dbt_databricks_version": "1.10.9", "databricks_sql_connector_version": "4.5.0", "profile_name": "walmart_project", "target_name": "dev", "node_id": "model.walmart_project.products_t"} */
SELECT
    kcu.constraint_name,
    kcu.column_name AS from_column,
    ukcu.table_catalog AS to_catalog,
    ukcu.table_schema AS to_schema,
    ukcu.table_name AS to_table,
    ukcu.column_name AS to_column
  FROM `walmart`.information_schema.key_column_usage kcu
  JOIN `walmart`.information_schema.referential_constraints rc
    ON kcu.constraint_name = rc.constraint_name
  JOIN `walmart`.information_schema.key_column_usage ukcu
    ON rc.unique_constraint_name = ukcu.constraint_name
    AND kcu.ordinal_position = ukcu.ordinal_position
  WHERE kcu.table_catalog = 'walmart'
    AND kcu.table_schema = 'silver_t'
    AND kcu.table_name = 'products_t'
    AND kcu.constraint_name IN (
      SELECT constraint_name
      FROM `walmart`.information_schema.table_constraints
      WHERE table_catalog = 'walmart'
        AND table_schema = 'silver_t'
        AND table_name = 'products_t'
        AND constraint_type = 'FOREIGN KEY'
    )
  ORDER BY kcu.ordinal_position;
  
[0m21:55:01.215287 [debug] [Thread-7 (]: SQL status: OK in 1.290 seconds
[0m21:55:01.217293 [debug] [Thread-7 (]: Databricks adapter: Cursor(session-id=01f1b6a2-26a3-1fa3-b6fc-bd361f3d0ff1, command-id=01f1b6a2-2883-1806-a848-be9590415b03) - Closing
[0m21:55:01.217293 [debug] [Thread-7 (]: Using databricks connection "model.walmart_project.products_t"
[0m21:55:01.217293 [debug] [Thread-7 (]: On model.walmart_project.products_t: /* {"app": "dbt", "dbt_version": "1.12.5", "dbt_databricks_version": "1.10.9", "databricks_sql_connector_version": "4.5.0", "profile_name": "walmart_project", "target_name": "dev", "node_id": "model.walmart_project.products_t"} */
SELECT 
    column_name,
    mask_name,
    using_columns
  FROM `system`.`information_schema`.`column_masks`
  WHERE table_catalog = 'walmart'
    AND table_schema = 'silver_t'
    AND table_name = 'products_t';
  
[0m21:55:01.738115 [debug] [Thread-7 (]: SQL status: OK in 0.520 seconds
[0m21:55:01.754160 [debug] [Thread-7 (]: Databricks adapter: Cursor(session-id=01f1b6a2-26a3-1fa3-b6fc-bd361f3d0ff1, command-id=01f1b6a2-2948-1b40-9e13-55139e412a9e) - Closing
[0m21:55:01.754160 [debug] [Thread-7 (]: Using databricks connection "model.walmart_project.products_t"
[0m21:55:01.754160 [debug] [Thread-7 (]: On model.walmart_project.products_t: /* {"app": "dbt", "dbt_version": "1.12.5", "dbt_databricks_version": "1.10.9", "databricks_sql_connector_version": "4.5.0", "profile_name": "walmart_project", "target_name": "dev", "node_id": "model.walmart_project.products_t"} */
SHOW TBLPROPERTIES `walmart`.`silver_t`.`products_t`
  
[0m21:55:02.353466 [debug] [Thread-7 (]: SQL status: OK in 0.600 seconds
[0m21:55:02.353466 [debug] [Thread-7 (]: Databricks adapter: Cursor(session-id=01f1b6a2-26a3-1fa3-b6fc-bd361f3d0ff1, command-id=01f1b6a2-299a-1ae1-81a5-6be952d27fb0) - Closing
[0m21:55:02.361482 [debug] [Thread-7 (]: Using databricks connection "model.walmart_project.products_t"
[0m21:55:02.361482 [debug] [Thread-7 (]: On model.walmart_project.products_t: /* {"app": "dbt", "dbt_version": "1.12.5", "dbt_databricks_version": "1.10.9", "databricks_sql_connector_version": "4.5.0", "profile_name": "walmart_project", "target_name": "dev", "node_id": "model.walmart_project.products_t"} */
describe extended `walmart`.`silver_t`.`products_t`
  
[0m21:55:02.931346 [debug] [Thread-7 (]: SQL status: OK in 0.570 seconds
[0m21:55:02.931346 [debug] [Thread-7 (]: Databricks adapter: Cursor(session-id=01f1b6a2-26a3-1fa3-b6fc-bd361f3d0ff1, command-id=01f1b6a2-29f6-1c37-ba0d-18f13559c5a0) - Closing
[0m21:55:02.939555 [debug] [Thread-7 (]: Databricks adapter: Getting diff for ColumnCommentsConfig: comments={'product_id': ''} quoted={'product_id': False} persist=False and comments={'product_id': '', 'product_name': '', 'category': '', 'brand': '', 'price': '', 'created_timestamp': '', 'updated_timestamp': '', 'is_active': '', 'processed_at': '', '': ''} quoted={} persist=False
[0m21:55:02.941566 [debug] [Thread-7 (]: Using databricks connection "model.walmart_project.products_t"
[0m21:55:02.941566 [debug] [Thread-7 (]: On model.walmart_project.products_t: /* {"app": "dbt", "dbt_version": "1.12.5", "dbt_databricks_version": "1.10.9", "databricks_sql_connector_version": "4.5.0", "profile_name": "walmart_project", "target_name": "dev", "node_id": "model.walmart_project.products_t"} */

  
    create or replace temporary view `products_t__dbt_tmp` as
      SELECT 
    *,
    current_timestamp() AS processed_at
FROM 
    `walmart`.`bronze`.`products`



    WHERE updated_timestamp > (SELECT COALESCE(MAX(updated_timestamp), '1900-01-01') FROM `walmart`.`silver_t`.`products_t`)
  
[0m21:55:03.963897 [debug] [Thread-7 (]: SQL status: OK in 1.020 seconds
[0m21:55:03.963897 [debug] [Thread-7 (]: Databricks adapter: Cursor(session-id=01f1b6a2-26a3-1fa3-b6fc-bd361f3d0ff1, command-id=01f1b6a2-2a4f-1ae8-9b9a-1556be32db58) - Closing
[0m21:55:03.963897 [debug] [Thread-7 (]: Using databricks connection "model.walmart_project.products_t"
[0m21:55:03.963897 [debug] [Thread-7 (]: On model.walmart_project.products_t: /* {"app": "dbt", "dbt_version": "1.12.5", "dbt_databricks_version": "1.10.9", "databricks_sql_connector_version": "4.5.0", "profile_name": "walmart_project", "target_name": "dev", "node_id": "model.walmart_project.products_t"} */

    
  DESCRIBE TABLE EXTENDED `walmart`.`silver_t`.`products_t` AS JSON

  
[0m21:55:05.426928 [debug] [Thread-7 (]: SQL status: OK in 1.460 seconds
[0m21:55:05.435510 [debug] [Thread-7 (]: Databricks adapter: Cursor(session-id=01f1b6a2-26a3-1fa3-b6fc-bd361f3d0ff1, command-id=01f1b6a2-2aec-115e-8918-28249767cec4) - Closing
[0m21:55:05.439038 [debug] [Thread-7 (]: Using databricks connection "model.walmart_project.products_t"
[0m21:55:05.439038 [debug] [Thread-7 (]: On model.walmart_project.products_t: /* {"app": "dbt", "dbt_version": "1.12.5", "dbt_databricks_version": "1.10.9", "databricks_sql_connector_version": "4.5.0", "profile_name": "walmart_project", "target_name": "dev", "node_id": "model.walmart_project.products_t"} */

    
  DESCRIBE TABLE EXTENDED `products_t__dbt_tmp` AS JSON

  
[0m21:55:05.878401 [debug] [Thread-7 (]: SQL status: OK in 0.440 seconds
[0m21:55:05.878401 [debug] [Thread-7 (]: Databricks adapter: Cursor(session-id=01f1b6a2-26a3-1fa3-b6fc-bd361f3d0ff1, command-id=01f1b6a2-2bcc-1ef6-8d28-a730d7157058) - Closing
[0m21:55:05.878401 [debug] [Thread-7 (]: Writing runtime sql for node "model.walmart_project.products_t"
[0m21:55:05.878401 [debug] [Thread-7 (]: Using databricks connection "model.walmart_project.products_t"
[0m21:55:05.878401 [debug] [Thread-7 (]: On model.walmart_project.products_t: /* {"app": "dbt", "dbt_version": "1.12.5", "dbt_databricks_version": "1.10.9", "databricks_sql_connector_version": "4.5.0", "profile_name": "walmart_project", "target_name": "dev", "node_id": "model.walmart_project.products_t"} */
-- back compat for old kwarg name
  
  
  
  
  
  
      
          
          
      
  

    merge
    into
        `walmart`.`silver_t`.`products_t` as DBT_INTERNAL_DEST
    using
        `products_t__dbt_tmp` as DBT_INTERNAL_SOURCE
    on
        
              DBT_INTERNAL_SOURCE.product_id <=> DBT_INTERNAL_DEST.product_id
          
    when matched
        then update set
            *
    when not matched
        then insert
            *

[0m21:55:09.232481 [debug] [Thread-7 (]: SQL status: OK in 3.350 seconds
[0m21:55:09.232481 [debug] [Thread-7 (]: Databricks adapter: Cursor(session-id=01f1b6a2-26a3-1fa3-b6fc-bd361f3d0ff1, command-id=01f1b6a2-2c11-1090-ad68-e59c7a303868) - Closing
[0m21:55:09.232481 [debug] [Thread-7 (]: On model.walmart_project.products_t: Close
[0m21:55:09.232481 [debug] [Thread-7 (]: Databricks adapter: Connection(session-id=01f1b6a2-26a3-1fa3-b6fc-bd361f3d0ff1) - Closing
[0m21:55:09.544267 [debug] [Thread-7 (]: Sending event: {'category': 'dbt', 'action': 'run_model', 'label': 'b8273f37-3961-46ab-b8cc-2fe4a82784de', 'context': [<snowplow_tracker.self_describing_json.SelfDescribingJson object at 0x000001CC9740A930>]}
[0m21:55:09.546274 [info ] [Thread-7 (]: 6 of 8 OK created sql incremental model silver_t.products_t .................... [[32mOK[0m in 15.02s]
[0m21:55:09.546274 [debug] [Thread-7 (]: Finished running node model.walmart_project.products_t
[0m21:55:09.546274 [debug] [Thread-7 (]: Began running node model.walmart_project.stores_t
[0m21:55:09.546274 [info ] [Thread-7 (]: 7 of 8 START sql incremental model silver_t.stores_t ........................... [RUN]
[0m21:55:09.546274 [debug] [Thread-7 (]: Databricks adapter: DatabricksDBTConnection(session-id=None, name=model.walmart_project.stores_t) - Creating connection
[0m21:55:09.546274 [debug] [Thread-7 (]: Acquiring new databricks connection 'model.walmart_project.stores_t'
[0m21:55:09.546274 [debug] [Thread-7 (]: Began compiling node model.walmart_project.stores_t
[0m21:55:09.546274 [debug] [Thread-7 (]: Writing injected SQL for node "model.walmart_project.stores_t"
[0m21:55:09.553370 [debug] [Thread-7 (]: Began executing node model.walmart_project.stores_t
[0m21:55:09.553370 [debug] [Thread-7 (]: MATERIALIZING INCREMENTAL
[0m21:55:09.553370 [debug] [Thread-7 (]: Using databricks connection "model.walmart_project.stores_t"
[0m21:55:09.553370 [debug] [Thread-7 (]: On model.walmart_project.stores_t: /* {"app": "dbt", "dbt_version": "1.12.5", "dbt_databricks_version": "1.10.9", "databricks_sql_connector_version": "4.5.0", "profile_name": "walmart_project", "target_name": "dev", "node_id": "model.walmart_project.stores_t"} */
SELECT tag_name, tag_value
  FROM `system`.`information_schema`.`table_tags`
  WHERE catalog_name = 'walmart' 
    AND schema_name = 'silver_t'
    AND table_name = 'stores_t'
  
[0m21:55:09.553370 [debug] [Thread-7 (]: Opening a new connection, currently in state init
[0m21:55:10.627702 [debug] [Thread-7 (]: Databricks adapter: Connection(session-id=01f1b6a2-2eb7-16a9-8dd3-8696d40f89d8) - Created
[0m21:55:11.198536 [debug] [Thread-7 (]: SQL status: OK in 1.650 seconds
[0m21:55:11.200555 [debug] [Thread-7 (]: Databricks adapter: Cursor(session-id=01f1b6a2-2eb7-16a9-8dd3-8696d40f89d8, command-id=01f1b6a2-2ee5-1e67-9eff-a23b4d3ee37c) - Closing
[0m21:55:11.204354 [debug] [Thread-7 (]: Using databricks connection "model.walmart_project.stores_t"
[0m21:55:11.206370 [debug] [Thread-7 (]: On model.walmart_project.stores_t: /* {"app": "dbt", "dbt_version": "1.12.5", "dbt_databricks_version": "1.10.9", "databricks_sql_connector_version": "4.5.0", "profile_name": "walmart_project", "target_name": "dev", "node_id": "model.walmart_project.stores_t"} */
SELECT 
    column_name,
    tag_name,
    tag_value
  FROM `system`.`information_schema`.`column_tags`
  WHERE catalog_name = 'walmart'
    AND schema_name = 'silver_t'
    AND table_name = 'stores_t';
  
[0m21:55:11.736947 [debug] [Thread-7 (]: SQL status: OK in 0.530 seconds
[0m21:55:11.736947 [debug] [Thread-7 (]: Databricks adapter: Cursor(session-id=01f1b6a2-2eb7-16a9-8dd3-8696d40f89d8, command-id=01f1b6a2-2f3b-1924-ad4b-71ab9e10f5ae) - Closing
[0m21:55:11.740706 [debug] [Thread-7 (]: Using databricks connection "model.walmart_project.stores_t"
[0m21:55:11.740706 [debug] [Thread-7 (]: On model.walmart_project.stores_t: /* {"app": "dbt", "dbt_version": "1.12.5", "dbt_databricks_version": "1.10.9", "databricks_sql_connector_version": "4.5.0", "profile_name": "walmart_project", "target_name": "dev", "node_id": "model.walmart_project.stores_t"} */
SELECT column_name
  FROM `walmart`.`information_schema`.`columns`
  WHERE table_catalog = 'walmart' 
    AND table_schema = 'silver_t'
    AND table_name = 'stores_t'
    AND is_nullable = 'NO';
  
[0m21:55:12.432653 [debug] [Thread-7 (]: SQL status: OK in 0.690 seconds
[0m21:55:12.436693 [debug] [Thread-7 (]: Databricks adapter: Cursor(session-id=01f1b6a2-2eb7-16a9-8dd3-8696d40f89d8, command-id=01f1b6a2-2f8d-19db-88bf-25c945224e9c) - Closing
[0m21:55:12.436693 [debug] [Thread-7 (]: Using databricks connection "model.walmart_project.stores_t"
[0m21:55:12.436693 [debug] [Thread-7 (]: On model.walmart_project.stores_t: /* {"app": "dbt", "dbt_version": "1.12.5", "dbt_databricks_version": "1.10.9", "databricks_sql_connector_version": "4.5.0", "profile_name": "walmart_project", "target_name": "dev", "node_id": "model.walmart_project.stores_t"} */
SELECT kcu.constraint_name, kcu.column_name
  FROM `walmart`.information_schema.key_column_usage kcu
  WHERE kcu.table_catalog = 'walmart' 
    AND kcu.table_schema = 'silver_t'
    AND kcu.table_name = 'stores_t' 
    AND kcu.constraint_name = (
      SELECT constraint_name
      FROM `walmart`.information_schema.table_constraints
      WHERE table_catalog = 'walmart'
        AND table_schema = 'silver_t'
        AND table_name = 'stores_t' 
        AND constraint_type = 'PRIMARY KEY'
    )
  ORDER BY kcu.ordinal_position;
  
[0m21:55:13.236447 [debug] [Thread-7 (]: SQL status: OK in 0.800 seconds
[0m21:55:13.237058 [debug] [Thread-7 (]: Databricks adapter: Cursor(session-id=01f1b6a2-2eb7-16a9-8dd3-8696d40f89d8, command-id=01f1b6a2-2ff8-15ad-9ae0-e317efab4ca1) - Closing
[0m21:55:13.237058 [debug] [Thread-7 (]: Using databricks connection "model.walmart_project.stores_t"
[0m21:55:13.237058 [debug] [Thread-7 (]: On model.walmart_project.stores_t: /* {"app": "dbt", "dbt_version": "1.12.5", "dbt_databricks_version": "1.10.9", "databricks_sql_connector_version": "4.5.0", "profile_name": "walmart_project", "target_name": "dev", "node_id": "model.walmart_project.stores_t"} */
SELECT
    kcu.constraint_name,
    kcu.column_name AS from_column,
    ukcu.table_catalog AS to_catalog,
    ukcu.table_schema AS to_schema,
    ukcu.table_name AS to_table,
    ukcu.column_name AS to_column
  FROM `walmart`.information_schema.key_column_usage kcu
  JOIN `walmart`.information_schema.referential_constraints rc
    ON kcu.constraint_name = rc.constraint_name
  JOIN `walmart`.information_schema.key_column_usage ukcu
    ON rc.unique_constraint_name = ukcu.constraint_name
    AND kcu.ordinal_position = ukcu.ordinal_position
  WHERE kcu.table_catalog = 'walmart'
    AND kcu.table_schema = 'silver_t'
    AND kcu.table_name = 'stores_t'
    AND kcu.constraint_name IN (
      SELECT constraint_name
      FROM `walmart`.information_schema.table_constraints
      WHERE table_catalog = 'walmart'
        AND table_schema = 'silver_t'
        AND table_name = 'stores_t'
        AND constraint_type = 'FOREIGN KEY'
    )
  ORDER BY kcu.ordinal_position;
  
[0m21:55:14.390466 [debug] [Thread-7 (]: SQL status: OK in 1.150 seconds
[0m21:55:14.390466 [debug] [Thread-7 (]: Databricks adapter: Cursor(session-id=01f1b6a2-2eb7-16a9-8dd3-8696d40f89d8, command-id=01f1b6a2-3071-1c3e-855a-797a05583a44) - Closing
[0m21:55:14.390466 [debug] [Thread-7 (]: Using databricks connection "model.walmart_project.stores_t"
[0m21:55:14.390466 [debug] [Thread-7 (]: On model.walmart_project.stores_t: /* {"app": "dbt", "dbt_version": "1.12.5", "dbt_databricks_version": "1.10.9", "databricks_sql_connector_version": "4.5.0", "profile_name": "walmart_project", "target_name": "dev", "node_id": "model.walmart_project.stores_t"} */
SELECT 
    column_name,
    mask_name,
    using_columns
  FROM `system`.`information_schema`.`column_masks`
  WHERE table_catalog = 'walmart'
    AND table_schema = 'silver_t'
    AND table_name = 'stores_t';
  
[0m21:55:14.902435 [debug] [Thread-7 (]: SQL status: OK in 0.510 seconds
[0m21:55:14.911237 [debug] [Thread-7 (]: Databricks adapter: Cursor(session-id=01f1b6a2-2eb7-16a9-8dd3-8696d40f89d8, command-id=01f1b6a2-3123-1ca7-80d5-87845b63f5d0) - Closing
[0m21:55:14.913259 [debug] [Thread-7 (]: Using databricks connection "model.walmart_project.stores_t"
[0m21:55:14.915272 [debug] [Thread-7 (]: On model.walmart_project.stores_t: /* {"app": "dbt", "dbt_version": "1.12.5", "dbt_databricks_version": "1.10.9", "databricks_sql_connector_version": "4.5.0", "profile_name": "walmart_project", "target_name": "dev", "node_id": "model.walmart_project.stores_t"} */
SHOW TBLPROPERTIES `walmart`.`silver_t`.`stores_t`
  
[0m21:55:15.520908 [debug] [Thread-7 (]: SQL status: OK in 0.610 seconds
[0m21:55:15.520908 [debug] [Thread-7 (]: Databricks adapter: Cursor(session-id=01f1b6a2-2eb7-16a9-8dd3-8696d40f89d8, command-id=01f1b6a2-3171-1d3a-b93c-a0ec45444732) - Closing
[0m21:55:15.527907 [debug] [Thread-7 (]: Using databricks connection "model.walmart_project.stores_t"
[0m21:55:15.527907 [debug] [Thread-7 (]: On model.walmart_project.stores_t: /* {"app": "dbt", "dbt_version": "1.12.5", "dbt_databricks_version": "1.10.9", "databricks_sql_connector_version": "4.5.0", "profile_name": "walmart_project", "target_name": "dev", "node_id": "model.walmart_project.stores_t"} */
describe extended `walmart`.`silver_t`.`stores_t`
  
[0m21:55:16.167719 [debug] [Thread-7 (]: SQL status: OK in 0.640 seconds
[0m21:55:16.177066 [debug] [Thread-7 (]: Databricks adapter: Cursor(session-id=01f1b6a2-2eb7-16a9-8dd3-8696d40f89d8, command-id=01f1b6a2-31ce-1ecb-a70a-451b8322df67) - Closing
[0m21:55:16.179082 [debug] [Thread-7 (]: Databricks adapter: Getting diff for ColumnCommentsConfig: comments={} quoted={} persist=False and comments={'store_id': '', 'store_name': '', 'city': '', 'province': '', 'country': '', 'created_timestamp': '', 'updated_timestamp': '', 'is_active': '', 'processed_at': '', '': ''} quoted={} persist=False
[0m21:55:16.183113 [debug] [Thread-7 (]: Using databricks connection "model.walmart_project.stores_t"
[0m21:55:16.183113 [debug] [Thread-7 (]: On model.walmart_project.stores_t: /* {"app": "dbt", "dbt_version": "1.12.5", "dbt_databricks_version": "1.10.9", "databricks_sql_connector_version": "4.5.0", "profile_name": "walmart_project", "target_name": "dev", "node_id": "model.walmart_project.stores_t"} */

  
    create or replace temporary view `stores_t__dbt_tmp` as
      SELECT 
    *,
    current_timestamp() AS processed_at
FROM 
    `walmart`.`bronze`.`stores`



    WHERE updated_timestamp > (SELECT COALESCE(MAX(updated_timestamp), '1900-01-01') FROM `walmart`.`silver_t`.`stores_t`)
  
[0m21:55:17.171904 [debug] [Thread-7 (]: SQL status: OK in 0.990 seconds
[0m21:55:17.171904 [debug] [Thread-7 (]: Databricks adapter: Cursor(session-id=01f1b6a2-2eb7-16a9-8dd3-8696d40f89d8, command-id=01f1b6a2-3233-10b3-96b8-74958b1e5b39) - Closing
[0m21:55:17.171904 [debug] [Thread-7 (]: Using databricks connection "model.walmart_project.stores_t"
[0m21:55:17.171904 [debug] [Thread-7 (]: On model.walmart_project.stores_t: /* {"app": "dbt", "dbt_version": "1.12.5", "dbt_databricks_version": "1.10.9", "databricks_sql_connector_version": "4.5.0", "profile_name": "walmart_project", "target_name": "dev", "node_id": "model.walmart_project.stores_t"} */

    
  DESCRIBE TABLE EXTENDED `walmart`.`silver_t`.`stores_t` AS JSON

  
[0m21:55:17.727253 [debug] [Thread-7 (]: SQL status: OK in 0.560 seconds
[0m21:55:17.729261 [debug] [Thread-7 (]: Databricks adapter: Cursor(session-id=01f1b6a2-2eb7-16a9-8dd3-8696d40f89d8, command-id=01f1b6a2-32cc-1208-a8c4-970b04cc58bf) - Closing
[0m21:55:17.732430 [debug] [Thread-7 (]: Using databricks connection "model.walmart_project.stores_t"
[0m21:55:17.732430 [debug] [Thread-7 (]: On model.walmart_project.stores_t: /* {"app": "dbt", "dbt_version": "1.12.5", "dbt_databricks_version": "1.10.9", "databricks_sql_connector_version": "4.5.0", "profile_name": "walmart_project", "target_name": "dev", "node_id": "model.walmart_project.stores_t"} */

    
  DESCRIBE TABLE EXTENDED `stores_t__dbt_tmp` AS JSON

  
[0m21:55:18.104070 [debug] [Thread-7 (]: SQL status: OK in 0.370 seconds
[0m21:55:18.112087 [debug] [Thread-7 (]: Databricks adapter: Cursor(session-id=01f1b6a2-2eb7-16a9-8dd3-8696d40f89d8, command-id=01f1b6a2-3320-125c-ab0d-385226abf68c) - Closing
[0m21:55:18.114097 [debug] [Thread-7 (]: Writing runtime sql for node "model.walmart_project.stores_t"
[0m21:55:18.115104 [debug] [Thread-7 (]: Using databricks connection "model.walmart_project.stores_t"
[0m21:55:18.115104 [debug] [Thread-7 (]: On model.walmart_project.stores_t: /* {"app": "dbt", "dbt_version": "1.12.5", "dbt_databricks_version": "1.10.9", "databricks_sql_connector_version": "4.5.0", "profile_name": "walmart_project", "target_name": "dev", "node_id": "model.walmart_project.stores_t"} */
-- back compat for old kwarg name
  
  
  
  
  
  
      
          
          
      
  

    merge
    into
        `walmart`.`silver_t`.`stores_t` as DBT_INTERNAL_DEST
    using
        `stores_t__dbt_tmp` as DBT_INTERNAL_SOURCE
    on
        
              DBT_INTERNAL_SOURCE.store_id <=> DBT_INTERNAL_DEST.store_id
          
    when matched
        then update set
            *
    when not matched
        then insert
            *

[0m21:55:21.561107 [debug] [Thread-7 (]: SQL status: OK in 3.450 seconds
[0m21:55:21.561107 [debug] [Thread-7 (]: Databricks adapter: Cursor(session-id=01f1b6a2-2eb7-16a9-8dd3-8696d40f89d8, command-id=01f1b6a2-335a-1547-9ec4-dbe56d3306f9) - Closing
[0m21:55:21.561107 [debug] [Thread-7 (]: On model.walmart_project.stores_t: Close
[0m21:55:21.561107 [debug] [Thread-7 (]: Databricks adapter: Connection(session-id=01f1b6a2-2eb7-16a9-8dd3-8696d40f89d8) - Closing
[0m21:55:21.881600 [debug] [Thread-7 (]: Sending event: {'category': 'dbt', 'action': 'run_model', 'label': 'b8273f37-3961-46ab-b8cc-2fe4a82784de', 'context': [<snowplow_tracker.self_describing_json.SelfDescribingJson object at 0x000001CC8A59BD40>]}
[0m21:55:21.881600 [info ] [Thread-7 (]: 7 of 8 OK created sql incremental model silver_t.stores_t ...................... [[32mOK[0m in 12.34s]
[0m21:55:21.881600 [debug] [Thread-7 (]: Finished running node model.walmart_project.stores_t
[0m21:55:21.881600 [debug] [Thread-7 (]: Began running node model.walmart_project.eph_customers
[0m21:55:21.881600 [debug] [Thread-7 (]: Databricks adapter: DatabricksDBTConnection(session-id=None, name=model.walmart_project.eph_customers) - Creating connection
[0m21:55:21.881600 [debug] [Thread-7 (]: Acquiring new databricks connection 'model.walmart_project.eph_customers'
[0m21:55:21.892100 [debug] [Thread-7 (]: Began compiling node model.walmart_project.eph_customers
[0m21:55:21.892100 [debug] [Thread-7 (]: Writing injected SQL for node "model.walmart_project.eph_customers"
[0m21:55:21.978154 [debug] [Thread-7 (]: Finished running node model.walmart_project.eph_customers
[0m21:55:21.980646 [debug] [Thread-7 (]: Began running node model.walmart_project.eph_employees
[0m21:55:21.980646 [debug] [Thread-7 (]: Databricks adapter: DatabricksDBTConnection(session-id=None, name=model.walmart_project.eph_employees) - Creating connection
[0m21:55:21.980646 [debug] [Thread-7 (]: Acquiring new databricks connection 'model.walmart_project.eph_employees'
[0m21:55:21.980646 [debug] [Thread-7 (]: Began compiling node model.walmart_project.eph_employees
[0m21:55:21.988072 [debug] [Thread-7 (]: Writing injected SQL for node "model.walmart_project.eph_employees"
[0m21:55:21.998022 [debug] [Thread-7 (]: Finished running node model.walmart_project.eph_employees
[0m21:55:21.999797 [debug] [Thread-7 (]: Began running node model.walmart_project.eph_orders
[0m21:55:21.999797 [debug] [Thread-7 (]: Databricks adapter: DatabricksDBTConnection(session-id=None, name=model.walmart_project.eph_orders) - Creating connection
[0m21:55:21.999797 [debug] [Thread-7 (]: Acquiring new databricks connection 'model.walmart_project.eph_orders'
[0m21:55:21.999797 [debug] [Thread-7 (]: Began compiling node model.walmart_project.eph_orders
[0m21:55:21.999797 [debug] [Thread-7 (]: Writing injected SQL for node "model.walmart_project.eph_orders"
[0m21:55:22.009946 [debug] [Thread-7 (]: Finished running node model.walmart_project.eph_orders
[0m21:55:22.009946 [debug] [Thread-7 (]: Began running node model.walmart_project.eph_products
[0m21:55:22.009946 [debug] [Thread-7 (]: Databricks adapter: DatabricksDBTConnection(session-id=None, name=model.walmart_project.eph_products) - Creating connection
[0m21:55:22.009946 [debug] [Thread-7 (]: Acquiring new databricks connection 'model.walmart_project.eph_products'
[0m21:55:22.009946 [debug] [Thread-7 (]: Began compiling node model.walmart_project.eph_products
[0m21:55:22.009946 [debug] [Thread-7 (]: Writing injected SQL for node "model.walmart_project.eph_products"
[0m21:55:22.009946 [debug] [Thread-7 (]: Finished running node model.walmart_project.eph_products
[0m21:55:22.009946 [debug] [Thread-7 (]: Began running node model.walmart_project.eph_stores
[0m21:55:22.009946 [debug] [Thread-7 (]: Databricks adapter: DatabricksDBTConnection(session-id=None, name=model.walmart_project.eph_stores) - Creating connection
[0m21:55:22.009946 [debug] [Thread-7 (]: Acquiring new databricks connection 'model.walmart_project.eph_stores'
[0m21:55:22.009946 [debug] [Thread-7 (]: Began compiling node model.walmart_project.eph_stores
[0m21:55:22.009946 [debug] [Thread-7 (]: Writing injected SQL for node "model.walmart_project.eph_stores"
[0m21:55:22.009946 [debug] [Thread-7 (]: Finished running node model.walmart_project.eph_stores
[0m21:55:22.009946 [debug] [Thread-7 (]: Began running node model.walmart_project.fact_orders
[0m21:55:22.009946 [info ] [Thread-7 (]: 8 of 8 START sql table model gold.fact_orders .................................. [RUN]
[0m21:55:22.009946 [debug] [Thread-7 (]: Databricks adapter: DatabricksDBTConnection(session-id=None, name=model.walmart_project.fact_orders) - Creating connection
[0m21:55:22.009946 [debug] [Thread-7 (]: Acquiring new databricks connection 'model.walmart_project.fact_orders'
[0m21:55:22.025693 [debug] [Thread-7 (]: Began compiling node model.walmart_project.fact_orders
[0m21:55:22.027704 [debug] [Thread-7 (]: Writing injected SQL for node "model.walmart_project.fact_orders"
[0m21:55:22.033772 [debug] [Thread-7 (]: Began executing node model.walmart_project.fact_orders
[0m21:55:22.037409 [debug] [Thread-7 (]: MATERIALIZING TABLE
[0m21:55:22.037409 [debug] [Thread-7 (]: Writing runtime sql for node "model.walmart_project.fact_orders"
[0m21:55:22.041857 [debug] [Thread-7 (]: Using databricks connection "model.walmart_project.fact_orders"
[0m21:55:22.041857 [debug] [Thread-7 (]: On model.walmart_project.fact_orders: /* {"app": "dbt", "dbt_version": "1.12.5", "dbt_databricks_version": "1.10.9", "databricks_sql_connector_version": "4.5.0", "profile_name": "walmart_project", "target_name": "dev", "node_id": "model.walmart_project.fact_orders"} */

  
    
        create or replace table `walmart`.`gold`.`fact_orders`
      
      
  using delta
      
      
      
      
      
      
      
      as
      SELECT 
    order_id,
    order_item_id,
    product_id,
    store_id,
    employee_id,
    customer_id,
    total_amount,
    quantity,
    unit_price,
    line_amount
FROM 
    `walmart`.`silver_b`.`obt_b`
  
[0m21:55:22.056947 [debug] [Thread-7 (]: Opening a new connection, currently in state init
[0m21:55:23.145748 [debug] [Thread-7 (]: Databricks adapter: Connection(session-id=01f1b6a2-362c-15a5-bf59-fe468073adda) - Created
[0m21:55:26.755238 [debug] [Thread-7 (]: SQL status: OK in 4.700 seconds
[0m21:55:26.755238 [debug] [Thread-7 (]: Databricks adapter: Cursor(session-id=01f1b6a2-362c-15a5-bf59-fe468073adda, command-id=01f1b6a2-365a-10de-8fcb-26b055b4abe2) - Closing
[0m21:55:26.755238 [debug] [Thread-7 (]: Applying tags to relation None
[0m21:55:26.755238 [debug] [Thread-7 (]: On model.walmart_project.fact_orders: Close
[0m21:55:26.755238 [debug] [Thread-7 (]: Databricks adapter: Connection(session-id=01f1b6a2-362c-15a5-bf59-fe468073adda) - Closing
[0m21:55:27.065991 [debug] [Thread-7 (]: Sending event: {'category': 'dbt', 'action': 'run_model', 'label': 'b8273f37-3961-46ab-b8cc-2fe4a82784de', 'context': [<snowplow_tracker.self_describing_json.SelfDescribingJson object at 0x000001CC97B3F530>]}
[0m21:55:27.068011 [info ] [Thread-7 (]: 8 of 8 OK created sql table model gold.fact_orders ............................. [[32mOK[0m in 5.05s]
[0m21:55:27.068011 [debug] [Thread-7 (]: Finished running node model.walmart_project.fact_orders
[0m21:55:27.068011 [debug] [MainThread]: Databricks adapter: DatabricksDBTConnection(session-id=None, name=master) - Creating connection
[0m21:55:27.068011 [debug] [MainThread]: Acquiring new databricks connection 'master'
[0m21:55:27.073095 [info ] [MainThread]: 
[0m21:55:27.073095 [info ] [MainThread]: Finished running 6 incremental models, 2 table models in 0 hours 2 minutes and 2.79 seconds (122.79s).
[0m21:55:27.075103 [debug] [MainThread]: Command end result
[0m21:55:27.115674 [debug] [MainThread]: Wrote artifact WritableManifest to D:\Data-Engineering-Projects\Walmart_Project\data_project_dbt\walmart_project\target\manifest.json
[0m21:55:27.121601 [debug] [MainThread]: Wrote artifact SemanticManifest to D:\Data-Engineering-Projects\Walmart_Project\data_project_dbt\walmart_project\target\semantic_manifest.json
[0m21:55:27.125866 [debug] [MainThread]: Wrote artifact OsiDocument to D:\Data-Engineering-Projects\Walmart_Project\data_project_dbt\walmart_project\target\osi_document.json
[0m21:55:27.132819 [debug] [MainThread]: Wrote artifact RunExecutionResult to D:\Data-Engineering-Projects\Walmart_Project\data_project_dbt\walmart_project\target\run_results.json
[0m21:55:27.134173 [info ] [MainThread]: 
[0m21:55:27.134173 [info ] [MainThread]: [32mCompleted successfully[0m
[0m21:55:27.134173 [info ] [MainThread]: 
[0m21:55:27.134173 [info ] [MainThread]: Done. PASS=8 WARN=0 ERROR=0 SKIP=0 NO-OP=0 REUSED=0 TOTAL=8
[0m21:55:27.134173 [debug] [MainThread]: Command `dbt run` succeeded at 21:55:27.134173 after 143.13 seconds
[0m21:55:27.137614 [debug] [MainThread]: Sending event: {'category': 'dbt', 'action': 'invocation', 'label': 'end', 'context': [<snowplow_tracker.self_describing_json.SelfDescribingJson object at 0x000001CC89F2D7C0>, <snowplow_tracker.self_describing_json.SelfDescribingJson object at 0x000001CC89487380>, <snowplow_tracker.self_describing_json.SelfDescribingJson object at 0x000001CC89FFA5A0>]}
[0m21:55:27.137614 [debug] [MainThread]: Flushing usage events
[0m21:55:28.368011 [debug] [MainThread]: An error was encountered while trying to flush usage events
[0m12:00:18.254120 [debug] [MainThread]: Sending event: {'category': 'dbt', 'action': 'invocation', 'label': 'start', 'context': [<snowplow_tracker.self_describing_json.SelfDescribingJson object at 0x0000021BE8C5A3F0>, <snowplow_tracker.self_describing_json.SelfDescribingJson object at 0x0000021BE8C5BE00>, <snowplow_tracker.self_describing_json.SelfDescribingJson object at 0x0000021BE8C59E80>]}


============================== 12:00:18.262213 | 78fbd31c-7100-470d-80f6-b12e7770ab8c ==============================
[0m12:00:18.262213 [info ] [MainThread]: Running with dbt=1.12.5
[0m12:00:18.285469 [debug] [MainThread]: running dbt with arguments {'static_parser': 'True', 'no_print': 'None', 'maximum_seed_size_mib': '1', 'target_path': 'None', 'warn_error_options': 'WarnErrorOptionsV2(error=[], warn=[], silence=[])', 'version_check': 'True', 'printer_width': '80', 'write_json': 'True', 'empty': 'None', 'log_cache_events': 'False', 'introspect': 'True', 'cache_selected_only': 'False', 'fail_fast': 'False', 'debug': 'False', 'log_format': 'default', 'profiles_dir': 'd:\\Data-Engineering-Projects\\Walmart_Project\\data_project_dbt\\walmart_project', 'send_anonymous_usage_stats': 'True', 'quiet': 'False', 'warn_error': 'None', 'partial_parse': 'True', 'use_colors': 'True', 'hints_enabled': 'True', 'invocation_command': 'dbt ', 'use_experimental_parser': 'False', 'indirect_selection': 'eager', 'log_path': 'd:\\Data-Engineering-Projects\\Walmart_Project\\data_project_dbt\\walmart_project\\logs'}
[0m12:00:18.616370 [debug] [MainThread]: Sending event: {'category': 'dbt', 'action': 'project_id', 'label': '78fbd31c-7100-470d-80f6-b12e7770ab8c', 'context': [<snowplow_tracker.self_describing_json.SelfDescribingJson object at 0x0000021BEAAA3860>]}
[0m12:00:18.927509 [info ] [MainThread]: Warning: No packages were found in packages.yml
[0m12:00:18.932537 [info ] [MainThread]: Warning: No packages were found in packages.yml
[0m12:00:18.935648 [debug] [MainThread]: Command `cli deps` succeeded at 12:00:18.934241 after 1.29 seconds
[0m12:00:18.935648 [debug] [MainThread]: Sending event: {'category': 'dbt', 'action': 'invocation', 'label': 'end', 'context': [<snowplow_tracker.self_describing_json.SelfDescribingJson object at 0x0000021BE8B638C0>, <snowplow_tracker.self_describing_json.SelfDescribingJson object at 0x0000021BE697A030>, <snowplow_tracker.self_describing_json.SelfDescribingJson object at 0x0000021BEA87CCE0>]}
[0m12:00:18.936653 [debug] [MainThread]: Flushing usage events
[0m12:00:20.795486 [debug] [MainThread]: An error was encountered while trying to flush usage events
